样本名称,样本编号,图像尺寸(px),真实髓心X,真实髓心Y,髓心在图块内,距髓心距离(px),角度跨度(度),年轮数,年轮采样点数,A_独立圆拟合_误差(px),B_线性同心回归_误差(px),H1_置信度选择_误差(px)
T0_B1_N27_A_s1000_n0,T0_B1_N27_A,1000,-1064,1088,False,1670.88,41.4,14,1010,639.7941906245635,725.4915005402661,639.7941906245635
T0_B1_N27_A_s1000_n1,T0_B1_N27_A,1000,909,330,True,442.92,338.7,10,739,1.9378742000337423,32.13853113452026,1.9378742000337228
T0_B1_N27_A_s1000_n2,T0_B1_N27_A,1000,799,1590,False,1130.27,68.7,18,860,1756.3739359838858,276.75755266508014,276.75755266508014
T0_B1_N27_A_s1000_n3,T0_B1_N27_A,1000,310,-9,False,543.31,172.9,10,640,3.16055509149503,54.31333285219469,3.16055509149503
T0_B1_N27_A_s1000_n4,T0_B1_N27_A,1000,1311,63,False,921.24,78.7,16,830,149.67953273099928,30.7318217873725,149.67953273099928
T0_B1_N27_A_s1000_n5,T0_B1_N27_A,1000,-1043,1997,False,2149.85,23.5,9,355,710.3326074888726,287.8068208108283,710.3326074888726
T0_B1_N27_A_s1000_n6,T0_B1_N27_A,1000,-250,765,False,795.44,103.4,10,593,97.4882834771698,125.19924497401776,97.4882834771698
T0_B1_N27_A_s1000_n7,T0_B1_N27_A,1000,-514,-1177,False,1959.73,24.6,9,430,133.06011788908924,211.60721047705428,133.06011788908907
T0_B1_N27_A_s1200_n0,T0_B1_N27_A,1200,925,331,True,421.88,356.9,12,1041,1.9378742000330929,26.42404348290822,1.937874200033027
T0_B1_N27_A_s1200_n1,T0_B1_N27_A,1200,1810,1402,False,1451.66,57.8,17,1301,120.57031897885028,387.5086356958922,120.57031897885028
T0_B1_N27_A_s1200_n2,T0_B1_N27_A,1200,-696,462,False,1303.33,76.3,17,1560,126.90477492474686,363.5583516553209,126.90477492474686
T0_B1_N27_A_s1200_n3,T0_B1_N27_A,1200,952,1984,False,1428.06,61.7,16,1234,89.1280208904777,203.21180775811345,89.1280208904777
T0_B1_N27_A_s1200_n4,T0_B1_N27_A,1200,904,-158,False,816.69,133.1,20,1090,1584.4421902143306,63.03794717536988,1584.4421902143306
T0_B1_N27_A_s1200_n5,T0_B1_N27_A,1200,1762,1479,False,1457.01,58.9,17,1341,151.30177381810915,194.70030205830372,151.30177381810915
T0_B1_N27_A_s1200_n6,T0_B1_N27_A,1200,389,-413,False,1034.74,99.3,18,1400,199.5355270329566,172.84245542149023,199.5355270329566
T0_B1_N27_A_s1200_n7,T0_B1_N27_A,1200,-348,77,False,1082.7,81.3,19,1429,93.78130438349308,133.10633720163142,133.10633720163142
T0_B1_N27_A_s400_n0,T0_B1_N27_A,400,-295,257,False,498.27,54.7,2,61,30.518906751169965,61.846929343672784,30.518906751169958
T0_B1_N27_A_s400_n1,T0_B1_N27_A,400,354,832,False,650.49,40.0,3,108,946.6935089573532,65.19268664809397,65.19268664809402
T0_B1_N27_A_s400_n2,T0_B1_N27_A,400,259,-367,False,570.06,44.2,4,82,628.4589749182414,106.5851702107332,628.4589749182414
T0_B1_N27_A_s400_n3,T0_B1_N27_A,400,295,238,True,102.32,338.7,3,158,1.937874200175551,6.719406512556757,1.937874200175528
T0_B1_N27_A_s400_n4,T0_B1_N27_A,400,944,267,False,747.01,31.2,4,113,89.45188792155831,52.68884444911761,89.4518879215583
T0_B1_N27_A_s400_n5,T0_B1_N27_A,400,-86,1981,False,1803.82,13.4,5,128,1561.7919203547117,1806.489463636733,1561.7919203547117
T0_B1_N27_A_s400_n6,T0_B1_N27_A,400,998,-225,False,904.12,29.1,5,113,602.3589614011365,125.23956800584298,602.3589614011365
T0_B1_N27_A_s400_n7,T0_B1_N27_A,400,387,1702,False,1513.6,15.8,11,289,496.84253640384753,616.314738133979,616.314738133979
T0_B1_N27_A_s600_n0,T0_B1_N27_A,600,1023,41,False,767.99,53.1,7,243,1056.3499510244433,89.08211664040864,1056.3499510244433
T0_B1_N27_A_s600_n1,T0_B1_N27_A,600,-24,-954,False,1295.18,32.1,14,449,117.26464139763492,180.47730258335827,117.26464139763492
T0_B1_N27_A_s600_n2,T0_B1_N27_A,600,423,-183,False,498.42,98.8,5,237,23.6812227659719,41.32820747475565,23.681222765971896
T0_B1_N27_A_s600_n3,T0_B1_N27_A,600,-424,-200,False,879.87,47.5,7,257,90.82767254252444,97.60989941970604,90.82767254252444
T0_B1_N27_A_s600_n4,T0_B1_N27_A,600,843,-1295,False,1684.9,23.8,9,399,705.9312402345504,735.2759678166695,705.9312402345504
T0_B1_N27_A_s600_n5,T0_B1_N27_A,600,100,387,True,218.1,337.2,4,258,1.937874199927472,21.35224610514757,1.93787419992748
T0_B1_N27_A_s600_n6,T0_B1_N27_A,600,-203,-475,False,923.92,45.8,8,208,331.08652008923025,86.04960186570985,86.04960186570985
T0_B1_N27_A_s600_n7,T0_B1_N27_A,600,-793,1367,False,1527.46,30.6,14,369,1127.6594916868862,583.276379863348,1127.6594916868862
T0_B1_N27_A_s800_n0,T0_B1_N27_A,800,20,-1149,False,1594.93,34.1,11,602,44.39019512763445,60.58537444092519,44.39019512763432
T0_B1_N27_A_s800_n1,T0_B1_N27_A,800,322,211,True,204.46,356.7,6,470,1.93787420026898,31.383238890287423,1.9378742002690037
T0_B1_N27_A_s800_n2,T0_B1_N27_A,800,692,117,True,406.64,338.7,8,474,1.9378742002910565,35.006373848985966,1.937874200291068
T0_B1_N27_A_s800_n3,T0_B1_N27_A,800,920,1547,False,1259.37,44.2,16,615,967.5284295537,407.67140418230326,967.5284295537
T0_B1_N27_A_s800_n4,T0_B1_N27_A,800,978,219,False,605.68,113.2,8,433,39.245556209519066,41.8407894205855,39.24555620951908
T0_B1_N27_A_s800_n5,T0_B1_N27_A,800,-348,-68,False,882.34,62.0,9,427,78.83648240418826,101.56488907747378,78.83648240418826
T0_B1_N27_A_s800_n6,T0_B1_N27_A,800,-367,-206,False,977.51,57.9,12,435,701.1323087606802,107.15674071443712,107.15674071443712
T0_B1_N27_A_s800_n7,T0_B1_N27_A,800,320,-327,False,731.39,89.7,8,383,56.83041764155098,52.4080219422938,56.83041764155104
T0_B1_N27_ADAP_s1000_n0,T0_B1_N27_ADAP,1000,620,501,True,120.0,357.8,6,782,9.445161853422814,34.7839132842416,9.445161853422814
T0_B1_N27_ADAP_s1000_n1,T0_B1_N27_ADAP,1000,1028,891,False,657.01,154.8,12,999,14.474218009952514,108.04999579685656,14.474218009952514
T0_B1_N27_ADAP_s1000_n2,T0_B1_N27_ADAP,1000,1557,-660,False,1569.35,43.1,15,1248,270.8368709439482,25.54177824164861,270.8368709439482
T0_B1_N27_ADAP_s1000_n3,T0_B1_N27_ADAP,1000,98,1274,False,872.17,87.6,19,1067,1512.3502217390658,83.47903508761718,1512.3502217390658
T0_B1_N27_ADAP_s1000_n4,T0_B1_N27_ADAP,1000,1223,1246,False,1038.87,66.5,18,1374,93.1938293698814,90.82016211646794,93.19382936988164
T0_B1_N27_ADAP_s1000_n5,T0_B1_N27_ADAP,1000,-119,-916,False,1545.39,45.6,14,1557,186.7557734919348,147.95683230784536,186.7557734919348
T0_B1_N27_ADAP_s1000_n6,T0_B1_N27_ADAP,1000,190,632,True,336.93,354.2,9,874,9.445161853387692,54.76010512416535,9.445161853387692
T0_B1_N27_ADAP_s1000_n7,T0_B1_N27_ADAP,1000,734,1656,False,1179.45,66.0,16,1613,93.62489534182708,123.08993275863904,93.62489534182708
T0_B1_N27_ADAP_s1200_n0,T0_B1_N27_ADAP,1200,1383,185,False,886.18,108.7,20,1893,12.601757959461136,38.09259896299226,12.601757959461136
T0_B1_N27_ADAP_s1200_n1,T0_B1_N27_ADAP,1200,-491,707,False,1096.23,95.3,18,2370,111.94684042469996,109.6679729008776,111.94684042469996
T0_B1_N27_ADAP_s1200_n2,T0_B1_N27_ADAP,1200,-81,1574,False,1188.46,70.2,18,2169,72.74659396697673,81.24188096208633,72.74659396697673
T0_B1_N27_ADAP_s1200_n3,T0_B1_N27_ADAP,1200,-540,752,False,1150.09,88.8,17,2283,105.82658993465466,108.92712390679466,105.82658993465466
T0_B1_N27_ADAP_s1200_n4,T0_B1_N27_ADAP,1200,102,571,True,498.84,354.2,12,1384,9.445161853382688,77.25038224937883,9.445161853382688
T0_B1_N27_ADAP_s1200_n5,T0_B1_N27_ADAP,1200,592,61,True,539.06,327.7,11,1261,9.377687466532183,23.14435700824893,9.377687466532183
T0_B1_N27_ADAP_s1200_n6,T0_B1_N27_ADAP,1200,391,198,True,453.08,356.6,12,1314,12.032037210099622,45.3998064396082,12.032037210099602
T0_B1_N27_ADAP_s1200_n7,T0_B1_N27_ADAP,1200,-540,-281,False,1440.75,59.2,17,2509,253.15819190203464,232.8346164384404,253.15819190203464
T0_B1_N27_ADAP_s400_n0,T0_B1_N27_ADAP,400,100,-253,False,463.91,56.3,3,83,138.17930243338097,91.61196413114328,138.17930243338105
T0_B1_N27_ADAP_s400_n1,T0_B1_N27_ADAP,400,309,-51,False,273.65,112.4,3,116,11.12451552503578,36.93194003977542,11.12451552503578
T0_B1_N27_ADAP_s400_n2,T0_B1_N27_ADAP,400,112,-596,False,800.85,34.7,4,134,15.847942750854155,171.01048642236267,15.847942750854155
T0_B1_N27_ADAP_s400_n3,T0_B1_N27_ADAP,400,-1189,158,False,1389.63,17.6,10,489,592.8137182221454,610.6114516884028,592.8137182221454
T0_B1_N27_ADAP_s400_n4,T0_B1_N27_ADAP,400,455,741,False,598.09,42.4,3,120,73.19915714225795,120.67154383108384,73.19915714225795
T0_B1_N27_ADAP_s400_n5,T0_B1_N27_ADAP,400,-761,-986,False,1526.47,20.1,10,653,1289.902719776488,640.2120424713986,640.2120424713986
T0_B1_N27_ADAP_s400_n6,T0_B1_N27_ADAP,400,260,-430,False,632.85,40.8,3,91,114.38661902343571,147.90620384763318,114.38661902343571
T0_B1_N27_ADAP_s400_n7,T0_B1_N27_ADAP,400,-126,-172,False,494.63,56.6,3,79,104.30466654064242,68.38240093556014,104.3046665406424
T0_B1_N27_ADAP_s600_n1,T0_B1_N27_ADAP,600,655,105,False,405.03,117.1,6,257,12.198737618592627,24.353505460092897,12.198737618592624
T0_B1_N27_ADAP_s600_n2,T0_B1_N27_ADAP,600,-216,-14,False,604.03,65.9,6,279,951.4243865649272,106.83004775330171,951.4243865649272
T0_B1_N27_ADAP_s600_n3,T0_B1_N27_ADAP,600,779,-1149,False,1526.12,26.7,10,691,130.7863887981468,91.19845564848448,130.7863887981468
T0_B1_N27_ADAP_s600_n4,T0_B1_N27_ADAP,600,-56,1465,False,1218.18,34.2,14,661,120.38397456127868,185.87504113194515,120.38397456127868
T0_B1_N27_ADAP_s600_n5,T0_B1_N27_ADAP,600,-114,594,False,507.77,78.3,7,313,46.66803436840621,92.3151067043997,46.66803436840621
T0_B1_N27_ADAP_s600_n7,T0_B1_N27_ADAP,600,659,-688,False,1051.2,39.5,10,406,229.64081428468728,15.155576469395326,229.6408142846872
T0_B1_N27_ADAP_s800_n0,T0_B1_N27_ADAP,800,652,1707,False,1331.07,42.3,13,1052,129.330812563319,223.63377574490363,129.330812563319
T0_B1_N27_ADAP_s800_n1,T0_B1_N27_ADAP,800,-17,-30,False,598.99,85.8,10,528,9.908026542853092,70.7647750905278,70.7647750905278
T0_B1_N27_ADAP_s800_n2,T0_B1_N27_ADAP,800,248,390,True,152.33,356.7,5,519,9.445161853542029,35.27654821014328,9.445161853542002
T0_B1_N27_ADAP_s800_n3,T0_B1_N27_ADAP,800,-435,-141,False,994.94,56.7,15,867,1538.1314128797765,239.4786399768418,1538.1314128797765
T0_B1_N27_ADAP_s800_n4,T0_B1_N27_ADAP,800,891,1664,False,1356.02,40.0,14,1079,197.50041712960532,245.94946916218447,197.50041712960535
T0_B1_N27_ADAP_s800_n5,T0_B1_N27_ADAP,800,135,-738,False,1168.45,50.6,16,1061,61.92231283231851,143.94808205169176,61.92231283231851
T0_B1_N27_ADAP_s800_n6,T0_B1_N27_ADAP,800,-705,574,False,1118.62,54.2,16,1379,158.4518789857552,176.39151431500002,158.4518789857552
T0_B1_N27_ADAP_s800_n7,T0_B1_N27_ADAP,800,72,470,True,335.39,321.4,7,545,9.336811342329586,48.27451348255798,9.33681134232956
T0_B1_N27_B_s1000_n0,T0_B1_N27_B,1000,-445,978,False,1059.01,65.9,14,769,1565.8362697567643,252.62725214694825,1565.8362697567643
T0_B1_N27_B_s1000_n1,T0_B1_N27_B,1000,-38,1869,False,1470.92,47.7,15,1636,407.6790741762432,292.21345802041003,407.6790741762432
T0_B1_N27_B_s1000_n2,T0_B1_N27_B,1000,387,190,True,329.95,347.4,6,572,35.70499561161006,46.229911076269545,35.70499561161006
T0_B1_N27_B_s1000_n3,T0_B1_N27_B,1000,-633,-284,False,1377.8,52.1,16,1538,99.74680556543365,192.89416190733107,99.74680556543365
T0_B1_N27_B_s1000_n4,T0_B1_N27_B,1000,766,-832,False,1358.3,55.2,15,1343,215.1495205106997,135.96663053033632,215.1495205106997
T0_B1_N27_B_s1000_n5,T0_B1_N27_B,1000,-229,562,False,731.63,115.7,9,687,80.92496513738583,24.740778750259192,80.92496513738583
T0_B1_N27_B_s1000_n6,T0_B1_N27_B,1000,694,-495,False,1013.74,81.0,13,805,196.7621152341721,56.74574692527374,196.7621152341721
T0_B1_N27_B_s1000_n7,T0_B1_N27_B,1000,776,234,True,383.32,347.4,6,542,22.929110561617414,16.419563086606974,22.929110561617414
T0_B1_N27_B_s1200_n0,T0_B1_N27_B,1200,526,-19,False,623.41,173.4,11,954,31.1325953263683,16.825802407667314,31.1325953263683
T0_B1_N27_B_s1200_n1,T0_B1_N27_B,1200,607,-611,False,1211.02,81.1,17,1754,105.28464620222748,124.65164057353913,105.28464620222748
T0_B1_N27_B_s1200_n2,T0_B1_N27_B,1200,1775,667,False,1176.91,86.6,17,1800,71.23149788732546,80.78157256194227,71.23149788732546
T0_B1_N27_B_s1200_n3,T0_B1_N27_B,1200,1785,296,False,1223.37,82.3,17,1820,120.14560638595026,185.1836663187309,120.14560638595024
T0_B1_N27_B_s1200_n4,T0_B1_N27_B,1200,-114,-13,False,941.04,83.0,19,1250,1782.531805657139,147.36209914146207,1782.531805657139
T0_B1_N27_B_s1200_n5,T0_B1_N27_B,1200,1589,1042,False,1083.28,84.7,18,1358,254.00820456676857,224.3706957086048,254.00820456676857
T0_B1_N27_B_s1200_n6,T0_B1_N27_B,1200,1681,1429,False,1362.28,62.1,17,1889,90.09766582303378,139.20360448852168,90.097665823034
T0_B1_N27_B_s1200_n7,T0_B1_N27_B,1200,1750,466,False,1157.78,84.1,17,1619,238.5761939479813,166.7912734502832,238.57619394798107
T0_B1_N27_B_s400_n0,T0_B1_N27_B,400,-259,1870,False,1731.93,15.5,9,399,1739.2753254803397,922.9457495894358,922.9457495894358
T0_B1_N27_B_s400_n1,T0_B1_N27_B,400,-541,1680,False,1655.14,17.5,10,404,1568.6308501027736,649.4090138505865,1568.6308501027736
T0_B1_N27_B_s400_n2,T0_B1_N27_B,400,1981,-100,False,1806.09,13.8,6,305,1677.8439767817863,1564.749917435007,1677.8439767817863
T0_B1_N27_B_s400_n3,T0_B1_N27_B,400,559,-1622,False,1857.03,13.3,4,127,1168.1709657266083,879.4613542494004,1168.1709657266083
T0_B1_N27_B_s400_n4,T0_B1_N27_B,400,309,1288,False,1093.45,23.1,4,148,166.88855921964026,501.3458091822568,166.88855921964026
T0_B1_N27_B_s400_n5,T0_B1_N27_B,400,862,-478,False,947.59,29.9,4,113,598.5729797287149,547.5473634636558,598.5729797287149
T0_B1_N27_B_s400_n6,T0_B1_N27_B,400,1683,-194,False,1534.45,17.7,10,342,802.3405079459842,738.3069732240197,802.3405079459842
T0_B1_N27_B_s600_n0,T0_B1_N27_B,600,1415,-1237,False,1898.84,16.3,8,394,1025.853287835322,612.1596715621171,1025.853287835322
T0_B1_N27_B_s600_n1,T0_B1_N27_B,600,-503,-596,False,1203.17,36.5,9,298,769.4983274640748,213.1233095925988,213.1233095925988
T0_B1_N27_B_s600_n2,T0_B1_N27_B,600,6,-523,False,873.94,46.6,7,277,226.33838574120293,279.4718736854966,226.33838574120293
T0_B1_N27_B_s600_n3,T0_B1_N27_B,600,-1094,-1216,False,2059.49,8.3,4,99,1267.725666798506,1283.6911126553728,1267.725666798506
T0_B1_N27_B_s600_n4,T0_B1_N27_B,600,-81,472,False,418.03,122.3,5,189,53.64042554936268,104.4020700002119,53.64042554936268
T0_B1_N27_B_s600_n6,T0_B1_N27_B,600,349,-1449,False,1749.69,22.3,8,484,235.46640575871487,212.7729220208538,212.7729220208538
T0_B1_N27_B_s600_n7,T0_B1_N27_B,600,436,1353,False,1061.75,37.4,6,294,53.35009020819872,59.94450823195864,53.35009020819872
T0_B1_N27_B_s800_n0,T0_B1_N27_B,800,541,66,True,362.54,325.5,5,336,29.96619409272003,61.94812203473529,29.96619409272003
T0_B1_N27_B_s800_n1,T0_B1_N27_B,800,503,-378,False,784.79,78.9,8,432,270.17452864605553,176.6792956171352,270.17452864605553
T0_B1_N27_B_s800_n2,T0_B1_N27_B,800,216,-616,False,1032.53,57.9,9,449,27.27371606792678,44.90443629434212,27.27371606792678
T0_B1_N27_B_s800_n3,T0_B1_N27_B,800,-569,-635,False,1417.81,42.2,15,1042,341.34184670955665,263.27800800349456,341.34184670955665
T0_B1_N27_B_s800_n4,T0_B1_N27_B,800,381,1769,False,1369.13,42.9,11,830,1864.7727754551768,322.8275754791362,322.8275754791362
T0_B1_N27_B_s800_n5,T0_B1_N27_B,800,1419,1577,False,1556.82,38.7,14,1063,117.9045324888027,126.2394558559847,117.9045324888027
T0_B1_N27_B_s800_n6,T0_B1_N27_B,800,404,383,True,17.46,356.6,3,325,22.7234454286438,41.715007804622246,22.723445428643863
T0_B1_N27_B_s800_n7,T0_B1_N27_B,800,-406,-726,False,1384.74,43.0,15,1009,351.2600250710717,306.85537060236254,351.2600250710717
T0_B1_N27_C_s1000_n0,T0_B1_N27_C,1000,868,-335,False,912.5,86.5,16,1140,681.4399632754967,47.69895479263575,681.4399632754967
T0_B1_N27_C_s1000_n1,T0_B1_N27_C,1000,-95,-931,False,1549.77,45.9,12,1476,213.441911325212,213.14012675942635,213.441911325212
T0_B1_N27_C_s1000_n2,T0_B1_N27_C,1000,-614,631,False,1121.68,71.9,15,1819,65.40135272965068,24.33467132196037,65.40135272965068
T0_B1_N27_C_s1000_n3,T0_B1_N27_C,1000,819,-691,False,1232.98,61.5,15,1703,213.98250173289009,230.6634371337037,213.98250173289009
T0_B1_N27_C_s1000_n4,T0_B1_N27_C,1000,-492,740,False,1020.62,80.4,15,1958,71.33583944626007,111.61445672706908,71.33583944626012
T0_B1_N27_C_s1000_n5,T0_B1_N27_C,1000,-1,-457,False,1080.21,65.0,16,1778,207.54861387499383,205.8425551760509,207.54861387499383
T0_B1_N27_C_s1000_n6,T0_B1_N27_C,1000,-140,802,False,707.68,111.7,14,1143,1351.9145565335923,171.61305087078375,1351.9145565335923
T0_B1_N27_C_s1000_n7,T0_B1_N27_C,1000,1735,1122,False,1382.79,50.8,14,1572,249.7049715675903,111.725719109442,249.7049715675903
T0_B1_N27_C_s1200_n0,T0_B1_N27_C,1200,524,-963,False,1564.85,59.9,11,1690,68.92102030342237,119.10416999981068,68.9210203034224
T0_B1_N27_C_s1200_n1,T0_B1_N27_C,1200,-356,1487,False,1304.11,64.8,15,2299,132.6272490229333,23.362370673037216,132.62724902293326
T0_B1_N27_C_s1200_n2,T0_B1_N27_C,1200,-10,-498,False,1256.07,66.9,15,2389,156.22138295787144,163.69090268855552,156.22138295787144
T0_B1_N27_C_s1200_n3,T0_B1_N27_C,1200,-214,145,False,932.53,108.3,17,2359,104.68516256651434,58.31294380104861,104.68516256651434
T0_B1_N27_C_s1200_n4,T0_B1_N27_C,1200,1374,790,False,796.98,132.5,17,1648,1577.321574747131,48.08674732498175,48.08674732498197
T0_B1_N27_C_s1200_n5,T0_B1_N27_C,1200,686,654,True,101.55,358.2,6,1125,21.271494627193928,38.78727537739084,21.271494627193928
T0_B1_N27_C_s1200_n6,T0_B1_N27_C,1200,-414,904,False,1058.59,93.1,16,2477,104.86233106812604,141.91115112970587,104.86233106812604
T0_B1_N27_C_s1200_n7,T0_B1_N27_C,1200,874,-629,False,1259.17,76.8,15,2111,118.81600994195772,163.47146522661504,118.81600994195772
T0_B1_N27_C_s400_n0,T0_B1_N27_C,400,-951,502,False,1189.96,22.0,9,313,1453.057681123423,513.4545079774255,1453.057681123423
T0_B1_N27_C_s400_n1,T0_B1_N27_C,400,-23,-349,False,592.56,40.0,3,104,153.14940499840682,174.02220019958892,153.14940499840682
T0_B1_N27_C_s400_n2,T0_B1_N27_C,400,-517,1110,False,1158.53,23.1,9,349,1642.401192801893,1229.1854721595475,1642.401192801893
T0_B1_N27_C_s400_n3,T0_B1_N27_C,400,-202,-34,False,465.15,58.2,4,151,876.7852106232289,92.94026891130534,876.7852106232289
T0_B1_N27_C_s400_n4,T0_B1_N27_C,400,-697,-656,False,1239.9,24.4,11,388,1177.379294558457,520.725382531749,520.725382531749
T0_B1_N27_C_s400_n5,T0_B1_N27_C,400,-148,-150,False,493.56,50.9,4,142,87.11630067651228,345.7726353515122,87.11630067651228
T0_B1_N27_C_s400_n6,T0_B1_N27_C,400,-64,-258,False,528.64,46.5,4,119,345.29375233238954,252.19576671796355,252.19576671796355
T0_B1_N27_C_s400_n7,T0_B1_N27_C,400,-14,102,False,235.37,132.9,3,145,55.56133604053125,44.959429032152144,44.959429032152144
T0_B1_N27_C_s600_n0,T0_B1_N27_C,600,822,-1268,False,1652.61,24.7,8,627,310.1599448688432,286.2329082920904,310.1599448688432
T0_B1_N27_C_s600_n1,T0_B1_N27_C,600,415,335,True,120.21,355.0,3,286,30.88522111737408,28.89077292764656,30.885221117374076
T0_B1_N27_C_s600_n2,T0_B1_N27_C,600,-476,-136,False,890.1,48.2,8,426,655.3356210231001,345.9960057170898,345.9960057170898
T0_B1_N27_C_s600_n3,T0_B1_N27_C,600,306,-11,False,311.06,170.1,3,205,21.04834835322693,8.876619188637624,21.04834835322693
T0_B1_N27_C_s600_n4,T0_B1_N27_C,600,-336,1377,False,1250.77,34.4,12,819,789.7093432591616,343.96978362882686,789.7093432591616
T0_B1_N27_C_s600_n5,T0_B1_N27_C,600,1556,-963,False,1781.21,14.6,7,248,1338.6094333174112,598.45990674809,1338.6094333174112
T0_B1_N27_C_s600_n6,T0_B1_N27_C,600,434,721,False,441.81,101.6,5,314,102.53322080547576,99.58704755721688,102.53322080547576
T0_B1_N27_C_s600_n7,T0_B1_N27_C,600,-380,-467,False,1025.03,40.7,11,467,1337.9879165339394,389.9334799524686,1337.9879165339394
T0_B1_N27_C_s800_n0,T0_B1_N27_C,800,-203,688,False,668.25,90.6,9,665,674.7499075859433,173.66460347437268,674.7499075859433
T0_B1_N27_C_s800_n1,T0_B1_N27_C,800,1694,-786,False,1755.29,25.3,9,600,126.35387663073732,31.72534411213636,126.35387663073732
T0_B1_N27_C_s800_n2,T0_B1_N27_C,800,-570,573,False,985.31,64.7,15,1096,1427.2579025129046,71.01708292025428,1427.2579025129046
T0_B1_N27_C_s800_n3,T0_B1_N27_C,800,600,592,True,277.24,355.0,5,477,37.8751768269951,38.04832892731832,37.8751768269951
T0_B1_N27_C_s800_n4,T0_B1_N27_C,800,-305,-454,False,1107.4,53.2,15,1209,287.055066189357,248.3216604167164,287.055066189357
T0_B1_N27_C_s800_n5,T0_B1_N27_C,800,-439,-411,False,1166.89,50.7,15,1300,276.5973762089092,134.94791824903106,276.5973762089092
T0_B1_N27_C_s800_n6,T0_B1_N27_C,800,628,-468,False,897.45,65.3,9,576,1323.2769417280508,24.011104879552057,1323.2769417280508
T0_B1_N27_C_s800_n7,T0_B1_N27_C,800,1615,1384,False,1563.48,36.8,11,1080,329.3253248139186,269.28190445697425,329.3253248139185
T0_B1_N27_D_s1000_n0,T0_B1_N27_D,1000,979,-805,False,1390.13,50.3,11,1144,74.63815290400537,157.90054876262556,74.63815290400545
T0_B1_N27_D_s1000_n1,T0_B1_N27_D,1000,615,447,True,126.63,357.3,6,752,3.43822429773698,12.694358391715587,3.438224297736923
T0_B1_N27_D_s1000_n2,T0_B1_N27_D,1000,118,765,True,464.92,351.6,8,753,3.438224297652379,36.06276533310261,3.43822429765238
T0_B1_N27_D_s1000_n3,T0_B1_N27_D,1000,453,970,True,472.34,248.1,8,717,3.447946797381186,36.89143233095624,3.447946797381299
T0_B1_N27_D_s1000_n4,T0_B1_N27_D,1000,489,1105,False,605.1,153.6,8,661,18.532633159461767,47.25333497322032,18.532633159461767
T0_B1_N27_D_s1000_n5,T0_B1_N27_D,1000,364,717,True,256.1,356.7,7,768,3.438224297663004,12.72026035331974,3.438224297663004
T0_B1_N27_D_s1000_n6,T0_B1_N27_D,1000,1049,998,False,741.22,86.2,9,672,19.96908743717284,176.5019036568428,19.96908743717284
T0_B1_N27_D_s1000_n7,T0_B1_N27_D,1000,-226,323,False,747.27,120.2,14,910,1333.4638107710805,50.97307785805398,1333.4638107710805
T0_B1_N27_D_s1200_n0,T0_B1_N27_D,1200,1446,463,False,857.02,128.8,15,1540,62.27535366882128,281.56535805391434,62.27535366882128
T0_B1_N27_D_s1200_n1,T0_B1_N27_D,1200,1500,1541,False,1302.11,65.4,14,1681,353.35905826593034,664.6550834964312,353.35905826593034
T0_B1_N27_D_s1200_n2,T0_B1_N27_D,1200,1337,139,False,869.3,122.4,16,1603,54.77915057019811,70.10433110721542,54.77915057019811
T0_B1_N27_D_s1200_n3,T0_B1_N27_D,1200,-125,-128,False,1027.43,78.4,16,1846,66.76376194473775,124.14451548953824,66.76376194473775
T0_B1_N27_D_s1200_n4,T0_B1_N27_D,1200,1040,-433,False,1122.8,84.4,14,1711,69.49313263092931,115.5968724397173,69.49313263092931
T0_B1_N27_D_s1200_n5,T0_B1_N27_D,1200,243,301,True,465.67,356.7,12,1106,4.963541328798559,12.898553098305948,4.963541328798599
T0_B1_N27_D_s1200_n6,T0_B1_N27_D,1200,54,476,True,559.9,350.6,13,1222,3.4382242976544384,21.26302831905838,3.438224297654495
T0_B1_N27_D_s1200_n7,T0_B1_N27_D,1200,-490,-906,False,1859.07,32.2,9,576,385.9784541969888,477.61097069888456,385.9784541969888
T0_B1_N27_D_s400_n0,T0_B1_N27_D,400,-162,-1340,False,1581.97,16.1,5,201,173.0150594983695,69.5453178307387,69.54531783073887
T0_B1_N27_D_s400_n1,T0_B1_N27_D,400,722,-974,False,1284.82,22.4,9,381,552.6544050986475,1094.5187556245862,552.6544050986475
T0_B1_N27_D_s400_n2,T0_B1_N27_D,400,-511,-1147,False,1523.13,17.9,7,240,1056.6234403323904,400.7984754770427,400.7984754770427
T0_B1_N27_D_s400_n3,T0_B1_N27_D,400,-179,148,False,382.55,63.6,4,109,4.063471512331218,33.87680392612772,4.063471512331218
T0_B1_N27_D_s400_n4,T0_B1_N27_D,400,1106,-641,False,1236.17,23.4,10,361,656.2964457443276,534.7467697974604,656.2964457443276
T0_B1_N27_D_s400_n5,T0_B1_N27_D,400,-951,483,False,1185.28,21.4,7,188,527.4131067881293,686.0497464628123,527.4131067881293
T0_B1_N27_D_s400_n6,T0_B1_N27_D,400,887,1575,False,1537.07,18.1,8,298,479.27391166282587,530.4869577721319,530.4869577721319
T0_B1_N27_D_s400_n7,T0_B1_N27_D,400,-160,-1172,False,1418.44,18.7,8,351,260.44915700376686,395.11052186778113,395.11052186778113
T0_B1_N27_D_s600_n0,T0_B1_N27_D,600,635,-216,False,615.21,66.1,5,235,84.41840434800402,117.64044402141586,84.41840434800405
T0_B1_N27_D_s600_n1,T0_B1_N27_D,600,-388,-566,False,1106.03,40.4,12,440,1502.066180013324,344.13032049136393,1502.066180013324
T0_B1_N27_D_s600_n2,T0_B1_N27_D,600,563,104,True,328.0,276.5,5,280,3.567078871718156,21.71212365168485,3.567078871718156
T0_B1_N27_D_s600_n3,T0_B1_N27_D,600,1064,241,False,766.27,55.7,6,245,61.672277685948856,258.3166190838848,61.672277685948856
T0_B1_N27_D_s600_n4,T0_B1_N27_D,600,1125,717,False,924.4,43.4,6,269,1372.3718034746585,172.87520481589962,172.87520481589954
T0_B1_N27_D_s600_n5,T0_B1_N27_D,600,-341,-333,False,900.87,49.6,8,312,1380.3868300859756,135.96807428268838,1380.3868300859756
T0_B1_N27_D_s600_n6,T0_B1_N27_D,600,482,1601,False,1313.67,28.8,10,444,304.4656912757503,517.9762812204445,304.4656912757504
T0_B1_N27_D_s600_n7,T0_B1_N27_D,600,323,1074,False,774.34,59.8,4,213,48.641989463864334,59.04368127192584,48.641989463864284
T0_B1_N27_D_s800_n0,T0_B1_N27_D,800,-187,117,False,651.66,90.3,9,469,1061.67503804761,23.405498412704727,1061.67503804761
T0_B1_N27_D_s800_n1,T0_B1_N27_D,800,1359,-923,False,1634.02,27.7,9,397,479.88145419929504,466.24337709722295,479.88145419929504
T0_B1_N27_D_s800_n2,T0_B1_N27_D,800,-727,-340,False,1348.23,42.5,11,936,277.0810307866148,250.5945178491416,277.0810307866148
T0_B1_N27_D_s800_n3,T0_B1_N27_D,800,-359,66,False,829.24,67.7,12,612,1248.6533771580594,35.481574026498514,1248.6533771580594
T0_B1_N27_D_s800_n4,T0_B1_N27_D,800,364,1668,False,1268.51,44.2,11,627,372.08248042794025,210.928474226139,372.08248042794025
T0_B1_N27_D_s800_n5,T0_B1_N27_D,800,-68,-94,False,680.49,78.7,9,484,1167.7348941416435,37.148602771707786,1167.7348941416435
T0_B1_N27_D_s800_n6,T0_B1_N27_D,800,53,727,True,476.8,350.6,7,493,3.4382242976514688,31.539280013275302,3.4382242976514688
T0_B1_N27_D_s800_n7,T0_B1_N27_D,800,6,747,True,525.02,190.3,8,444,3.348520398991909,44.71780413822808,3.348520398991909
T0_B1_N32_A_s1000_n0,T0_B1_N32_A,1000,-139,545,False,640.58,145.0,16,1506,1207.9910072743726,49.282061808721714,1207.9910072743726
T0_B1_N32_A_s1000_n1,T0_B1_N32_A,1000,-91,1066,False,818.31,80.4,20,2102,60.99351082900912,103.8185529248308,60.99351082900912
T0_B1_N32_A_s1000_n2,T0_B1_N32_A,1000,-471,109,False,1046.77,70.9,17,2725,118.83462776281796,126.76707907861704,118.83462776281796
T0_B1_N32_A_s1000_n3,T0_B1_N32_A,1000,867,363,True,391.74,354.2,15,1443,4.740193381628612,34.32352196302482,4.740193381628612
T0_B1_N32_A_s1000_n4,T0_B1_N32_A,1000,-373,208,False,920.54,90.6,18,2724,112.5867427372843,131.8463907175016,112.5867427372843
T0_B1_N32_A_s1000_n5,T0_B1_N32_A,1000,1232,-361,False,1130.11,60.4,17,2632,35.70103021152952,160.1601709140785,35.70103021152952
T0_B1_N32_A_s1000_n6,T0_B1_N32_A,1000,-477,909,False,1059.16,70.9,17,2228,52.36126787714792,87.2399758866858,52.36126787714787
T0_B1_N32_A_s1000_n7,T0_B1_N32_A,1000,481,742,True,242.74,357.7,10,1356,0.7865016413139124,53.65157454468932,0.7865016413139124
T0_B1_N32_A_s1200_n0,T0_B1_N32_A,1200,-98,1049,False,829.94,139.0,20,3234,38.86543239003056,66.71630814952316,38.86543239003056
T0_B1_N32_A_s1200_n1,T0_B1_N32_A,1200,192,123,True,627.69,354.8,22,3184,0.7865016412923905,61.80667837486113,0.7865016412923905
T0_B1_N32_A_s1200_n2,T0_B1_N32_A,1200,733,1004,True,425.33,356.3,20,2262,1091.399489630817,68.74585016271168,68.74585016271168
T0_B1_N32_A_s1200_n3,T0_B1_N32_A,1200,1285,171,False,808.25,145.7,20,4264,33.18892639607736,86.10594473532846,33.18892639607736
T0_B1_N32_A_s1200_n4,T0_B1_N32_A,1200,643,1305,False,706.31,155.6,20,3274,106.01536358345524,151.04070243580094,106.01536358345524
T0_B1_N32_A_s1200_n5,T0_B1_N32_A,1200,806,455,True,251.91,357.5,17,1977,0.7865016414092537,37.590092719958726,0.7865016414092537
T0_B1_N32_A_s1200_n6,T0_B1_N32_A,1200,1170,612,True,570.13,340.8,22,3797,0.7865016413281214,67.06379946513651,0.7865016413281214
T0_B1_N32_A_s1200_n7,T0_B1_N32_A,1200,371,362,True,330.28,357.4,20,1945,1143.417789765431,39.6717362696169,1143.417789765431
T0_B1_N32_A_s400_n0,T0_B1_N32_A,400,558,-280,False,598.8,45.4,7,209,56.32216354296372,57.29158103863101,56.32216354296372
T0_B1_N32_A_s400_n1,T0_B1_N32_A,400,191,-202,False,402.1,72.8,5,169,593.7273727116872,135.22630468697176,593.7273727116872
T0_B1_N32_A_s400_n2,T0_B1_N32_A,400,733,-1035,False,1345.11,5.6,4,84,1118.098047389565,1101.377344720703,1118.098047389565
T0_B1_N32_A_s400_n3,T0_B1_N32_A,400,33,-79,False,325.16,84.8,5,182,553.6471103750204,56.78553669940924,553.6471103750204
T0_B1_N32_A_s400_n4,T0_B1_N32_A,400,-153,-117,False,474.44,56.6,5,199,85.43995116319799,115.4012671959308,85.43995116319799
T0_B1_N32_A_s400_n5,T0_B1_N32_A,400,19,-321,False,551.55,49.4,5,181,96.78245128575956,66.49752416251508,96.78245128575956
T0_B1_N32_A_s400_n6,T0_B1_N32_A,400,329,-815,False,1023.16,25.6,12,802,330.1137179062607,337.42416256286606,330.1137179062607
T0_B1_N32_A_s400_n7,T0_B1_N32_A,400,-513,82,False,722.7,38.8,6,218,429.3248711272109,200.35748326756848,200.35748326756848
T0_B1_N32_A_s600_n0,T0_B1_N32_A,600,-110,1253,False,1037.45,39.4,15,1104,889.5198427215697,636.4530211605988,889.5198427215697
T0_B1_N32_A_s600_n1,T0_B1_N32_A,600,-398,-205,False,861.53,50.5,17,1029,333.9271983368271,210.6824454670472,210.6824454670472
T0_B1_N32_A_s600_n2,T0_B1_N32_A,600,545,-445,False,784.25,54.6,17,998,976.2658633740982,98.45663500974908,976.2658633740982
T0_B1_N32_A_s600_n3,T0_B1_N32_A,600,534,1023,False,759.92,57.6,11,673,1017.682164560962,280.7057435671223,280.7057435671223
T0_B1_N32_A_s600_n4,T0_B1_N32_A,600,-216,1413,False,1226.79,34.8,13,1062,836.2278529570641,433.1036905117334,836.2278529570641
T0_B1_N32_A_s600_n5,T0_B1_N32_A,600,-745,406,False,1050.36,39.6,14,1063,247.4382838996672,354.5677740644114,247.4382838996671
T0_B1_N32_A_s600_n6,T0_B1_N32_A,600,577,263,True,279.46,340.8,8,535,0.7865016417286264,31.95589360178116,0.7865016417286264
T0_B1_N32_A_s600_n7,T0_B1_N32_A,600,534,1225,False,954.14,42.2,16,1128,345.9920454585792,442.5224343527619,345.9920454585792
T0_B1_N32_A_s800_n0,T0_B1_N32_A,800,716,-82,False,576.35,111.8,20,1129,1071.7634748530668,122.54112573945206,1071.7634748530668
T0_B1_N32_A_s800_n1,T0_B1_N32_A,800,10,220,True,429.53,240.7,11,829,0.9531401181677216,52.08112540312629,52.0811254031263
T0_B1_N32_A_s800_n2,T0_B1_N32_A,800,-647,-331,False,1276.94,42.7,14,1669,73.021306920264,128.83285885463155,73.021306920264
T0_B1_N32_A_s800_n3,T0_B1_N32_A,800,487,-513,False,917.14,71.9,16,1892,61.33737810757476,141.82012469779085,61.33737810757476
T0_B1_N32_A_s800_n4,T0_B1_N32_A,800,-591,-110,False,1114.53,51.4,15,2147,89.23736540447553,138.85077282512106,89.23736540447554
T0_B1_N32_A_s800_n5,T0_B1_N32_A,800,216,40,True,404.3,338.8,11,819,0.7865016412924656,48.983872530781206,0.7865016412924656
T0_B1_N32_A_s800_n6,T0_B1_N32_A,800,-47,240,False,474.77,156.2,11,811,35.989895495775905,41.12410517436906,35.989895495775905
T0_B1_N32_A_s800_n7,T0_B1_N32_A,800,595,696,True,354.46,353.7,11,940,0.7865016413252334,70.82808416845778,0.7865016413252334
T0_B1_N32_ADAP_s1000_n0,T0_B1_N32_ADAP,1000,27,-142,False,797.43,88.4,19,2870,52.26401382036159,34.26003080238844,52.26401382036159
T0_B1_N32_ADAP_s1000_n1,T0_B1_N32_ADAP,1000,518,45,True,455.36,266.3,20,3633,2.708000477130255,35.557732616356176,2.708000477130255
T0_B1_N32_ADAP_s1000_n2,T0_B1_N32_ADAP,1000,781,-156,False,713.65,123.6,19,3397,69.6651813549055,49.326097275874645,69.6651813549055
T0_B1_N32_ADAP_s1000_n3,T0_B1_N32_ADAP,1000,596,520,True,98.06,358.3,11,2460,3.328934984659542,32.61209399399578,3.328934984659542
T0_B1_N32_ADAP_s1000_n4,T0_B1_N32_ADAP,1000,27,-156,False,808.74,87.3,19,2811,125.76127756252018,36.26024415884111,125.76127756252018
T0_B1_N32_ADAP_s1000_n5,T0_B1_N32_ADAP,1000,932,613,True,446.53,329.1,20,4296,17.635908021602926,80.61325702165979,17.635908021602926
T0_B1_N32_ADAP_s1000_n6,T0_B1_N32_ADAP,1000,27,-156,False,808.74,87.3,19,2811,125.76127756252018,36.26024415884111,125.76127756252018
T0_B1_N32_ADAP_s1000_n7,T0_B1_N32_ADAP,1000,27,448,True,475.85,227.8,20,3854,2.3606680390730883,18.7502910846371,2.3606680390730883
T0_B1_N32_ADAP_s1200_n0,T0_B1_N32_ADAP,1200,629,265,True,336.25,356.4,20,5126,20.192104534549223,36.26789526055954,20.192104534549223
T0_B1_N32_ADAP_s1200_n1,T0_B1_N32_ADAP,1200,792,119,True,517.9,354.2,20,4830,7.980382624404344,43.27022121892664,7.980382624404348
T0_B1_N32_ADAP_s1200_n2,T0_B1_N32_ADAP,1200,283,248,True,473.7,356.4,20,5246,1.1224317160778692,31.720835851562203,1.122431716077895
T0_B1_N32_ADAP_s1200_n3,T0_B1_N32_ADAP,1200,227,44,True,669.53,264.4,20,4186,6.104267753387392,49.75697977977868,6.104267753387392
T0_B1_N32_ADAP_s1200_n4,T0_B1_N32_ADAP,1200,1022,406,True,464.46,356.7,20,5612,16.557132848785464,53.83385311788815,16.557132848785464
T0_B1_N32_ADAP_s1200_n5,T0_B1_N32_ADAP,1200,872,298,True,406.43,357.2,20,5659,20.963045191758685,48.89521962726359,20.96304519175868
T0_B1_N32_ADAP_s1200_n6,T0_B1_N32_ADAP,1200,497,771,True,199.62,357.5,20,4690,5.555549230991951,22.29690033993069,5.555549230991906
T0_B1_N32_ADAP_s1200_n7,T0_B1_N32_ADAP,1200,227,44,True,669.53,264.4,20,4186,6.104267753387392,49.75697977977868,6.104267753387392
T0_B1_N32_ADAP_s400_n0,T0_B1_N32_ADAP,400,-407,-25,False,647.36,44.3,16,941,42.46744716240008,68.85215772019981,42.46744716240008
T0_B1_N32_ADAP_s400_n1,T0_B1_N32_ADAP,400,-563,953,False,1072.0,13.0,6,176,866.1623692963034,497.7312147921487,866.1623692963034
T0_B1_N32_ADAP_s400_n2,T0_B1_N32_ADAP,400,475,230,False,276.63,123.7,4,281,50.499687781796446,136.1569795097382,50.499687781796446
T0_B1_N32_ADAP_s400_n3,T0_B1_N32_ADAP,400,321,-460,False,671.0,42.8,15,976,210.4886887911684,229.51193192841043,210.4886887911684
T0_B1_N32_ADAP_s400_n4,T0_B1_N32_ADAP,400,19,293,True,203.49,212.9,5,336,290.4768889986645,99.83620068787329,290.4768889986645
T0_B1_N32_ADAP_s400_n5,T0_B1_N32_ADAP,400,-212,-333,False,673.67,44.6,16,960,96.5756619202897,149.49187100732317,96.5756619202897
T0_B1_N32_ADAP_s400_n6,T0_B1_N32_ADAP,400,915,-569,False,1050.04,13.6,8,296,791.9746057506642,735.9376309612945,791.9746057506642
T0_B1_N32_ADAP_s400_n7,T0_B1_N32_ADAP,400,451,-128,False,413.02,66.4,8,452,142.83611903667085,140.63126823433723,142.83611903667085
T0_B1_N32_ADAP_s600_n0,T0_B1_N32_ADAP,600,74,-10,False,383.64,167.8,15,973,706.1330078989596,85.56256538722234,706.1330078989596
T0_B1_N32_ADAP_s600_n1,T0_B1_N32_ADAP,600,-294,880,False,830.2,52.4,16,1691,145.50118784690528,53.918724194442376,145.50118784690528
T0_B1_N32_ADAP_s600_n2,T0_B1_N32_ADAP,600,191,-76,False,391.48,140.1,14,953,800.1769469821256,20.55707001452096,800.1769469821256
T0_B1_N32_ADAP_s600_n3,T0_B1_N32_ADAP,600,226,-308,False,612.49,80.0,17,1754,67.00045419162896,36.427765626276056,67.00045419162896
T0_B1_N32_ADAP_s600_n4,T0_B1_N32_ADAP,600,592,527,True,369.86,186.1,11,916,769.7795352422736,142.7002806962277,142.7002806962277
T0_B1_N32_ADAP_s600_n5,T0_B1_N32_ADAP,600,429,-376,False,688.2,69.2,17,1649,77.91719595472335,82.91857701914124,77.91719595472335
T0_B1_N32_ADAP_s600_n6,T0_B1_N32_ADAP,600,-357,699,False,768.67,55.7,16,1756,269.9704346288504,83.96855746460798,269.97043462885034
T0_B1_N32_ADAP_s600_n7,T0_B1_N32_ADAP,600,233,56,True,253.03,290.1,9,794,34.905034216016155,21.84918290340929,34.90503421601614
T0_B1_N32_ADAP_s800_n0,T0_B1_N32_ADAP,800,345,611,True,218.05,356.9,10,1459,4.428656481977858,50.29675218032336,4.428656481977858
T0_B1_N32_ADAP_s800_n1,T0_B1_N32_ADAP,800,98,-356,False,814.09,76.4,17,2221,284.3726079571987,96.5762161047188,284.3726079571987
T0_B1_N32_ADAP_s800_n2,T0_B1_N32_ADAP,800,-173,-356,False,948.61,52.4,17,1535,410.4454073827415,193.89865210078727,193.89865210078727
T0_B1_N32_ADAP_s800_n3,T0_B1_N32_ADAP,800,-80,108,False,561.84,123.1,19,2809,48.74778692584473,49.65163037290205,48.74778692584473
T0_B1_N32_ADAP_s800_n4,T0_B1_N32_ADAP,800,470,-356,False,759.23,90.8,17,2267,47.50564077583704,57.150730030190346,47.50564077583709
T0_B1_N32_ADAP_s800_n5,T0_B1_N32_ADAP,800,1018,-220,False,875.4,60.9,17,2226,36.29348342093886,42.4696296129876,36.29348342093886
T0_B1_N32_ADAP_s800_n6,T0_B1_N32_ADAP,800,391,-76,False,476.09,156.1,19,2657,36.32265484795445,34.43534525511334,36.32265484795444
T0_B1_N32_ADAP_s800_n7,T0_B1_N32_ADAP,800,-173,759,False,676.17,82.6,18,2726,46.25285704268146,45.1492157203808,46.25285704268146
T0_B1_N32_B_s1000_n0,T0_B1_N32_B,1000,617,588,True,146.4,357.7,15,2011,791.7099076345786,8.7167500575395,8.7167500575395
T0_B1_N32_B_s1000_n1,T0_B1_N32_B,1000,83,246,True,488.27,294.9,19,3138,13.88755123355264,16.83629864467433,13.887551233552612
T0_B1_N32_B_s1000_n2,T0_B1_N32_B,1000,533,512,True,35.11,358.3,10,1767,28.133600120023363,12.876251652084523,28.133600120023363
T0_B1_N32_B_s1000_n3,T0_B1_N32_B,1000,168,845,True,478.8,356.1,19,3231,56.25826582348705,91.62650484880348,56.25826582348705
T0_B1_N32_B_s1000_n4,T0_B1_N32_B,1000,216,525,True,285.1,356.4,19,2389,17.649438520170467,28.46913610000759,17.649438520170467
T0_B1_N32_B_s1000_n5,T0_B1_N32_B,1000,833,692,True,384.39,356.4,19,3081,1.7385354223682927,8.397111012942716,1.7385354223682927
T0_B1_N32_B_s1000_n6,T0_B1_N32_B,1000,373,837,True,360.14,356.2,19,2888,5.139962915221224,43.86631242733381,5.139962915221224
T0_B1_N32_B_s1000_n7,T0_B1_N32_B,1000,17,334,True,510.73,196.9,19,2933,25.1005571498646,63.26470463733059,25.1005571498646
T0_B1_N32_B_s1200_n0,T0_B1_N32_B,1200,375,146,True,506.7,355.9,19,4106,1.5960758962388932,35.14372364337737,1.5960758962388932
T0_B1_N32_B_s1200_n1,T0_B1_N32_B,1200,955,875,True,449.05,357.1,19,4725,1.4656278780508385,14.148465990029605,1.465627878050742
T0_B1_N32_B_s1200_n2,T0_B1_N32_B,1200,200,52,True,678.46,245.1,19,3708,6.436167016556472,46.419799388128,6.436167016556492
T0_B1_N32_B_s1200_n3,T0_B1_N32_B,1200,870,956,True,446.81,357.1,19,4733,2.085931220671955,15.451739039896976,2.085931220671955
T0_B1_N32_B_s1200_n4,T0_B1_N32_B,1200,438,62,True,561.86,257.1,19,3843,0.1796584317864585,32.56869112115537,0.1796584317865057
T0_B1_N32_B_s1200_n5,T0_B1_N32_B,1200,200,52,True,678.46,245.1,19,3708,6.436167016556472,46.419799388128,6.436167016556492
T0_B1_N32_B_s1200_n6,T0_B1_N32_B,1200,695,611,True,95.63,358.8,19,3576,1.4656278780553238,9.061174338871767,1.4656278780553238
T0_B1_N32_B_s1200_n7,T0_B1_N32_B,1200,421,876,True,328.96,357.9,19,4301,19.228289155444763,44.98361641466197,19.228289155444763
T0_B1_N32_B_s400_n0,T0_B1_N32_B,400,195,-142,False,342.04,94.0,6,272,125.43927797957598,115.4473346988054,115.4473346988054
T0_B1_N32_B_s400_n1,T0_B1_N32_B,400,413,-259,False,506.01,55.6,8,399,184.3813230668874,162.41516020317604,184.3813230668874
T0_B1_N32_B_s400_n2,T0_B1_N32_B,400,419,853,False,688.75,40.8,15,796,45.538627623089525,51.70580973761596,45.538627623089525
T0_B1_N32_B_s400_n3,T0_B1_N32_B,400,166,576,False,377.53,83.3,6,293,187.79344997858004,195.43218410319287,187.79344997858004
T0_B1_N32_B_s400_n4,T0_B1_N32_B,400,103,-258,False,468.16,63.7,7,349,128.95982103014614,212.7269979727037,128.95982103014614
T0_B1_N32_B_s400_n5,T0_B1_N32_B,400,-39,-532,False,770.03,36.0,13,737,156.60543902997134,99.7309441331962,156.60543902997134
T0_B1_N32_B_s400_n6,T0_B1_N32_B,400,139,-230,False,434.31,65.7,6,353,66.93363742467794,205.2788169619971,66.93363742467794
T0_B1_N32_B_s400_n7,T0_B1_N32_B,400,74,-121,False,344.84,85.0,6,272,145.37844577255288,153.22761762551698,153.22761762551698
T0_B1_N32_B_s600_n0,T0_B1_N32_B,600,-363,33,False,714.74,58.9,16,1431,13.904448127215806,171.98473723320433,13.904448127215858
T0_B1_N32_B_s600_n1,T0_B1_N32_B,600,547,-516,False,852.56,50.2,13,1284,584.6291985175332,218.3293054095432,584.6291985175332
T0_B1_N32_B_s600_n2,T0_B1_N32_B,600,932,53,False,678.55,63.6,17,1548,72.68168508622439,60.84757623942786,72.68168508622439
T0_B1_N32_B_s600_n3,T0_B1_N32_B,600,269,-211,False,511.94,104.7,14,1049,45.843363471193705,103.44156736508413,45.843363471193705
T0_B1_N32_B_s600_n4,T0_B1_N32_B,600,172,459,True,204.12,356.1,7,541,286.1954288859484,58.240589282929456,286.1954288859484
T0_B1_N32_B_s600_n5,T0_B1_N32_B,600,-396,561,False,743.33,57.6,15,1345,158.95273369978108,179.94781201458704,158.95273369978108
T0_B1_N32_B_s600_n6,T0_B1_N32_B,600,446,-544,False,856.53,53.0,13,1256,198.7653764899077,248.9555214332703,198.7653764899077
T0_B1_N32_B_s600_n7,T0_B1_N32_B,600,508,-522,False,847.91,52.1,13,1275,355.57909176062225,251.11718143518465,355.57909176062225
T0_B1_N32_B_s800_n0,T0_B1_N32_B,800,-5,-119,False,658.32,80.8,18,2275,55.8593228589145,63.67519941348031,55.8593228589145
T0_B1_N32_B_s800_n1,T0_B1_N32_B,800,479,9,True,398.9,187.8,19,1639,1.7765225195023675,46.38224587670125,1.7765225195023675
T0_B1_N32_B_s800_n2,T0_B1_N32_B,800,351,919,False,521.31,132.4,18,2169,37.16041542610504,33.501235347532855,37.16041542610516
T0_B1_N32_B_s800_n3,T0_B1_N32_B,800,355,399,True,45.01,357.1,6,865,15.65663021357761,21.86126668242721,15.656630213577554
T0_B1_N32_B_s800_n4,T0_B1_N32_B,800,-200,332,False,603.84,120.2,18,2088,97.92733876534088,94.2319888259403,97.92733876534088
T0_B1_N32_B_s800_n5,T0_B1_N32_B,800,412,-348,False,748.1,93.7,17,1982,29.96867803581088,48.893854029852,29.96867803581088
T0_B1_N32_B_s800_n6,T0_B1_N32_B,800,71,-348,False,817.16,72.2,17,1891,224.31476627560104,141.48548702142227,224.31476627560104
T0_B1_N32_B_s800_n7,T0_B1_N32_B,800,415,-348,False,748.15,93.7,17,1985,29.968678035812204,50.11900204366227,29.968678035812204
T0_B1_N32_C_s1000_n0,T0_B1_N32_C,1000,-712,768,False,1241.28,64.1,13,1371,1802.5761448424523,439.6384257604791,1802.5761448424523
T0_B1_N32_C_s1000_n1,T0_B1_N32_C,1000,-263,711,False,791.64,102.8,7,672,64.75825062713665,203.73616459673715,64.75825062713665
T0_B1_N32_C_s1000_n2,T0_B1_N32_C,1000,-615,326,False,1128.5,69.0,15,1472,1677.8846148899524,310.3919526562181,1677.8846148899524
T0_B1_N32_C_s1000_n3,T0_B1_N32_C,1000,263,-758,False,1280.13,58.5,14,1778,145.2119614649434,179.06567105115053,145.2119614649434
T0_B1_N32_C_s1000_n4,T0_B1_N32_C,1000,677,544,True,182.39,355.3,5,639,23.902946764940577,43.4496209262121,23.902946764940577
T0_B1_N32_C_s1000_n5,T0_B1_N32_C,1000,418,466,True,88.77,357.0,4,587,17.210531994088758,36.05010285563623,17.210531994088758
T0_B1_N32_C_s1000_n6,T0_B1_N32_C,1000,1184,560,False,686.63,133.4,8,820,40.99258132963321,152.350258793828,40.99258132963321
T0_B1_N32_C_s1000_n7,T0_B1_N32_C,1000,902,97,True,569.22,170.7,10,834,16.5085191773897,130.05710855259937,16.5085191773897
T0_B1_N32_C_s1200_n0,T0_B1_N32_C,1200,829,1448,False,878.38,119.7,11,1081,1684.131193500542,135.45485066328243,135.45485066328243
T0_B1_N32_C_s1200_n1,T0_B1_N32_C,1200,-546,-388,False,1513.1,57.2,15,2711,188.01758308710515,116.86269789520529,188.01758308710515
T0_B1_N32_C_s1200_n2,T0_B1_N32_C,1200,7,1765,False,1307.24,63.5,15,1980,282.007619388189,250.56083087480403,282.007619388189
T0_B1_N32_C_s1200_n3,T0_B1_N32_C,1200,953,1047,True,569.58,354.9,8,902,28.80742708593808,98.55578491574308,28.807427085937963
T0_B1_N32_C_s1200_n4,T0_B1_N32_C,1200,444,1930,False,1339.12,74.5,15,2142,39.74440621759722,205.36252900957345,39.74440621759744
T0_B1_N32_C_s1200_n5,T0_B1_N32_C,1200,-635,1001,False,1298.47,71.6,15,2296,254.01859746193432,346.71176386131145,254.01859746193432
T0_B1_N32_C_s1200_n6,T0_B1_N32_C,1200,828,-371,False,997.41,99.2,16,2634,199.98661286337628,252.9515073003805,199.98661286337628
T0_B1_N32_C_s1200_n7,T0_B1_N32_C,1200,1129,1253,False,840.39,111.2,13,1083,1662.7680773922536,100.10214927565222,100.10214927565222
T0_B1_N32_C_s400_n0,T0_B1_N32_C,400,572,-639,False,917.77,31.4,4,169,243.58914295643532,88.56404173752283,88.56404173752283
T0_B1_N32_C_s400_n1,T0_B1_N32_C,400,-381,-158,False,682.44,35.6,3,93,132.92547876919906,254.4160966443003,132.92547876919906
T0_B1_N32_C_s400_n2,T0_B1_N32_C,400,-511,1965,False,1902.83,14.6,8,469,993.3388861108108,849.773115324875,993.3388861108108
T0_B1_N32_C_s400_n3,T0_B1_N32_C,400,-64,140,False,270.73,116.1,3,130,16.11972380484332,28.08650643757672,16.119723804843336
T0_B1_N32_C_s400_n4,T0_B1_N32_C,400,1063,-108,False,916.31,28.9,4,168,250.7842275902565,169.84052224284184,250.7842275902565
T0_B1_N32_C_s400_n5,T0_B1_N32_C,400,23,-90,False,339.75,80.5,3,125,10.098197099219847,18.324520619530148,10.098197099219847
T0_B1_N32_C_s400_n6,T0_B1_N32_C,400,1,232,True,201.56,178.3,2,124,13.226044191290184,22.1939376528443,13.226044191290184
T0_B1_N32_C_s400_n7,T0_B1_N32_C,400,651,-1288,False,1554.85,16.8,8,464,1341.1368916730628,247.2808552219635,1341.1368916730628
T0_B1_N32_C_s600_n0,T0_B1_N32_C,600,385,443,True,166.36,354.9,3,257,13.381481903854164,23.872484914889988,13.381481903854164
T0_B1_N32_C_s600_n1,T0_B1_N32_C,600,1223,1645,False,1631.24,27.7,11,809,462.1200690268965,272.42270549793045,462.1200690268965
T0_B1_N32_C_s600_n2,T0_B1_N32_C,600,318,82,True,218.74,239.9,3,256,14.437933924121854,19.404185290139765,14.437933924121854
T0_B1_N32_C_s600_n3,T0_B1_N32_C,600,425,-550,False,859.14,46.3,6,320,53.87326794532097,88.90469785808935,53.87326794532097
T0_B1_N32_C_s600_n4,T0_B1_N32_C,600,-366,389,False,671.92,69.6,4,200,78.14960669842513,75.7905666571554,78.14960669842513
T0_B1_N32_C_s600_n6,T0_B1_N32_C,600,-482,-865,False,1403.12,32.1,12,892,274.0059072381813,373.80784861268427,274.0059072381813
T0_B1_N32_C_s600_n7,T0_B1_N32_C,600,-74,-81,False,533.89,70.3,5,218,72.82469271925775,121.61564015414982,121.61564015414982
T0_B1_N32_C_s800_n0,T0_B1_N32_C,800,-304,704,False,766.83,78.4,6,357,43.91165399796647,70.50961336159884,43.91165399796647
T0_B1_N32_C_s800_n1,T0_B1_N32_C,800,459,-169,False,572.05,124.3,6,421,28.80495236366597,52.23512350412473,28.804952363666
T0_B1_N32_C_s800_n2,T0_B1_N32_C,800,923,761,False,635.49,90.6,7,390,36.28259019584355,84.00660483812511,36.28259019584355
T0_B1_N32_C_s800_n3,T0_B1_N32_C,800,-1028,1119,False,1598.79,35.9,12,1358,163.9706829299723,334.08220350082826,163.9706829299722
T0_B1_N32_C_s800_n4,T0_B1_N32_C,800,607,-587,False,1008.47,59.8,15,912,1508.5379558111297,160.03942597977138,1508.5379558111297
T0_B1_N32_C_s800_n5,T0_B1_N32_C,800,1366,17,False,1039.16,54.9,15,1228,1024.195679678421,250.6852606892712,1024.195679678421
T0_B1_N32_C_s800_n6,T0_B1_N32_C,800,1445,-690,False,1510.01,37.5,11,1528,663.8710570512987,661.9460469650949,663.871057051299
T0_B1_N32_C_s800_n7,T0_B1_N32_C,800,-277,21,False,775.87,68.0,8,552,1307.4942833735884,92.74142039180056,1307.4942833735884
T0_B1_N32_D_s1000_n0,T0_B1_N32_D,1000,-631,-463,False,1485.44,50.1,13,1653,727.3140930445713,193.99297587815605,193.99297587815605
T0_B1_N32_D_s1000_n1,T0_B1_N32_D,1000,-195,-345,False,1094.1,64.6,11,961,1482.0481650859251,353.78852954189455,1482.0481650859251
T0_B1_N32_D_s1000_n2,T0_B1_N32_D,1000,397,714,True,237.5,356.8,5,711,9.896400883766248,16.491548304196098,9.896400883766264
T0_B1_N32_D_s1000_n3,T0_B1_N32_D,1000,1313,1004,False,956.55,71.5,11,995,1571.4505448071152,88.03385150247341,88.03385150247341
T0_B1_N32_D_s1000_n4,T0_B1_N32_D,1000,-897,-759,False,1880.61,38.5,10,1404,451.8709658213583,107.7523408954223,451.8709658213583
T0_B1_N32_D_s1000_n5,T0_B1_N32_D,1000,51,573,True,454.9,224.5,6,652,25.984505243176752,41.639914928125584,25.984505243176752
T0_B1_N32_D_s1000_n6,T0_B1_N32_D,1000,-1028,-1178,False,2269.46,18.3,8,442,1667.1678777835202,858.0455998243023,858.0455998243023
T0_B1_N32_D_s1000_n7,T0_B1_N32_D,1000,-447,942,False,1045.07,67.1,11,1189,1386.321933931377,259.9605956500447,1386.321933931377
T0_B1_N32_D_s1200_n0,T0_B1_N32_D,1200,1566,821,False,990.96,106.7,14,1692,452.9784007606887,234.81513294767936,452.9784007606887
T0_B1_N32_D_s1200_n1,T0_B1_N32_D,1200,621,-694,False,1294.17,78.3,13,1721,455.6513641750277,412.2781107744097,455.6513641750276
T0_B1_N32_D_s1200_n2,T0_B1_N32_D,1200,-498,-733,False,1726.99,50.3,12,2039,1087.9857932636992,108.78674234189054,108.78674234189054
T0_B1_N32_D_s1200_n3,T0_B1_N32_D,1200,362,-1073,False,1689.84,53.1,11,1429,388.6234864811789,353.8607318591784,388.6234864811789
T0_B1_N32_D_s1200_n4,T0_B1_N32_D,1200,1610,1249,False,1200.54,69.0,15,2301,93.58831425221034,52.13263046547701,93.58831425221034
T0_B1_N32_D_s1200_n5,T0_B1_N32_D,1200,-352,-1013,False,1872.99,45.7,11,1611,187.232971842734,54.38245999485666,187.232971842734
T0_B1_N32_D_s1200_n6,T0_B1_N32_D,1200,1732,-294,False,1442.45,59.8,14,2754,359.66677687420514,880.6103935766467,359.6667768742053
T0_B1_N32_D_s1200_n7,T0_B1_N32_D,1200,556,-416,False,1016.95,102.9,11,1294,338.35808462318704,331.57270323784445,338.35808462318704
T0_B1_N32_D_s400_n0,T0_B1_N32_D,400,317,-28,False,256.27,118.3,2,108,10.907788155166664,65.99410740924361,10.907788155166664
T0_B1_N32_D_s400_n1,T0_B1_N32_D,400,1787,176,False,1587.18,15.6,8,511,391.97143941399344,579.5438085632146,579.5438085632146
T0_B1_N32_D_s400_n2,T0_B1_N32_D,400,-686,442,False,918.46,28.7,3,116,491.40720805970193,161.9541039332655,491.40720805970193
T0_B1_N32_D_s400_n3,T0_B1_N32_D,400,-770,-288,False,1085.84,25.1,3,121,875.9188736613759,176.45295197676165,176.45295197676165
T0_B1_N32_D_s400_n4,T0_B1_N32_D,400,125,349,True,166.81,208.1,2,144,8.731080281596963,6.171808578885115,8.731080281596963
T0_B1_N32_D_s400_n6,T0_B1_N32_D,400,1884,390,False,1694.68,14.6,7,438,771.8062245728793,911.7219786456816,771.8062245728793
T0_B1_N32_D_s600_n0,T0_B1_N32_D,600,524,-1749,False,2061.21,18.4,4,189,984.6861889117272,725.0396742514548,984.6861889117272
T0_B1_N32_D_s600_n1,T0_B1_N32_D,600,-443,-488,False,1083.05,39.4,5,304,760.3203688393149,758.690395163484,758.690395163484
T0_B1_N32_D_s600_n2,T0_B1_N32_D,600,-219,-194,False,716.52,55.6,5,227,291.0265321220061,290.60094462760065,290.60094462760065
T0_B1_N32_D_s600_n3,T0_B1_N32_D,600,-296,704,False,720.02,56.4,4,239,57.07820709114702,180.9654186567936,57.07820709114702
T0_B1_N32_D_s600_n4,T0_B1_N32_D,600,-44,-34,False,479.47,80.6,5,246,88.4845819220493,132.47925635577934,132.47925635577934
T0_B1_N32_D_s600_n5,T0_B1_N32_D,600,1219,2013,False,1943.95,11.6,6,223,1500.8697312249933,1032.4598804062548,1500.8697312249933
T0_B1_N32_D_s600_n6,T0_B1_N32_D,600,242,-208,False,511.3,96.2,4,220,135.826504562664,46.04565277544179,135.826504562664
T0_B1_N32_D_s600_n7,T0_B1_N32_D,600,131,-1105,False,1415.13,27.2,7,461,1676.5693065915962,574.0799452838996,1676.5693065915962
T0_B1_N32_D_s800_n0,T0_B1_N32_D,800,247,359,True,158.4,356.0,3,445,9.89640088382769,29.09850867237065,9.89640088382769
T0_B1_N32_D_s800_n1,T0_B1_N32_D,800,-403,1620,False,1460.55,40.0,12,1115,996.4347330972288,791.5768727511256,996.4347330972288
T0_B1_N32_D_s800_n2,T0_B1_N32_D,800,611,-734,False,1153.46,50.7,8,588,309.2653792827294,288.8119118607726,309.2653792827294
T0_B1_N32_D_s800_n3,T0_B1_N32_D,800,1950,1284,False,1784.36,31.6,9,1004,307.3244729167964,276.2710871199067,307.3244729167964
T0_B1_N32_D_s800_n4,T0_B1_N32_D,800,747,-156,False,655.4,84.0,7,402,1191.0217376213832,134.47976581975416,1191.0217376213832
T0_B1_N32_D_s800_n5,T0_B1_N32_D,800,1840,-642,False,1777.46,27.6,9,884,1138.9930309269764,1658.4981908907816,1138.9930309269764
T0_B1_N32_D_s800_n6,T0_B1_N32_D,800,1224,1244,False,1179.54,49.9,14,972,648.4369917512605,172.92541399217208,648.4369917512605
T0_B1_N32_D_s800_n7,T0_B1_N32_D,800,1814,211,False,1426.58,40.4,11,1488,264.10779590212127,319.402458307352,264.10779590212127
T0_B2_N12_A_s1000_n0,T0_B2_N12_A,1000,320,563,True,190.71,358.5,21,4405,3.021941208989208,66.53995835843715,3.021941208989208
T0_B2_N12_A_s1000_n1,T0_B2_N12_A,1000,181,115,True,499.99,356.3,21,3946,5.753825686227884,94.60668743905468,5.753825686227886
T0_B2_N12_A_s1000_n2,T0_B2_N12_A,1000,495,558,True,58.22,359.2,21,3707,3.021941208980294,40.31787964153904,3.021941208980262
T0_B2_N12_A_s1000_n3,T0_B2_N12_A,1000,349,208,True,328.73,357.4,21,4466,4.773568416154371,49.395566718677145,4.773568416154356
T0_B2_N12_A_s1000_n4,T0_B2_N12_A,1000,285,343,True,266.22,358.4,21,4862,4.773568416180105,73.05733899361431,4.773568416180105
T0_B2_N12_A_s1000_n5,T0_B2_N12_A,1000,565,415,True,107.0,358.8,21,4523,2.647711984967466,8.866492620723182,2.647711984967466
T0_B2_N12_A_s1000_n6,T0_B2_N12_A,1000,337,527,True,165.22,358.5,21,4324,3.0219412089738515,62.64331464106645,3.0219412089738515
T0_B2_N12_A_s1000_n7,T0_B2_N12_A,1000,773,115,True,471.97,356.3,21,4253,6.487868509301883,43.5503792576637,6.487868509301883
T0_B2_N12_A_s1200_n0,T0_B2_N12_A,1200,463,793,True,236.68,358.9,21,6891,3.0219412090231788,76.90669691463916,3.0219412090231788
T0_B2_N12_A_s1200_n1,T0_B2_N12_A,1200,527,695,True,119.81,359.2,21,7195,3.0219412090101865,52.10221419203818,3.0219412090101865
T0_B2_N12_A_s1200_n2,T0_B2_N12_A,1200,773,315,True,333.4,358.5,21,6138,4.716766766463328,20.776203196351474,4.716766766463328
T0_B2_N12_A_s1200_n3,T0_B2_N12_A,1200,448,446,True,216.38,359.1,21,6581,3.021941208925081,43.445424445941406,3.021941208925081
T0_B2_N12_A_s1200_n4,T0_B2_N12_A,1200,505,430,True,194.74,358.8,21,6791,3.0219412089204,33.00578542053333,3.0219412089204
T0_B2_N12_A_s1200_n5,T0_B2_N12_A,1200,381,315,True,359.42,358.5,21,5471,2.5824079535158773,57.56054661647774,2.5824079535158773
T0_B2_N12_A_s1200_n6,T0_B2_N12_A,1200,381,315,True,359.42,358.5,21,5471,2.5824079535158773,57.56054661647774,2.5824079535158773
T0_B2_N12_A_s1200_n7,T0_B2_N12_A,1200,696,639,True,103.62,359.3,21,7355,3.021941209003085,31.229894610146744,3.021941209003085
T0_B2_N12_A_s400_n0,T0_B2_N12_A,400,340,-21,False,261.61,149.3,11,449,4.56436283382696,5.272582515495066,4.56436283382696
T0_B2_N12_A_s400_n1,T0_B2_N12_A,400,-354,-179,False,671.24,41.8,12,1011,178.26780286130358,184.8065737438748,178.26780286130358
T0_B2_N12_A_s400_n2,T0_B2_N12_A,400,311,-187,False,402.6,79.7,14,475,636.778543031449,3.286622516576141,636.7785430314491
T0_B2_N12_A_s400_n3,T0_B2_N12_A,400,151,-253,False,455.64,72.7,17,752,670.231609180528,106.05869118097102,670.231609180528
T0_B2_N12_A_s400_n4,T0_B2_N12_A,400,-337,528,False,629.25,45.6,15,1029,133.98887731247217,148.96851396422642,133.98887731247217
T0_B2_N12_A_s400_n5,T0_B2_N12_A,400,490,703,False,580.61,49.9,16,1105,103.25071191258034,74.03622507572034,103.25071191258034
T0_B2_N12_A_s400_n6,T0_B2_N12_A,400,381,78,True,218.28,219.8,10,494,4.837703209460744,15.496421349417403,4.837703209460744
T0_B2_N12_A_s400_n7,T0_B2_N12_A,400,-198,212,False,398.18,82.6,12,636,26.550680471199808,80.21803738779661,26.550680471199808
T0_B2_N12_A_s600_n0,T0_B2_N12_A,600,630,667,False,493.55,80.2,20,2257,26.288666893109035,79.55272846575053,26.288666893109035
T0_B2_N12_A_s600_n1,T0_B2_N12_A,600,338,575,True,277.61,236.8,16,1006,25.016143885975705,38.06159995419191,25.016143885975705
T0_B2_N12_A_s600_n2,T0_B2_N12_A,600,287,436,True,136.62,357.1,10,952,3.07793381771198,34.507008062410144,3.07793381771198
T0_B2_N12_A_s600_n3,T0_B2_N12_A,600,460,380,True,178.89,357.2,13,1123,72.39103344066909,22.696709318676024,72.39103344066909
T0_B2_N12_A_s600_n4,T0_B2_N12_A,600,-182,-145,False,656.01,61.9,16,1652,55.21900218440793,50.884128666311895,55.21900218440793
T0_B2_N12_A_s600_n5,T0_B2_N12_A,600,413,43,True,280.75,353.1,18,1207,549.4685587398851,11.116215330468762,549.4685587398851
T0_B2_N12_A_s600_n6,T0_B2_N12_A,600,753,-246,False,709.45,55.8,15,1530,115.59700387851608,146.73802272492608,115.59700387851608
T0_B2_N12_A_s600_n7,T0_B2_N12_A,600,-61,105,False,410.3,130.7,20,2116,26.52013721325629,62.76693609756013,26.52013721325629
T0_B2_N12_A_s800_n0,T0_B2_N12_A,800,226,117,True,332.21,356.3,21,3248,4.163899692469897,58.40656163597201,4.163899692469895
T0_B2_N12_A_s800_n1,T0_B2_N12_A,800,-19,306,False,429.41,173.1,21,3077,11.919078153031895,90.2434415998728,11.919078153031895
T0_B2_N12_A_s800_n2,T0_B2_N12_A,800,486,94,True,317.86,356.3,21,3093,6.194030459114455,25.42725645261452,6.194030459114455
T0_B2_N12_A_s800_n3,T0_B2_N12_A,800,-19,-85,False,640.93,81.2,19,2397,85.30461490498374,115.6412237530343,85.30461490498374
T0_B2_N12_A_s800_n4,T0_B2_N12_A,800,-19,172,False,477.02,169.6,21,3184,11.919078153031816,135.42345734204557,11.919078153031816
T0_B2_N12_A_s800_n5,T0_B2_N12_A,800,571,782,True,418.53,219.5,21,3194,1.8336810412381623,94.59996493557804,1.8336810412381623
T0_B2_N12_A_s800_n6,T0_B2_N12_A,800,587,668,True,326.79,356.9,21,3041,1.7861777686371512,55.76666755443081,1.7861777686371512
T0_B2_N12_A_s800_n7,T0_B2_N12_A,800,48,267,True,376.29,353.7,21,3246,11.032279684134032,94.92965824245437,11.032279684134032
T0_B2_N12_ADAP_s1000_n0,T0_B2_N12_ADAP,1000,184,1485,False,1034.45,75.0,18,2200,57.980583675415005,123.85376793258588,57.980583675415005
T0_B2_N12_ADAP_s1000_n1,T0_B2_N12_ADAP,1000,204,391,True,315.43,356.5,8,1031,2.6138140297482355,7.163579657422567,2.6138140297482355
T0_B2_N12_ADAP_s1000_n2,T0_B2_N12_ADAP,1000,619,495,True,119.1,357.7,6,1060,2.613814029750548,21.920044315211328,2.613814029750548
T0_B2_N12_ADAP_s1000_n3,T0_B2_N12_ADAP,1000,1665,244,False,1192.8,65.5,16,2171,346.1391318784053,379.4691989827093,346.1391318784055
T0_B2_N12_ADAP_s1000_n4,T0_B2_N12_ADAP,1000,-659,97,False,1227.07,60.8,16,2727,197.2456137372934,235.6331916263557,197.2456137372934
T0_B2_N12_ADAP_s1000_n5,T0_B2_N12_ADAP,1000,1515,-450,False,1390.22,53.3,15,2271,169.70887876160896,199.51770842246404,169.70887876160896
T0_B2_N12_ADAP_s1000_n6,T0_B2_N12_ADAP,1000,16,1257,False,898.5,77.0,18,1316,1464.0227871614527,139.81246935662276,1464.0227871614527
T0_B2_N12_ADAP_s1000_n7,T0_B2_N12_ADAP,1000,646,1141,False,657.42,138.1,12,1020,10.58394296840474,55.03361044406511,10.583942968404942
T0_B2_N12_ADAP_s1200_n0,T0_B2_N12_ADAP,1200,116,1120,True,710.39,352.0,17,1681,21.162666989562435,103.9901152629428,21.162666989562435
T0_B2_N12_ADAP_s1200_n1,T0_B2_N12_ADAP,1200,1213,-81,False,916.26,85.1,20,2162,11.591232426937486,169.5211601702875,11.591232426937486
T0_B2_N12_ADAP_s1200_n2,T0_B2_N12_ADAP,1200,-83,-147,False,1012.17,79.7,19,3434,57.49408782450241,63.26492949990863,57.49408782450241
T0_B2_N12_ADAP_s1200_n3,T0_B2_N12_ADAP,1200,927,122,True,579.15,352.7,13,1634,2.6138140299730046,42.14441366330247,2.6138140299730184
T0_B2_N12_ADAP_s1200_n4,T0_B2_N12_ADAP,1200,-57,279,False,731.22,153.6,20,2170,1496.4559495106564,36.7154382876248,1496.4559495106564
T0_B2_N12_ADAP_s1200_n5,T0_B2_N12_ADAP,1200,592,-714,False,1314.02,77.1,16,2862,74.33691757615682,104.30650708191128,74.33691757615682
T0_B2_N12_ADAP_s1200_n6,T0_B2_N12_ADAP,1200,287,-643,False,1281.8,77.0,17,3201,137.40225679466485,165.02420860362818,137.40225679466485
T0_B2_N12_ADAP_s1200_n7,T0_B2_N12_ADAP,1200,465,-2,False,616.95,178.3,15,1792,109.52689938963174,58.67741263048904,109.52689938963174
T0_B2_N12_ADAP_s400_n0,T0_B2_N12_ADAP,400,-1203,1230,False,1740.49,11.3,7,298,1385.0707981375888,1086.3712423727477,1385.0707981375888
T0_B2_N12_ADAP_s400_n1,T0_B2_N12_ADAP,400,-303,-181,False,631.01,44.6,4,186,871.7977679604388,116.04490089629822,871.7977679604388
T0_B2_N12_ADAP_s400_n2,T0_B2_N12_ADAP,400,-985,269,False,1187.01,21.7,6,265,105.06218163168288,413.5592574959941,413.5592574959941
T0_B2_N12_ADAP_s400_n3,T0_B2_N12_ADAP,400,401,-1422,False,1634.41,15.4,6,379,38.177935785080514,43.31911166543727,43.31911166543727
T0_B2_N12_ADAP_s400_n4,T0_B2_N12_ADAP,400,-1154,725,False,1452.22,19.2,11,641,1154.2045040598289,413.6269585779285,1154.2045040598289
T0_B2_N12_ADAP_s400_n5,T0_B2_N12_ADAP,400,1467,1015,False,1506.49,19.3,9,618,267.1880158729795,64.2079194309836,64.2079194309836
T0_B2_N12_ADAP_s400_n6,T0_B2_N12_ADAP,400,-135,747,False,641.43,41.0,4,132,129.73827227539505,52.51485925191866,129.73827227539505
T0_B2_N12_ADAP_s400_n7,T0_B2_N12_ADAP,400,1073,860,False,1094.41,26.2,6,214,920.7121101252038,42.0812898048397,920.7121101252038
T0_B2_N12_ADAP_s600_n0,T0_B2_N12_ADAP,600,738,-485,False,898.93,46.5,7,417,62.33123762849094,111.45544424624384,62.33123762849094
T0_B2_N12_ADAP_s600_n1,T0_B2_N12_ADAP,600,313,-231,False,531.16,77.6,5,288,56.398118145408986,61.26152431385551,56.398118145408986
T0_B2_N12_ADAP_s600_n2,T0_B2_N12_ADAP,600,694,-986,False,1345.0,30.1,13,1006,1053.9259003891443,157.2650556142379,1053.9259003891443
T0_B2_N12_ADAP_s600_n3,T0_B2_N12_ADAP,600,1397,1025,False,1314.93,33.5,13,1180,138.12614914768554,56.98015726182866,138.1261491476855
T0_B2_N12_ADAP_s600_n4,T0_B2_N12_ADAP,600,-317,582,False,678.39,61.8,6,308,123.38091345698582,95.9855849001613,123.3809134569858
T0_B2_N12_ADAP_s600_n5,T0_B2_N12_ADAP,600,105,-290,False,621.39,66.4,5,336,155.30327005450573,140.2141001556035,155.30327005450573
T0_B2_N12_ADAP_s600_n6,T0_B2_N12_ADAP,600,-446,1414,False,1340.71,33.2,14,1170,923.8422781280868,484.0371226175648,923.8422781280868
T0_B2_N12_ADAP_s800_n0,T0_B2_N12_ADAP,800,905,310,False,512.96,145.2,8,700,14.29029983354959,32.87069288188699,14.290299833549703
T0_B2_N12_ADAP_s800_n1,T0_B2_N12_ADAP,800,153,734,True,415.41,352.0,7,702,2.6138140297038244,36.83061373342975,2.6138140297038244
T0_B2_N12_ADAP_s800_n2,T0_B2_N12_ADAP,800,751,723,True,477.0,352.0,9,767,2.613814029720232,60.17220410241155,2.613814029720232
T0_B2_N12_ADAP_s800_n3,T0_B2_N12_ADAP,800,-252,-79,False,809.04,68.8,11,894,115.72133383823513,26.620810714613224,26.62081071461327
T0_B2_N12_ADAP_s800_n4,T0_B2_N12_ADAP,800,-621,-630,False,1450.29,41.4,14,2118,169.49774428803312,175.83996062116285,169.49774428803312
T0_B2_N12_ADAP_s800_n5,T0_B2_N12_ADAP,800,554,-744,False,1154.32,51.2,16,1466,139.53850948679144,99.06436213792024,139.53850948679144
T0_B2_N12_ADAP_s800_n6,T0_B2_N12_ADAP,800,-793,-29,False,1267.79,43.2,15,2070,220.49664790865089,198.3062053269168,220.49664790865097
T0_B2_N12_ADAP_s800_n7,T0_B2_N12_ADAP,800,-376,-92,False,918.83,61.4,15,1077,1439.2813502706097,36.50551106467043,1439.2813502706097
T0_B2_N12_B_s1000_n0,T0_B2_N12_B,1000,-5,-452,False,1077.65,65.1,17,1816,1733.8118143115262,238.76077227047412,1733.811814311526
T0_B2_N12_B_s1000_n1,T0_B2_N12_B,1000,-642,985,False,1240.72,56.1,16,1829,111.07674546899578,85.43609811512005,111.07674546899578
T0_B2_N12_B_s1000_n2,T0_B2_N12_B,1000,1045,1435,False,1082.24,63.2,17,1490,1754.4906403335915,66.6795179672602,66.6795179672602
T0_B2_N12_B_s1000_n3,T0_B2_N12_B,1000,855,224,True,449.67,352.1,8,1001,5.00223313528304,16.269819990387827,5.002233135283018
T0_B2_N12_B_s1000_n4,T0_B2_N12_B,1000,1631,439,False,1132.64,69.3,16,2430,61.485834366215,66.29779837661086,61.485834366215
T0_B2_N12_B_s1000_n5,T0_B2_N12_B,1000,-767,442,False,1268.33,61.6,15,2240,102.54136939697158,99.68206735403471,102.5413693969716
T0_B2_N12_B_s1000_n6,T0_B2_N12_B,1000,-463,-834,False,1645.27,44.2,14,2936,967.01847708149,177.9965093747255,177.9965093747255
T0_B2_N12_B_s1000_n7,T0_B2_N12_B,1000,-375,1302,False,1186.94,59.4,17,1660,97.92240978208544,171.25486626248477,97.92240978208544
T0_B2_N12_B_s1200_n0,T0_B2_N12_B,1200,439,-1091,False,1698.65,54.3,12,2546,451.6139295402258,419.3521742097567,451.6139295402258
T0_B2_N12_B_s1200_n1,T0_B2_N12_B,1200,-39,501,False,646.62,171.0,9,1513,12.887283587874746,24.96406932312069,12.887283587874746
T0_B2_N12_B_s1200_n2,T0_B2_N12_B,1200,1109,827,True,557.32,351.0,11,1552,1359.379244045219,28.542223177669065,28.542223177669065
T0_B2_N12_B_s1200_n3,T0_B2_N12_B,1200,134,975,True,598.15,352.4,11,1555,5.002233135457392,56.43404932797744,5.002233135457479
T0_B2_N12_B_s1200_n4,T0_B2_N12_B,1200,-242,288,False,897.95,115.6,13,1710,1655.1515427005777,32.048539765501125,1655.1515427005777
T0_B2_N12_B_s1200_n5,T0_B2_N12_B,1200,907,641,True,309.73,357.3,8,1381,5.002233135440223,16.9811975154057,5.002233135440149
T0_B2_N12_B_s1200_n6,T0_B2_N12_B,1200,1759,-690,False,1734.18,45.4,14,2261,100.70536027778064,144.55443804765173,100.70536027778064
T0_B2_N12_B_s1200_n7,T0_B2_N12_B,1200,13,1128,True,789.53,221.9,15,1657,32.99505007163699,93.27845296115215,32.99505007163699
T0_B2_N12_B_s400_n0,T0_B2_N12_B,400,-1136,834,False,1478.8,19.7,11,387,1737.6610405271235,269.29442667429294,1737.6610405271235
T0_B2_N12_B_s400_n1,T0_B2_N12_B,400,30,-308,False,535.69,43.4,3,132,168.80384741957306,148.48285148597046,168.80384741957306
T0_B2_N12_B_s400_n2,T0_B2_N12_B,400,-174,-307,False,630.02,40.6,4,187,873.6188991260523,55.58152075719439,873.6188991260523
T0_B2_N12_B_s400_n3,T0_B2_N12_B,400,-429,-1003,False,1357.52,21.3,8,361,1544.4796350654235,285.558064965522,1544.4796350654235
T0_B2_N12_B_s400_n4,T0_B2_N12_B,400,-370,-13,False,608.5,42.5,3,163,163.22105271032643,175.0982991778174,163.22105271032643
T0_B2_N12_B_s400_n6,T0_B2_N12_B,400,-228,129,False,433.85,59.7,2,124,54.56428568763627,95.08317178201554,54.56428568763627
T0_B2_N12_B_s400_n7,T0_B2_N12_B,400,-284,56,False,504.97,49.9,3,144,192.27674736351025,151.45018152873354,192.27674736351025
T0_B2_N12_B_s600_n0,T0_B2_N12_B,600,-703,537,False,1030.62,38.3,6,392,48.19304953105484,49.978857649345976,48.19304953105484
T0_B2_N12_B_s600_n1,T0_B2_N12_B,600,-132,511,False,480.78,99.7,5,359,32.6359185483931,50.02289180905866,32.6359185483931
T0_B2_N12_B_s600_n2,T0_B2_N12_B,600,-153,3,False,541.68,76.2,5,371,13.353812367027356,36.09836214510527,13.353812367027356
T0_B2_N12_B_s600_n3,T0_B2_N12_B,600,1428,-1219,False,1892.02,13.7,7,334,1542.5299919604363,616.6404275609489,1542.5299919604363
T0_B2_N12_B_s600_n4,T0_B2_N12_B,600,-1360,-895,False,2045.39,9.7,6,298,1598.6711427155485,831.8511906414417,831.8511906414417
T0_B2_N12_B_s600_n5,T0_B2_N12_B,600,488,224,True,202.78,351.0,4,389,606.1197946905629,12.038247649158842,606.1197946905629
T0_B2_N12_B_s600_n6,T0_B2_N12_B,600,1365,928,False,1236.37,35.3,12,648,1609.0078214198925,277.7912303402253,277.7912303402253
T0_B2_N12_B_s600_n7,T0_B2_N12_B,600,493,385,True,210.89,351.0,3,372,5.002233135395438,20.01374617061289,5.002233135395438
T0_B2_N12_B_s800_n0,T0_B2_N12_B,800,1091,320,False,695.62,97.4,7,694,35.94102545666809,11.363621375570537,35.94102545666809
T0_B2_N12_B_s800_n1,T0_B2_N12_B,800,-602,-240,False,1188.95,48.9,14,1022,1753.1471695357154,117.1363845007808,1753.1471695357154
T0_B2_N12_B_s800_n2,T0_B2_N12_B,800,602,-109,False,547.62,132.0,7,583,1042.218566636254,27.184695520560734,1042.218566636254
T0_B2_N12_B_s800_n3,T0_B2_N12_B,800,-574,159,False,1003.37,58.9,8,735,104.85488419621906,86.79422506073486,104.85488419621906
T0_B2_N12_B_s800_n4,T0_B2_N12_B,800,-1002,1504,False,1784.49,30.6,11,1040,158.03629643146363,35.48743776174321,158.03629643146363
T0_B2_N12_B_s800_n5,T0_B2_N12_B,800,-551,-723,False,1471.57,41.4,14,2362,193.40231909117807,340.8495360026436,193.40231909117807
T0_B2_N12_B_s800_n6,T0_B2_N12_B,800,-291,-9,False,802.97,66.7,8,747,136.85064845720154,32.13399620543974,32.13399620543974
T0_B2_N12_B_s800_n7,T0_B2_N12_B,800,-600,-292,False,1216.09,46.7,15,1136,1752.3972502407553,182.6440033703272,1752.3972502407553
T0_B2_N12_C_s1000_n0,T0_B2_N12_C,1000,1117,72,False,750.91,104.9,17,2711,45.18159928161533,117.2671960749035,45.18159928161533
T0_B2_N12_C_s1000_n1,T0_B2_N12_C,1000,1025,101,False,659.41,152.5,18,2888,9.837854036324204,106.81149973701088,9.837854036324204
T0_B2_N12_C_s1000_n2,T0_B2_N12_C,1000,139,354,True,389.41,354.8,18,2297,8.693101615948954,48.6744618911909,8.693101615948954
T0_B2_N12_C_s1000_n3,T0_B2_N12_C,1000,464,672,True,175.73,358.5,8,1736,8.681870637277013,35.196548982701465,8.681870637277013
T0_B2_N12_C_s1000_n4,T0_B2_N12_C,1000,687,-71,False,600.84,159.6,18,2547,9.600835944566,29.51002903142915,9.600835944566
T0_B2_N12_C_s1000_n5,T0_B2_N12_C,1000,843,-60,False,656.7,134.5,18,2626,8.69808796556856,28.475187832790688,8.69808796556856
T0_B2_N12_C_s1000_n6,T0_B2_N12_C,1000,709,916,True,465.55,353.4,16,1740,12.979415553415148,80.76495773624765,12.97941555341524
T0_B2_N12_C_s1000_n7,T0_B2_N12_C,1000,-88,1214,False,924.95,73.5,16,2722,75.15521801060511,47.956145963283966,75.15521801060511
T0_B2_N12_C_s1200_n0,T0_B2_N12_C,1200,33,954,True,668.43,236.5,18,3679,20.152471496566424,102.2170753119864,20.152471496566424
T0_B2_N12_C_s1200_n1,T0_B2_N12_C,1200,37,824,True,605.92,244.4,18,3662,21.048762416568582,99.83779474564966,21.04876241656859
T0_B2_N12_C_s1200_n2,T0_B2_N12_C,1200,648,-191,False,792.46,142.3,17,2970,12.065586607917709,18.671740520937902,12.065586607917709
T0_B2_N12_C_s1200_n3,T0_B2_N12_C,1200,547,904,True,308.59,357.7,17,2707,1047.54222738776,36.990396121324174,1047.54222738776
T0_B2_N12_C_s1200_n4,T0_B2_N12_C,1200,416,1082,True,515.93,353.4,18,3327,8.681870637288691,29.813467005647,8.681870637288691
T0_B2_N12_C_s1200_n5,T0_B2_N12_C,1200,844,1150,True,601.69,259.6,18,3464,21.37176773404528,152.33366785115018,21.37176773404528
T0_B2_N12_C_s1200_n6,T0_B2_N12_C,1200,33,-191,False,973.23,88.7,17,2986,24.09485469237657,57.44380368111711,24.0948546923766
T0_B2_N12_C_s1200_n7,T0_B2_N12_C,1200,1127,58,True,755.97,292.7,18,3281,8.1825855783446,85.54163955528969,8.1825855783446
T0_B2_N12_C_s400_n0,T0_B2_N12_C,400,242,-300,False,501.76,56.1,6,254,62.04127557236521,24.161146900681533,62.041275572365166
T0_B2_N12_C_s400_n1,T0_B2_N12_C,400,-494,-423,False,932.61,33.1,11,903,781.6183120506369,282.18092932764813,282.18092932764813
T0_B2_N12_C_s400_n2,T0_B2_N12_C,400,347,-46,False,286.57,120.1,5,277,12.302975648942738,8.317271934830389,12.302975648942738
T0_B2_N12_C_s400_n3,T0_B2_N12_C,400,258,66,True,146.01,321.0,3,338,8.798637790444795,4.737687698872003,8.798637790444795
T0_B2_N12_C_s400_n4,T0_B2_N12_C,400,96,-67,False,286.54,106.4,5,295,18.27782021655215,14.22444338925752,18.27782021655216
T0_B2_N12_C_s400_n5,T0_B2_N12_C,400,219,-213,False,413.44,77.6,5,240,602.6172830655117,18.8944062359763,602.6172830655117
T0_B2_N12_C_s400_n6,T0_B2_N12_C,400,160,215,True,42.72,354.6,2,386,8.681870637294658,11.549560481920722,8.681870637294644
T0_B2_N12_C_s400_n7,T0_B2_N12_C,400,12,-237,False,475.72,58.1,6,320,785.3697538164844,49.76944585176575,785.3697538164844
T0_B2_N12_C_s600_n0,T0_B2_N12_C,600,172,23,True,305.14,217.1,7,707,9.003789069409258,7.02381226940312,9.003789069409258
T0_B2_N12_C_s600_n1,T0_B2_N12_C,600,466,-457,False,774.99,57.5,14,1051,191.948762475808,139.69815155462453,191.948762475808
T0_B2_N12_C_s600_n2,T0_B2_N12_C,600,652,-727,False,1085.65,37.9,10,724,105.15517775648718,153.45465439059765,105.15517775648718
T0_B2_N12_C_s600_n3,T0_B2_N12_C,600,-194,462,False,519.88,92.1,8,585,72.07720811941395,104.24123171546798,72.07720811941395
T0_B2_N12_C_s600_n4,T0_B2_N12_C,600,598,1040,False,797.75,50.2,15,680,1193.5014173441111,232.68293066374488,232.68293066374488
T0_B2_N12_C_s600_n5,T0_B2_N12_C,600,-62,-323,False,720.54,59.0,15,1332,107.45800562808584,106.91619863362588,107.45800562808586
T0_B2_N12_C_s600_n6,T0_B2_N12_C,600,-233,264,False,534.21,96.2,8,643,82.28904836178663,83.49099787026098,82.28904836178663
T0_B2_N12_C_s600_n7,T0_B2_N12_C,600,742,674,False,579.0,69.3,10,557,115.86615474601156,110.97871660270164,115.86615474601156
T0_B2_N12_C_s800_n0,T0_B2_N12_C,800,-200,-185,False,837.99,67.5,16,2427,51.4899675631052,134.40539145487153,51.4899675631052
T0_B2_N12_C_s800_n1,T0_B2_N12_C,800,-367,382,False,767.21,89.3,15,1691,94.3101504561732,99.05432059839258,94.3101504561732
T0_B2_N12_C_s800_n2,T0_B2_N12_C,800,174,93,True,381.22,353.4,13,1368,11.998602611120727,23.266194446893422,23.266194446893422
T0_B2_N12_C_s800_n3,T0_B2_N12_C,800,-367,371,False,767.55,89.0,15,1707,93.25066940963004,98.02686430125996,93.25066940963004
T0_B2_N12_C_s800_n4,T0_B2_N12_C,800,630,-252,False,691.38,99.9,16,1726,12.811031699555922,20.41004098148685,12.811031699555922
T0_B2_N12_C_s800_n5,T0_B2_N12_C,800,145,-116,False,575.57,127.6,17,1894,9.392324336986354,53.94815845327179,9.39232433698635
T0_B2_N12_C_s800_n6,T0_B2_N12_C,800,471,-200,False,604.19,115.8,16,1780,30.61922146350523,48.65240124037922,30.61922146350523
T0_B2_N12_C_s800_n7,T0_B2_N12_C,800,217,660,True,317.94,353.4,8,1145,11.47383083023804,30.10244131798684,11.47383083023804
T0_B2_N12_D_s1000_n0,T0_B2_N12_D,1000,430,-840,False,1341.83,59.3,10,1752,1339.7789339368603,608.8115462398813,608.8115462398813
T0_B2_N12_D_s1000_n1,T0_B2_N12_D,1000,776,1003,False,573.75,177.2,8,1025,186.2176854097634,101.52721550703,186.2176854097634
T0_B2_N12_D_s1000_n2,T0_B2_N12_D,1000,-4,1160,False,830.43,79.6,8,808,82.63100754694881,220.3179208735796,82.63100754694881
T0_B2_N12_D_s1000_n3,T0_B2_N12_D,1000,255,-4,False,560.39,175.9,9,1423,7.883057818295835,28.23207679311452,7.883057818295835
T0_B2_N12_D_s1000_n4,T0_B2_N12_D,1000,1398,-499,False,1343.28,52.8,12,2808,226.4643163779917,214.37598211265924,226.4643163779915
T0_B2_N12_D_s1000_n5,T0_B2_N12_D,1000,-610,1790,False,1701.82,43.2,11,1910,1073.4580292595515,430.6323046804847,1073.4580292595515
T0_B2_N12_D_s1000_n6,T0_B2_N12_D,1000,1131,-625,False,1289.88,55.1,12,2638,180.09054338664663,222.3842068301365,180.09054338664671
T0_B2_N12_D_s1000_n7,T0_B2_N12_D,1000,-106,985,False,776.18,88.2,9,864,1478.9196503104622,190.95251606630325,1478.9196503104622
T0_B2_N12_D_s1200_n0,T0_B2_N12_D,1200,-153,471,False,763.97,148.7,15,2244,67.74584576963795,102.4687639617364,67.74584576963795
T0_B2_N12_D_s1200_n1,T0_B2_N12_D,1200,753,281,True,353.79,356.6,8,2039,4.398535136319716,8.288863515577377,4.398535136319716
T0_B2_N12_D_s1200_n2,T0_B2_N12_D,1200,15,1435,False,1019.53,80.5,15,1574,1169.1050223891684,277.57411073834686,1169.1050223891684
T0_B2_N12_D_s1200_n3,T0_B2_N12_D,1200,44,1291,False,886.91,106.8,13,1343,1577.8000984860246,222.511469802878,1577.8000984860246
T0_B2_N12_D_s1200_n4,T0_B2_N12_D,1200,216,641,True,386.18,356.4,7,1704,7.262204950626172,59.628495122056,7.262204950626172
T0_B2_N12_D_s1200_n5,T0_B2_N12_D,1200,-529,-905,False,1881.4,27.4,9,993,563.0054373996252,528.57290201228,563.0054373996252
T0_B2_N12_D_s1200_n6,T0_B2_N12_D,1200,1859,90,False,1358.37,66.2,12,3687,57.24739099592222,103.73892715806716,57.24739099592222
T0_B2_N12_D_s1200_n7,T0_B2_N12_D,1200,124,1702,False,1200.41,73.5,13,2009,313.27739601064013,305.89276239357287,313.2773960106404
T0_B2_N12_D_s400_n0,T0_B2_N12_D,400,352,-231,False,457.02,62.2,3,230,34.82191423326708,37.68307368765891,34.82191423326708
T0_B2_N12_D_s400_n1,T0_B2_N12_D,400,-143,145,False,347.38,79.1,3,170,497.5040449563624,57.60552530915458,497.5040449563624
T0_B2_N12_D_s400_n2,T0_B2_N12_D,400,-377,1699,False,1606.22,17.3,9,370,1862.0437554958032,741.721874601122,1862.0437554958032
T0_B2_N12_D_s400_n3,T0_B2_N12_D,400,-103,975,False,832.13,28.1,3,106,1207.9980689237648,151.03303710961782,1207.9980689237648
T0_B2_N12_D_s400_n4,T0_B2_N12_D,400,-9,238,False,212.43,170.6,3,203,4.59262697019272,14.285684209598536,4.592626970192694
T0_B2_N12_D_s400_n5,T0_B2_N12_D,400,151,554,False,357.38,80.3,2,134,16.966103604024486,15.275022140388009,16.966103604024486
T0_B2_N12_D_s400_n6,T0_B2_N12_D,400,-800,-524,False,1234.58,23.2,10,699,1159.8810749501406,251.50198004803212,251.50198004803215
T0_B2_N12_D_s400_n7,T0_B2_N12_D,400,-158,-183,False,524.26,55.4,4,268,44.00718543235848,181.2875352782513,44.00718543235848
T0_B2_N12_D_s600_n1,T0_B2_N12_D,600,506,-134,False,480.41,88.0,5,513,847.4504643641918,36.60944472545272,847.4504643641918
T0_B2_N12_D_s600_n2,T0_B2_N12_D,600,-290,-288,False,832.97,50.3,7,525,431.84356087902006,77.73717203748978,77.73717203748981
T0_B2_N12_D_s600_n3,T0_B2_N12_D,600,-249,-241,False,770.77,56.8,6,546,73.74363450786193,53.03146088165264,73.74363450786193
T0_B2_N12_D_s600_n4,T0_B2_N12_D,600,-543,-27,False,904.2,44.3,7,510,476.8595490299799,63.935118785247255,63.93511878524721
T0_B2_N12_D_s600_n5,T0_B2_N12_D,600,-293,1418,False,1265.53,34.1,6,402,1639.4302314113002,467.869169574414,1639.4302314113002
T0_B2_N12_D_s600_n6,T0_B2_N12_D,600,-337,278,False,637.38,74.5,4,457,72.90005215609453,69.54660750861515,72.90005215609453
T0_B2_N12_D_s600_n7,T0_B2_N12_D,600,-445,1901,False,1765.85,24.1,9,942,1402.5458278640272,683.9492923771537,1402.5458278640272
T0_B2_N12_D_s800_n0,T0_B2_N12_D,800,1103,1793,False,1560.34,37.7,10,1971,418.9325867672753,509.6126314392601,418.9325867672753
T0_B2_N12_D_s800_n1,T0_B2_N12_D,800,253,1749,False,1356.99,39.9,9,887,489.763499072005,456.9517675618108,489.7634990720052
T0_B2_N12_D_s800_n2,T0_B2_N12_D,800,857,350,False,459.73,161.5,6,907,30.599209080633287,58.62559256348995,30.599209080633287
T0_B2_N12_D_s800_n3,T0_B2_N12_D,800,836,1160,False,876.18,64.1,8,693,117.26614886574288,132.81066087525363,117.26614886574288
T0_B2_N12_D_s800_n4,T0_B2_N12_D,800,-118,-356,False,916.44,59.8,14,1492,310.7523081407765,355.92316466079194,355.92316466079194
T0_B2_N12_D_s800_n5,T0_B2_N12_D,800,-14,730,False,529.43,121.5,6,582,22.47334786647845,114.64015392423109,22.47334786647845
T0_B2_N12_D_s800_n6,T0_B2_N12_D,800,1180,442,False,781.13,84.6,7,869,144.12013986973042,182.39315630901976,144.12013986973042
T0_B2_N12_D_s800_n7,T0_B2_N12_D,800,560,-689,False,1100.69,53.1,12,1664,165.5572484462503,320.1493412159103,165.5572484462503
T0_B2_N3_A_s1000_n0,T0_B2_N3_A,1000,-314,305,False,837.03,107.2,18,2426,80.55649257083051,38.73398295693457,80.55649257083051
T0_B2_N3_A_s1000_n1,T0_B2_N3_A,1000,728,-312,False,843.4,104.6,18,2132,64.19876437267551,147.12935873225848,64.19876437267551
T0_B2_N3_A_s1000_n2,T0_B2_N3_A,1000,1067,107,False,689.88,131.4,21,2024,11.402174807453688,38.42563695723842,11.402174807453688
T0_B2_N3_A_s1000_n3,T0_B2_N3_A,1000,1451,-136,False,1144.07,61.6,16,1872,18.64311419539552,21.024345548262925,18.64311419539551
T0_B2_N3_A_s1000_n4,T0_B2_N3_A,1000,391,918,True,431.98,309.9,16,1917,27.626783413026622,49.33369834639797,27.626783413026622
T0_B2_N3_A_s1000_n5,T0_B2_N3_A,1000,1204,400,False,711.07,127.0,19,2241,31.66739055879889,104.32621223307136,31.667390558798843
T0_B2_N3_A_s1000_n6,T0_B2_N3_A,1000,899,-463,False,1042.39,71.6,16,1749,135.45290536831382,218.6067163717958,135.45290536831382
T0_B2_N3_A_s1000_n7,T0_B2_N3_A,1000,109,-190,False,793.08,104.2,19,2510,62.7898030664731,78.73406271365818,62.78980306647311
T0_B2_N3_A_s1200_n0,T0_B2_N3_A,1200,1119,873,True,586.42,352.3,21,3101,22.26063503907158,52.56550425649909,22.26063503907139
T0_B2_N3_A_s1200_n1,T0_B2_N3_A,1200,883,1002,True,491.62,355.7,21,3074,26.50010009205761,43.03980658805461,26.50010009205761
T0_B2_N3_A_s1200_n2,T0_B2_N3_A,1200,1393,681,False,797.13,139.7,20,2998,164.2308375824587,86.80930488203644,164.23083758245846
T0_B2_N3_A_s1200_n3,T0_B2_N3_A,1200,-4,-370,False,1142.68,70.9,17,2462,58.19252005815081,72.4088734010841,58.19252005815081
T0_B2_N3_A_s1200_n4,T0_B2_N3_A,1200,877,-142,False,792.02,141.5,20,2994,43.54416446256156,124.71996578962468,43.54416446256156
T0_B2_N3_A_s1200_n5,T0_B2_N3_A,1200,438,1037,True,466.06,354.6,21,3168,30.64941544803597,56.58628578849064,30.64941544803597
T0_B2_N3_A_s1200_n6,T0_B2_N3_A,1200,305,949,True,456.97,357.7,21,3116,20.599883513145983,55.27626746724334,20.599883513145983
T0_B2_N3_A_s1200_n7,T0_B2_N3_A,1200,-114,424,False,735.37,150.4,20,3336,62.89038121949409,39.51634788700818,62.89038121949409
T0_B2_N3_A_s400_n0,T0_B2_N3_A,400,481,1111,False,953.35,28.8,10,476,1148.216932302414,301.14089325980746,301.14089325980746
T0_B2_N3_A_s400_n1,T0_B2_N3_A,400,618,210,False,418.12,66.3,5,242,52.31329339892327,45.778429488165926,52.31329339892327
T0_B2_N3_A_s400_n2,T0_B2_N3_A,400,-634,954,False,1124.31,26.2,9,527,239.0533112234887,107.94150313764835,239.0533112234887
T0_B2_N3_A_s400_n3,T0_B2_N3_A,400,79,130,True,139.79,284.9,5,354,9.431170331545962,15.352346168710632,9.431170331545957
T0_B2_N3_A_s400_n4,T0_B2_N3_A,400,-398,46,False,617.51,46.2,7,305,864.5703884769891,39.88259378717864,864.5703884769891
T0_B2_N3_A_s400_n5,T0_B2_N3_A,400,148,-393,False,595.28,50.3,7,312,737.9746741760652,70.20108972145671,737.9746741760652
T0_B2_N3_A_s400_n6,T0_B2_N3_A,400,103,-211,False,422.29,73.6,7,313,31.04317098730568,54.66173630701843,31.04317098730567
T0_B2_N3_A_s400_n7,T0_B2_N3_A,400,-260,-171,False,590.97,48.2,8,392,903.3809261713094,60.16807967250156,903.3809261713094
T0_B2_N3_A_s600_n0,T0_B2_N3_A,600,1004,-419,False,1006.27,43.1,14,827,699.5458764755022,380.2827848825765,699.5458764755022
T0_B2_N3_A_s600_n1,T0_B2_N3_A,600,916,-879,False,1330.22,31.4,10,595,371.167131557614,320.108614622318,371.167131557614
T0_B2_N3_A_s600_n2,T0_B2_N3_A,600,604,-327,False,696.81,60.0,10,576,200.547633567034,91.0443435262076,200.547633567034
T0_B2_N3_A_s600_n3,T0_B2_N3_A,600,170,164,True,188.14,354.6,8,717,581.6680965069468,28.67055439447768,581.6680965069468
T0_B2_N3_A_s600_n4,T0_B2_N3_A,600,812,674,False,634.05,65.0,11,688,1021.7902040590913,99.00245306244086,99.00245306244086
T0_B2_N3_A_s600_n5,T0_B2_N3_A,600,-426,574,False,775.98,53.3,16,946,123.10040599647591,108.80493716848594,123.10040599647591
T0_B2_N3_A_s600_n6,T0_B2_N3_A,600,-36,731,False,546.5,73.6,12,654,26.671158648014305,51.775170319936414,26.671158648014305
T0_B2_N3_A_s600_n7,T0_B2_N3_A,600,256,-795,False,1095.88,39.8,11,805,151.3836686669381,125.7647344893807,151.3836686669381
T0_B2_N3_A_s800_n0,T0_B2_N3_A,800,740,231,True,379.69,267.7,11,1245,15.005467275160434,32.212846941154744,15.005467275160434
T0_B2_N3_A_s800_n1,T0_B2_N3_A,800,213,-131,False,562.97,134.1,15,1307,1105.408708885083,57.833685664550096,1105.408708885083
T0_B2_N3_A_s800_n2,T0_B2_N3_A,800,-497,653,False,932.0,65.4,15,1528,123.70892294027011,73.86275730537845,123.70892294027011
T0_B2_N3_A_s800_n3,T0_B2_N3_A,800,-514,-374,False,1197.69,45.0,12,1216,191.18462285471392,195.12164734972512,191.18462285471392
T0_B2_N3_A_s800_n4,T0_B2_N3_A,800,-102,1008,False,788.46,70.0,18,1680,56.35167566406119,89.59900016214142,56.35167566406119
T0_B2_N3_A_s800_n5,T0_B2_N3_A,800,103,141,True,394.07,354.6,13,1359,7.283684944461113,52.486456202990496,52.4864562029905
T0_B2_N3_A_s800_n6,T0_B2_N3_A,800,290,734,True,351.65,275.0,12,1134,21.3619409469373,39.52612195413098,21.3619409469373
T0_B2_N3_A_s800_n7,T0_B2_N3_A,800,328,1211,False,814.19,85.7,17,1840,46.085377226582935,78.78524220778664,46.085377226582935
T0_B2_N3_ADAP_s1000_n0,T0_B2_N3_ADAP,1000,699,76,True,468.38,352.2,10,1141,8.441754107876886,46.49986486745226,8.441754107876886
T0_B2_N3_ADAP_s1000_n1,T0_B2_N3_ADAP,1000,531,-1170,False,1670.29,42.8,11,1370,89.81156787212925,147.6693366556,89.81156787212925
T0_B2_N3_ADAP_s1000_n2,T0_B2_N3_ADAP,1000,1712,-1246,False,2125.43,20.4,8,574,1383.584475441406,247.4022676349934,1383.584475441406
T0_B2_N3_ADAP_s1000_n3,T0_B2_N3_ADAP,1000,450,-1238,False,1738.72,42.8,10,1291,65.87390611770203,101.77961347192222,65.87390611770203
T0_B2_N3_ADAP_s1000_n4,T0_B2_N3_ADAP,1000,-74,-229,False,927.86,72.8,13,1168,32.55856835206754,20.03958136739173,20.03958136739173
T0_B2_N3_ADAP_s1000_n5,T0_B2_N3_ADAP,1000,-514,655,False,1025.78,81.9,11,1197,50.48915924466368,54.916998976929136,50.48915924466368
T0_B2_N3_ADAP_s1000_n6,T0_B2_N3_ADAP,1000,-952,-907,False,2021.87,29.3,10,911,1337.1534025923531,459.0994464497691,459.09944644976895
T0_B2_N3_ADAP_s1000_n7,T0_B2_N3_ADAP,1000,154,-976,False,1516.01,46.5,13,1592,180.1754860760904,137.37516049585935,180.1754860760904
T0_B2_N3_ADAP_s1200_n0,T0_B2_N3_ADAP,1200,-828,-129,False,1603.32,53.8,15,2102,835.6437137046414,151.3374632298681,151.3374632298681
T0_B2_N3_ADAP_s1200_n1,T0_B2_N3_ADAP,1200,1230,-1093,False,1806.42,46.7,11,1811,219.38434034537207,92.7420533638183,219.38434034537212
T0_B2_N3_ADAP_s1200_n2,T0_B2_N3_ADAP,1200,1761,685,False,1164.11,85.5,17,3033,112.80544362621733,99.1233074566868,112.80544362621772
T0_B2_N3_ADAP_s1200_n3,T0_B2_N3_ADAP,1200,418,538,True,192.27,357.7,9,1458,5.319986180642602,37.3458583065574,5.3199861806425455
T0_B2_N3_ADAP_s1200_n4,T0_B2_N3_ADAP,1200,-483,-671,False,1669.83,52.4,14,2121,171.79180076141128,173.79957581143108,171.79180076141128
T0_B2_N3_ADAP_s1200_n5,T0_B2_N3_ADAP,1200,493,577,True,109.44,358.0,7,1432,8.441754107849182,39.29210661281235,8.441754107849182
T0_B2_N3_ADAP_s1200_n6,T0_B2_N3_ADAP,1200,1535,5,False,1108.26,73.7,18,2506,59.42241489205383,74.31051961276964,59.42241489205383
T0_B2_N3_ADAP_s1200_n7,T0_B2_N3_ADAP,1200,-668,-1141,False,2153.81,29.4,10,871,1501.5945170438397,38.41835630992898,38.41835630992898
T0_B2_N3_ADAP_s400_n0,T0_B2_N3_ADAP,400,-385,-882,False,1230.02,21.9,5,166,1343.246074976001,387.9227891910057,1343.246074976001
T0_B2_N3_ADAP_s400_n1,T0_B2_N3_ADAP,400,342,-276,False,496.73,55.3,4,130,6.368752996511361,1.8219728354416047,6.368752996511361
T0_B2_N3_ADAP_s400_n2,T0_B2_N3_ADAP,400,146,-361,False,563.59,48.2,3,140,33.57796768971126,29.053140779908507,33.57796768971126
T0_B2_N3_ADAP_s400_n3,T0_B2_N3_ADAP,400,264,100,True,118.73,352.2,3,229,8.44175410776285,5.129391966484847,8.441754107762849
T0_B2_N3_ADAP_s400_n5,T0_B2_N3_ADAP,400,-75,-90,False,399.66,62.7,4,148,51.95085325947107,34.827402881502664,51.95085325947107
T0_B2_N3_ADAP_s400_n7,T0_B2_N3_ADAP,400,-311,275,False,516.47,46.7,3,123,21.00133646531228,26.550324153866395,21.00133646531228
T0_B2_N3_ADAP_s600_n0,T0_B2_N3_ADAP,600,354,373,True,90.8,356.5,3,496,8.44175410804121,16.469339910846568,8.44175410804121
T0_B2_N3_ADAP_s600_n1,T0_B2_N3_ADAP,600,-495,-916,False,1452.82,30.8,12,621,1753.7964245279602,8.820431446002724,1753.7964245279602
T0_B2_N3_ADAP_s600_n2,T0_B2_N3_ADAP,600,263,315,True,39.92,356.2,3,469,8.441754108272038,13.724372719321437,8.441754108272038
T0_B2_N3_ADAP_s600_n3,T0_B2_N3_ADAP,600,-86,-407,False,805.51,49.8,7,448,458.41742163251297,73.89619700831751,73.89619700831751
T0_B2_N3_ADAP_s600_n4,T0_B2_N3_ADAP,600,168,87,True,250.59,352.0,5,383,8.44175410776292,8.986983901776023,8.44175410776292
T0_B2_N3_ADAP_s600_n5,T0_B2_N3_ADAP,600,-194,-120,False,648.41,63.8,7,398,1067.5071599047562,25.576160636129067,1067.5071599047562
T0_B2_N3_ADAP_s600_n6,T0_B2_N3_ADAP,600,570,396,True,286.56,233.5,5,393,683.3447838795059,27.353065364666943,27.353065364666943
T0_B2_N3_ADAP_s600_n7,T0_B2_N3_ADAP,600,502,-412,False,740.1,58.3,7,409,16.882061549365154,30.10695108840928,16.882061549365154
T0_B2_N3_ADAP_s800_n0,T0_B2_N3_ADAP,800,165,18,True,448.5,204.5,8,658,3.9058829001272017,26.79273777053713,3.9058829001272017
T0_B2_N3_ADAP_s800_n1,T0_B2_N3_ADAP,800,1657,-64,False,1339.9,40.6,15,1411,310.04154751940865,31.69276530324224,310.04154751940865
T0_B2_N3_ADAP_s800_n2,T0_B2_N3_ADAP,800,-616,209,False,1033.8,59.5,9,762,29.91882673264365,46.04537320639141,29.91882673264365
T0_B2_N3_ADAP_s800_n3,T0_B2_N3_ADAP,800,1109,237,False,727.5,85.7,9,785,74.24799353430818,62.208661576855405,74.24799353430815
T0_B2_N3_ADAP_s800_n4,T0_B2_N3_ADAP,800,371,702,True,303.39,350.0,6,653,8.441754107816697,18.97639412352269,8.44175410781664
T0_B2_N3_ADAP_s800_n5,T0_B2_N3_ADAP,800,-177,1679,False,1403.13,40.2,15,1278,848.3661048374823,261.1760111027356,848.3661048374823
T0_B2_N3_ADAP_s800_n6,T0_B2_N3_ADAP,800,-66,-753,False,1243.61,43.8,12,853,369.7920136753287,280.2785716258267,369.7920136753287
T0_B2_N3_ADAP_s800_n7,T0_B2_N3_ADAP,800,185,-1191,False,1605.46,34.8,11,1087,195.90439149058923,94.21309432652929,195.90439149058923
T0_B2_N3_B_s1000_n0,T0_B2_N3_B,1000,726,-1137,False,1652.53,44.9,11,1289,155.80072548268598,189.1065773005112,155.80072548268598
T0_B2_N3_B_s1000_n1,T0_B2_N3_B,1000,801,-694,False,1231.36,61.3,15,1316,78.18164331502632,52.86549472810305,78.18164331502632
T0_B2_N3_B_s1000_n2,T0_B2_N3_B,1000,-284,1875,False,1582.81,45.0,14,1193,901.9368238356706,116.3213173117846,901.9368238356708
T0_B2_N3_B_s1000_n3,T0_B2_N3_B,1000,2014,1333,False,1728.03,41.2,11,1458,107.15941685681406,24.92746985457522,107.1594168568145
T0_B2_N3_B_s1000_n4,T0_B2_N3_B,1000,-303,-773,False,1505.1,47.8,14,1896,68.3557790561303,243.2666590867885,68.35577905613033
T0_B2_N3_B_s1000_n5,T0_B2_N3_B,1000,-373,-631,False,1428.74,50.2,15,1910,178.03403795360072,318.6926007140466,178.03403795360072
T0_B2_N3_B_s1000_n6,T0_B2_N3_B,1000,1418,-191,False,1149.0,61.3,16,1207,1799.785048085564,380.0928738678803,1799.785048085564
T0_B2_N3_B_s1000_n7,T0_B2_N3_B,1000,805,-1179,False,1706.48,42.8,11,1268,103.94170023302368,145.90802574823766,103.94170023302382
T0_B2_N3_B_s1200_n0,T0_B2_N3_B,1200,1928,1367,False,1533.58,56.1,15,2261,97.78794156197564,175.95905048541178,97.78794156197569
T0_B2_N3_B_s1200_n1,T0_B2_N3_B,1200,-608,-24,False,1359.65,61.2,16,2580,253.4803092748179,265.9261350005833,253.48030927481784
T0_B2_N3_B_s1200_n2,T0_B2_N3_B,1200,1066,1912,False,1392.3,62.2,16,2083,99.96461691581128,90.8434099727434,99.96461691581106
T0_B2_N3_B_s1200_n3,T0_B2_N3_B,1200,918,-72,False,743.44,153.6,11,1186,54.04016771189223,46.072615087179,54.04016771189223
T0_B2_N3_B_s1200_n4,T0_B2_N3_B,1200,332,-626,False,1254.95,76.4,16,2166,122.73676633379463,147.70633914022144,122.73676633379463
T0_B2_N3_B_s1200_n5,T0_B2_N3_B,1200,1423,-469,False,1349.11,63.2,17,2262,85.0806443442342,136.93234499535615,85.0806443442342
T0_B2_N3_B_s1200_n6,T0_B2_N3_B,1200,1264,1324,False,982.38,80.4,19,1958,252.42738535275683,128.07375721570952,252.42738535275683
T0_B2_N3_B_s1200_n7,T0_B2_N3_B,1200,128,-1086,False,1750.82,50.8,12,1733,124.84171728694608,73.86334393025246,124.84171728694588
T0_B2_N3_B_s400_n0,T0_B2_N3_B,400,248,-156,False,359.22,92.8,2,104,129.1619388641275,123.74799545256798,129.1619388641275
T0_B2_N3_B_s400_n1,T0_B2_N3_B,400,-224,522,False,532.41,48.6,5,152,615.5836519949514,642.4367360500896,615.5836519949514
T0_B2_N3_B_s400_n2,T0_B2_N3_B,400,-106,-188,False,494.15,52.3,3,103,124.42003764460328,93.2239441769357,124.42003764460328
T0_B2_N3_B_s400_n3,T0_B2_N3_B,400,246,-175,False,377.81,80.9,3,107,141.2225962122242,129.26681361459345,141.2225962122242
T0_B2_N3_B_s400_n4,T0_B2_N3_B,400,282,1680,False,1482.27,16.4,9,251,1649.1840270743558,210.0788429481293,210.0788429481293
T0_B2_N3_B_s400_n5,T0_B2_N3_B,400,931,-161,False,815.28,32.0,5,172,377.1754587074504,352.0715502232338,377.1754587074504
T0_B2_N3_B_s400_n7,T0_B2_N3_B,400,356,-230,False,457.42,56.6,4,105,732.9618351103787,124.70436410953234,732.9618351103787
T0_B2_N3_B_s600_n0,T0_B2_N3_B,600,459,-368,False,686.66,67.0,6,264,66.95179073599502,17.588053727030264,66.95179073599509
T0_B2_N3_B_s600_n1,T0_B2_N3_B,600,484,-589,False,907.84,43.5,6,277,47.981315820122255,11.93882468958317,47.981315820122255
T0_B2_N3_B_s600_n2,T0_B2_N3_B,600,1529,-223,False,1335.65,30.6,9,469,1605.357972611367,329.5850049286426,1605.357972611367
T0_B2_N3_B_s600_n3,T0_B2_N3_B,600,1908,1401,False,1948.81,12.9,6,213,1649.7973843946916,981.9116764478672,1649.7973843946916
T0_B2_N3_B_s600_n4,T0_B2_N3_B,600,440,-1479,False,1784.5,22.3,8,561,482.9476598086005,526.4102323415848,482.94765980860046
T0_B2_N3_B_s600_n5,T0_B2_N3_B,600,-241,444,False,559.84,79.5,6,277,189.43858867232248,288.65810637633655,189.43858867232248
T0_B2_N3_B_s600_n6,T0_B2_N3_B,600,541,232,True,250.41,347.3,4,276,2.052770741358208,54.43316085892607,2.0527707413581804
T0_B2_N3_B_s600_n7,T0_B2_N3_B,600,491,1293,False,1011.2,41.9,7,396,138.47356219347265,131.62102081341095,138.47356219347265
T0_B2_N3_B_s800_n0,T0_B2_N3_B,800,-567,1553,False,1504.82,39.8,13,1052,223.1478742805025,412.7292717098029,223.14787428050252
T0_B2_N3_B_s800_n1,T0_B2_N3_B,800,-508,1152,False,1178.97,48.4,15,820,1694.3748592545849,265.2870532107523,1694.3748592545849
T0_B2_N3_B_s800_n2,T0_B2_N3_B,800,678,-922,False,1350.91,40.5,13,925,304.0158015645273,220.74338576586624,304.0158015645273
T0_B2_N3_B_s800_n3,T0_B2_N3_B,800,-124,788,False,652.01,82.3,9,581,1093.440263580397,9.164208495446122,1093.440263580397
T0_B2_N3_B_s800_n4,T0_B2_N3_B,800,202,1444,False,1062.61,56.4,10,676,1452.7178352333588,332.2883641436887,1452.7178352333588
T0_B2_N3_B_s800_n5,T0_B2_N3_B,800,-489,-756,False,1458.31,39.9,14,1356,271.8845412698709,430.5126655655351,271.8845412698709
T0_B2_N3_B_s800_n6,T0_B2_N3_B,800,966,1503,False,1239.74,46.0,15,1090,718.3685707239581,159.0203159854285,718.3685707239581
T0_B2_N3_B_s800_n7,T0_B2_N3_B,800,136,-314,False,761.24,79.9,8,513,49.75777600941554,43.4533299197692,49.75777600941554
T0_B2_N3_C_s1000_n0,T0_B2_N3_C,1000,370,928,True,447.31,353.4,18,2494,7.8238663425041794,26.92723872768672,7.823866342504189
T0_B2_N3_C_s1000_n1,T0_B2_N3_C,1000,-132,815,False,706.15,124.7,17,2687,81.23706246369368,99.38905659140543,81.23706246369368
T0_B2_N3_C_s1000_n2,T0_B2_N3_C,1000,662,-248,False,765.34,114.7,16,2388,32.53438768788493,46.26212725988319,32.53438768788493
T0_B2_N3_C_s1000_n3,T0_B2_N3_C,1000,18,957,True,664.21,146.9,18,2714,5.198955898091779,58.01755613550259,5.198955898091794
T0_B2_N3_C_s1000_n4,T0_B2_N3_C,1000,-132,848,False,721.48,125.7,17,2654,92.96753771000218,82.39002149820524,92.96753771000218
T0_B2_N3_C_s1000_n5,T0_B2_N3_C,1000,644,596,True,173.07,358.0,11,1732,2.667741967630518,6.280279449657623,2.667741967630518
T0_B2_N3_C_s1000_n6,T0_B2_N3_C,1000,106,811,True,501.95,352.8,18,2451,4.051058745934791,22.18127941366081,4.051058745934791
T0_B2_N3_C_s1000_n7,T0_B2_N3_C,1000,643,-134,False,649.93,146.1,17,2555,34.20861413459321,64.66311045271405,34.20861413459321
T0_B2_N3_C_s1200_n0,T0_B2_N3_C,1200,1078,-275,False,997.05,94.8,16,2452,63.87764019042749,72.83378365434987,63.87764019042749
T0_B2_N3_C_s1200_n1,T0_B2_N3_C,1200,606,235,True,365.05,353.0,18,3831,4.05105874623516,22.93988653540779,4.05105874623516
T0_B2_N3_C_s1200_n2,T0_B2_N3_C,1200,945,55,True,645.02,316.1,18,3625,3.993490741001716,43.49458671383628,3.993490741001716
T0_B2_N3_C_s1200_n3,T0_B2_N3_C,1200,910,1059,True,553.88,353.0,18,3778,4.051058745942728,4.138323997563906,4.051058745942967
T0_B2_N3_C_s1200_n4,T0_B2_N3_C,1200,68,835,True,581.59,352.8,18,3786,31.179774690238848,70.87603357481902,31.179774690238865
T0_B2_N3_C_s1200_n5,T0_B2_N3_C,1200,991,795,True,436.93,353.0,18,3845,2.1777921069528574,9.545412340149378,2.1777921069528574
T0_B2_N3_C_s1200_n6,T0_B2_N3_C,1200,673,-309,False,911.93,121.5,16,2854,63.5978251494258,53.78231744626943,63.5978251494258
T0_B2_N3_C_s1200_n7,T0_B2_N3_C,1200,832,422,True,292.42,358.0,18,3142,4.051058746011522,7.43098458676508,4.051058746011522
T0_B2_N3_C_s400_n0,T0_B2_N3_C,400,-303,189,False,503.12,56.7,6,329,91.60754743689284,167.477338483158,91.60754743689284
T0_B2_N3_C_s400_n1,T0_B2_N3_C,400,-354,184,False,554.23,50.8,6,305,134.33681105956026,138.58922586459366,134.3368110595603
T0_B2_N3_C_s400_n2,T0_B2_N3_C,400,-320,69,False,536.25,56.5,8,433,817.9650261757614,263.5625580972552,817.9650261757614
T0_B2_N3_C_s400_n3,T0_B2_N3_C,400,278,101,True,126.04,353.0,3,259,4.051058745933852,5.067498484571563,4.051058745933852
T0_B2_N3_C_s400_n4,T0_B2_N3_C,400,-400,-225,False,735.27,38.4,15,650,411.03894760795794,289.1921407853068,289.1921407853068
T0_B2_N3_C_s400_n5,T0_B2_N3_C,400,-367,-394,False,821.17,37.2,12,756,337.8839992475398,2.4174830383019605,2.4174830383019605
T0_B2_N3_C_s400_n6,T0_B2_N3_C,400,-378,246,False,579.83,51.2,6,317,107.02369022895004,137.45451389690407,107.02369022895002
T0_B2_N3_C_s400_n7,T0_B2_N3_C,400,-416,-670,False,1066.0,19.9,8,370,510.0450333494316,154.2930394640412,510.0450333494316
T0_B2_N3_C_s600_n0,T0_B2_N3_C,600,899,-178,False,766.35,56.4,15,1279,127.99306154816212,96.76643100763418,127.99306154816212
T0_B2_N3_C_s600_n1,T0_B2_N3_C,600,825,-716,False,1143.63,30.6,9,580,816.4588871877169,200.1245928727124,816.4588871877169
T0_B2_N3_C_s600_n2,T0_B2_N3_C,600,392,900,False,607.01,82.4,16,1030,983.520478952392,152.63272016893552,152.63272016893552
T0_B2_N3_C_s600_n3,T0_B2_N3_C,600,283,-168,False,468.31,117.0,9,671,27.490529904380985,60.87914997890078,27.490529904380985
T0_B2_N3_C_s600_n4,T0_B2_N3_C,600,-274,-160,False,735.58,58.6,16,1473,311.2518919117872,52.25063663358964,52.25063663358964
T0_B2_N3_C_s600_n5,T0_B2_N3_C,600,-63,-538,False,913.24,46.1,13,1176,72.94595024823587,68.25880136074868,72.94595024823587
T0_B2_N3_C_s600_n6,T0_B2_N3_C,600,489,76,True,293.08,353.0,8,653,4.051058747594516,50.93763533731343,4.051058747594516
T0_B2_N3_C_s600_n7,T0_B2_N3_C,600,136,1045,False,762.84,61.0,15,1046,66.39420131180863,168.2496531636799,66.39420131180863
T0_B2_N3_C_s800_n0,T0_B2_N3_C,800,-217,958,False,831.9,67.8,16,1961,315.9621750965187,90.32423941781984,315.9621750965187
T0_B2_N3_C_s800_n1,T0_B2_N3_C,800,-332,592,False,756.76,86.5,16,1899,227.82619801351868,210.3541498454305,227.82619801351868
T0_B2_N3_C_s800_n2,T0_B2_N3_C,800,200,453,True,206.9,355.7,8,1112,8.525969139022418,58.60855503860107,8.52596913902242
T0_B2_N3_C_s800_n3,T0_B2_N3_C,800,-332,325,False,735.83,95.8,16,2106,118.47089302377236,119.60810269148024,118.47089302377236
T0_B2_N3_C_s800_n4,T0_B2_N3_C,800,757,-311,False,795.59,70.9,15,1821,113.24483122509652,98.35341289351648,113.24483122509652
T0_B2_N3_C_s800_n5,T0_B2_N3_C,800,0,-92,False,634.09,82.6,17,2073,62.37534421067831,80.43007294912381,80.43007294912381
T0_B2_N3_C_s800_n6,T0_B2_N3_C,800,-332,-203,False,948.38,58.4,15,1801,425.0478240306529,187.1023073473707,187.1023073473707
T0_B2_N3_C_s800_n7,T0_B2_N3_C,800,275,913,False,528.01,136.1,17,1497,69.5661536181319,89.37421383087064,69.5661536181319
T0_B2_N3_D_s1000_n0,T0_B2_N3_D,1000,1003,504,False,503.02,177.6,8,1071,7.591849611504528,20.978417360284745,7.591849611504472
T0_B2_N3_D_s1000_n1,T0_B2_N3_D,1000,79,1536,False,1118.27,66.1,13,1086,362.6211630382757,611.336551099063,362.6211630382757
T0_B2_N3_D_s1000_n2,T0_B2_N3_D,1000,-519,-620,False,1514.19,44.4,11,1064,182.8082529880237,368.6932572448503,182.8082529880237
T0_B2_N3_D_s1000_n3,T0_B2_N3_D,1000,-79,523,False,579.46,159.5,8,989,12.765622393213109,22.146798431620443,12.765622393213109
T0_B2_N3_D_s1000_n4,T0_B2_N3_D,1000,-604,1457,False,1461.05,50.7,11,1235,88.64016937485493,361.3584853164169,88.64016937485493
T0_B2_N3_D_s1000_n5,T0_B2_N3_D,1000,611,1711,False,1216.08,62.5,12,1050,475.4861626527782,696.8811253675409,475.4861626527782
T0_B2_N3_D_s1000_n6,T0_B2_N3_D,1000,-269,427,False,772.46,113.0,11,1035,1334.781999211957,113.221093804296,1334.781999211957
T0_B2_N3_D_s1000_n7,T0_B2_N3_D,1000,-504,1331,False,1303.29,54.8,12,1330,189.57890668864223,257.94917540969334,189.57890668864223
T0_B2_N3_D_s1200_n0,T0_B2_N3_D,1200,186,1501,False,991.56,96.7,15,1490,15.325415879980175,233.60268155079737,15.32541587998016
T0_B2_N3_D_s1200_n1,T0_B2_N3_D,1200,-241,-901,False,1720.55,41.8,10,853,207.3522656962421,228.8025139222672,207.3522656962421
T0_B2_N3_D_s1200_n2,T0_B2_N3_D,1200,1103,-844,False,1529.1,57.2,10,1404,683.3614592046766,634.3490485140708,683.3614592046766
T0_B2_N3_D_s1200_n3,T0_B2_N3_D,1200,102,1101,True,706.4,183.4,14,1324,332.0185966013701,117.88194947652572,332.0185966013701
T0_B2_N3_D_s1200_n4,T0_B2_N3_D,1200,-450,607,False,1050.02,102.5,13,1906,390.2435920521669,269.8218858694857,390.2435920521669
T0_B2_N3_D_s1200_n5,T0_B2_N3_D,1200,210,-480,False,1148.26,84.6,13,1759,151.29948599439442,156.27138479813303,151.29948599439442
T0_B2_N3_D_s1200_n6,T0_B2_N3_D,1200,1331,-78,False,997.02,80.5,15,2503,55.67718465140313,286.2081573551048,55.67718465140313
T0_B2_N3_D_s1200_n7,T0_B2_N3_D,1200,236,-723,False,1372.16,69.8,11,1463,183.0233323532444,188.00812162311377,183.0233323532444
T0_B2_N3_D_s400_n0,T0_B2_N3_D,400,-295,1516,False,1406.02,20.2,8,287,1079.1208522836162,1181.443660138904,1079.1208522836162
T0_B2_N3_D_s400_n1,T0_B2_N3_D,400,1265,625,False,1146.67,25.1,6,174,1337.3880584889234,1200.08877977336,1200.08877977336
T0_B2_N3_D_s400_n2,T0_B2_N3_D,400,795,-1128,False,1455.2,17.4,5,255,1260.078053019731,1279.0087173199374,1260.078053019731
T0_B2_N3_D_s400_n5,T0_B2_N3_D,400,-878,1588,False,1757.45,9.2,3,70,1619.7842262133554,1702.1136161222894,1619.7842262133554
T0_B2_N3_D_s400_n7,T0_B2_N3_D,400,222,-114,False,314.77,83.3,4,159,20.15387904532978,13.89935748966885,20.15387904532978
T0_B2_N3_D_s600_n0,T0_B2_N3_D,600,1359,314,False,1059.09,39.4,7,392,1279.9862254613015,573.7732805072477,1279.9862254613015
T0_B2_N3_D_s600_n1,T0_B2_N3_D,600,666,-1019,False,1368.84,29.4,9,570,1351.1193622495332,1386.8931392277257,1351.1193622495332
T0_B2_N3_D_s600_n2,T0_B2_N3_D,600,1737,186,False,1441.51,27.9,8,725,225.98950285193868,246.25586194153885,225.98950285193868
T0_B2_N3_D_s600_n3,T0_B2_N3_D,600,1790,471,False,1499.78,24.5,8,555,330.8675822620052,728.9227265472792,330.8675822620052
T0_B2_N3_D_s600_n5,T0_B2_N3_D,600,110,833,False,565.85,80.0,5,349,11.68748852496692,28.64368464086036,11.68748852496692
T0_B2_N3_D_s600_n6,T0_B2_N3_D,600,1451,-398,False,1346.11,32.9,9,827,96.87664265068828,164.90649641605617,96.87664265068828
T0_B2_N3_D_s600_n7,T0_B2_N3_D,600,942,1672,False,1514.78,28.2,9,526,38.95423174273599,43.09957632436022,38.954231742736056
T0_B2_N3_D_s800_n0,T0_B2_N3_D,800,73,-96,False,594.09,111.9,8,645,78.82526988427047,109.9802958566205,109.9802958566205
T0_B2_N3_D_s800_n1,T0_B2_N3_D,800,679,-219,False,678.97,90.9,10,759,1120.7335832143776,35.25066008019104,1120.7335832143776
T0_B2_N3_D_s800_n2,T0_B2_N3_D,800,1776,-541,False,1666.99,26.0,8,533,1127.023873275554,258.782718597179,1127.023873275554
T0_B2_N3_D_s800_n3,T0_B2_N3_D,800,254,-527,False,938.43,65.7,12,799,1450.416377752924,211.47560530868623,1450.416377752924
T0_B2_N3_D_s800_n4,T0_B2_N3_D,800,1232,208,False,853.87,71.0,10,732,1254.017386055791,69.83992398303837,1254.017386055791
T0_B2_N3_D_s800_n5,T0_B2_N3_D,800,1984,1337,False,1840.39,24.2,5,347,1796.1121502544777,1840.246817391749,1796.1121502544777
T0_B2_N3_D_s800_n6,T0_B2_N3_D,800,-346,-354,False,1060.68,54.4,13,982,88.32138005447887,69.16583030686954,88.32138005447887
T0_B2_N3_D_s800_n7,T0_B2_N3_D,800,-177,500,False,585.6,121.8,6,616,19.257531143863247,22.756354099298377,19.257531143863247
T0_B3_N14_A_s1000_n0,T0_B3_N14_A,1000,-591,-1120,False,1953.12,25.8,10,1354,479.5477767279746,176.5482667253382,479.5477767279746
T0_B3_N14_A_s1000_n1,T0_B3_N14_A,1000,259,-123,False,667.99,137.0,12,1526,1071.698817091392,133.34005945186604,1071.698817091392
T0_B3_N14_A_s1000_n2,T0_B3_N14_A,1000,68,466,True,433.34,350.9,8,1142,7.820333101579985,41.76817971465716,7.820333101579985
T0_B3_N14_A_s1000_n3,T0_B3_N14_A,1000,807,420,True,317.25,356.5,7,1048,7.820333101506172,69.57416814131903,7.820333101506115
T0_B3_N14_A_s1000_n4,T0_B3_N14_A,1000,-230,504,False,730.01,120.6,9,1189,48.42678133869224,60.39140183189289,48.42678133869224
T0_B3_N14_A_s1000_n5,T0_B3_N14_A,1000,1569,1083,False,1217.64,58.6,14,1510,1840.031678557866,392.87556733233794,392.87556733233777
T0_B3_N14_A_s1000_n6,T0_B3_N14_A,1000,1098,-398,False,1078.89,65.2,19,2086,417.55188952781566,114.73282822962211,417.55188952781566
T0_B3_N14_A_s1000_n7,T0_B3_N14_A,1000,476,500,True,24.0,358.1,5,1076,7.820333101527843,38.82178743502305,7.820333101527843
T0_B3_N14_A_s1200_n0,T0_B3_N14_A,1200,1145,-1004,False,1694.06,50.8,14,2601,145.7435121775497,236.8179324701955,145.74351217754975
T0_B3_N14_A_s1200_n1,T0_B3_N14_A,1200,-724,1507,False,1604.88,53.9,16,3041,275.0761649745262,269.40002411300327,275.0761649745262
T0_B3_N14_A_s1200_n2,T0_B3_N14_A,1200,1079,13,True,757.63,207.1,17,2070,1386.0917405179569,95.81174939174257,1386.0917405179569
T0_B3_N14_A_s1200_n3,T0_B3_N14_A,1200,177,690,True,432.47,356.9,10,1658,7.8203331015799105,31.37632977779624,7.8203331015799105
T0_B3_N14_A_s1200_n4,T0_B3_N14_A,1200,-379,817,False,1002.76,100.3,17,2140,1719.0577575392972,136.48400818626837,1719.0577575392972
T0_B3_N14_A_s1200_n5,T0_B3_N14_A,1200,-34,-248,False,1058.8,76.6,20,3984,120.00601366160762,107.09039372809936,120.00601366160762
T0_B3_N14_A_s1200_n6,T0_B3_N14_A,1200,239,-168,False,848.61,131.3,20,2902,314.3622895409639,201.6865879397212,201.6865879397212
T0_B3_N14_A_s1200_n7,T0_B3_N14_A,1200,-127,1024,False,841.61,116.5,14,1597,50.84083177105747,61.61481016522035,50.84083177105755
T0_B3_N14_A_s400_n0,T0_B3_N14_A,400,-191,1851,False,1696.67,15.3,10,677,1097.5195129795022,906.4350051933872,1097.5195129795022
T0_B3_N14_A_s400_n1,T0_B3_N14_A,400,-399,-175,False,706.7,38.7,4,253,87.08515570010124,143.6111854873404,87.08515570010124
T0_B3_N14_A_s400_n2,T0_B3_N14_A,400,-770,-1097,False,1619.6,17.2,9,897,1047.210504900754,924.5566706738276,1047.210504900754
T0_B3_N14_A_s400_n3,T0_B3_N14_A,400,-377,-113,False,656.43,43.4,4,241,995.278218323632,189.0917396911541,995.278218323632
T0_B3_N14_A_s400_n4,T0_B3_N14_A,400,-442,818,False,891.12,33.0,5,168,985.6518993422184,424.0084460174531,985.6518993422184
T0_B3_N14_A_s400_n5,T0_B3_N14_A,400,-811,-363,False,1157.19,24.2,6,352,724.818179674208,669.6320196796979,669.6320196796979
T0_B3_N14_A_s400_n6,T0_B3_N14_A,400,-373,54,False,591.31,40.8,3,177,355.29762442549736,330.8515837083719,355.29762442549736
T0_B3_N14_A_s600_n0,T0_B3_N14_A,600,403,213,True,134.83,355.9,4,484,7.820333101002124,27.76426026673573,7.820333101002124
T0_B3_N14_A_s600_n1,T0_B3_N14_A,600,857,-1379,False,1768.98,22.8,9,755,1268.4663311969298,619.9089793263481,1268.4663311969298
T0_B3_N14_A_s600_n2,T0_B3_N14_A,600,-883,1243,False,1512.86,30.5,13,986,937.6914543140838,857.431280689066,937.6914543140838
T0_B3_N14_A_s600_n3,T0_B3_N14_A,600,144,1720,False,1428.54,28.4,9,560,1692.353963247141,87.63667792508691,1692.353963247141
T0_B3_N14_A_s600_n4,T0_B3_N14_A,600,-40,-3,False,455.42,84.8,7,466,52.26723298132176,57.22499360464254,57.22499360464255
T0_B3_N14_A_s600_n5,T0_B3_N14_A,600,-529,415,False,836.94,52.9,6,394,111.36266964312848,150.7002259864761,111.36266964312848
T0_B3_N14_A_s600_n6,T0_B3_N14_A,600,-447,-103,False,848.77,51.3,8,631,450.66166252170257,269.5272823923128,269.5272823923128
T0_B3_N14_A_s600_n7,T0_B3_N14_A,600,100,-940,False,1256.03,32.8,15,1077,1561.7869895712167,219.51457899224016,1561.7869895712167
T0_B3_N14_A_s800_n0,T0_B3_N14_A,800,728,-226,False,706.72,82.3,8,844,20.004689323151613,92.39789737377994,20.004689323151613
T0_B3_N14_A_s800_n1,T0_B3_N14_A,800,-75,-565,False,1075.57,52.8,18,1541,1597.1958688649436,429.79187421189096,1597.1958688649436
T0_B3_N14_A_s800_n2,T0_B3_N14_A,800,-35,403,False,435.01,165.8,7,674,6.185578229738293,44.30436767345599,6.185578229738293
T0_B3_N14_A_s800_n3,T0_B3_N14_A,800,1111,-1247,False,1793.91,30.7,10,1272,453.79731640080814,503.706031942989,453.79731640080814
T0_B3_N14_A_s800_n4,T0_B3_N14_A,800,-579,-270,False,1186.31,47.9,17,1675,1009.9627026993315,332.13826619122386,1009.9627026993315
T0_B3_N14_A_s800_n5,T0_B3_N14_A,800,684,705,True,416.75,350.7,6,601,7.820333101562888,78.26493024295326,7.820333101562888
T0_B3_N14_A_s800_n6,T0_B3_N14_A,800,473,1461,False,1063.51,53.3,8,770,242.8240453315105,238.1038160445524,242.8240453315105
T0_B3_N14_A_s800_n7,T0_B3_N14_A,800,1036,-390,False,1014.2,56.7,12,1018,1592.7719551260018,143.1798836669719,1592.7719551260018
T0_B3_N14_ADAP_s1000_n0,T0_B3_N14_ADAP,1000,-664,504,False,1164.01,66.0,18,401,97.28594943415064,102.80766614721551,97.28594943415064
T0_B3_N14_ADAP_s1000_n1,T0_B3_N14_ADAP,1000,-347,-642,False,1421.82,51.1,16,425,78.35693831777127,60.06259427590095,78.35693831777127
T0_B3_N14_ADAP_s1000_n2,T0_B3_N14_ADAP,1000,-800,47,False,1376.67,50.9,17,395,75.75773726214804,80.05272149118598,75.75773726214804
T0_B3_N14_ADAP_s1000_n3,T0_B3_N14_ADAP,1000,-788,462,False,1288.56,58.9,17,367,84.69516499618899,88.94263231950825,84.69516499618904
T0_B3_N14_ADAP_s1000_n4,T0_B3_N14_ADAP,1000,150,-983,False,1523.74,46.3,14,327,612.858960927654,608.748550870083,612.858960927654
T0_B3_N14_ADAP_s1000_n5,T0_B3_N14_ADAP,1000,1599,-396,False,1417.96,51.5,16,428,149.78706368548723,179.46242215303334,149.78706368548723
T0_B3_N14_ADAP_s1000_n6,T0_B3_N14_ADAP,1000,1578,1394,False,1400.47,48.7,17,463,352.3574973117242,298.17958858487845,352.3574973117242
T0_B3_N14_ADAP_s1000_n7,T0_B3_N14_ADAP,1000,-237,689,False,760.85,119.7,9,250,96.61278944154854,97.90672592832443,96.61278944154854
T0_B3_N14_ADAP_s1200_n0,T0_B3_N14_ADAP,1200,-600,-421,False,1575.58,52.2,16,436,75.49785278147657,127.51246691573697,75.49785278147661
T0_B3_N14_ADAP_s1200_n1,T0_B3_N14_ADAP,1200,481,-340,False,947.5,114.6,19,487,98.21536709085817,97.78087894669405,98.21536709085817
T0_B3_N14_ADAP_s1200_n2,T0_B3_N14_ADAP,1200,2079,551,False,1479.81,65.1,16,600,136.53059103131483,170.66795075531678,136.53059103131486
T0_B3_N14_ADAP_s1200_n3,T0_B3_N14_ADAP,1200,820,-1039,False,1653.7,56.3,13,352,341.9889508057205,295.48851134033936,341.9889508057205
T0_B3_N14_ADAP_s1200_n4,T0_B3_N14_ADAP,1200,-232,524,False,835.46,126.0,14,440,103.43431320000496,95.60531217493023,103.43431320000496
T0_B3_N14_ADAP_s1200_n5,T0_B3_N14_ADAP,1200,-365,1190,False,1131.07,72.3,19,585,87.76728369385408,157.9402563452922,87.76728369385408
T0_B3_N14_ADAP_s1200_n6,T0_B3_N14_ADAP,1200,-183,1071,False,913.75,107.8,17,455,1721.3412798234076,76.39514836865663,1721.3412798234076
T0_B3_N14_ADAP_s1200_n7,T0_B3_N14_ADAP,1200,860,366,True,349.79,356.6,7,506,2.005297192950938,49.41958105552523,2.005297192950938
T0_B3_N14_ADAP_s400_n0,T0_B3_N14_ADAP,400,-387,-91,False,655.17,40.6,2,33,356.43867370692857,324.7795228767209,356.43867370692857
T0_B3_N14_ADAP_s400_n1,T0_B3_N14_ADAP,400,-362,-291,False,746.27,33.0,3,36,121.0449075598942,150.57753858068298,121.04490755989418
T0_B3_N14_ADAP_s400_n2,T0_B3_N14_ADAP,400,-753,-461,False,1159.8,24.0,6,51,448.3162027298396,434.27876288905816,448.3162027298396
T0_B3_N14_ADAP_s400_n3,T0_B3_N14_ADAP,400,1472,-526,False,1464.6,17.5,5,75,855.3030081689373,670.4163794173862,855.3030081689373
T0_B3_N14_ADAP_s400_n4,T0_B3_N14_ADAP,400,1169,1942,False,1993.37,12.7,3,34,903.3288903040684,1107.4804484143358,903.3288903040682
T0_B3_N14_ADAP_s400_n6,T0_B3_N14_ADAP,400,372,209,True,172.24,232.7,2,127,2.4562957467549578,1.096902158206099,2.4562957467549578
T0_B3_N14_ADAP_s600_n0,T0_B3_N14_ADAP,600,998,589,False,755.46,55.1,5,100,1034.3217412088345,75.44886690815368,75.44886690815368
T0_B3_N14_ADAP_s600_n1,T0_B3_N14_ADAP,600,439,-696,False,1005.65,39.1,7,89,85.94378815703766,191.36951042224595,85.94378815703766
T0_B3_N14_ADAP_s600_n2,T0_B3_N14_ADAP,600,492,259,True,196.33,356.0,3,238,2.005297193203888,13.31765854558155,2.005297193203888
T0_B3_N14_ADAP_s600_n3,T0_B3_N14_ADAP,600,-911,766,False,1297.57,30.4,11,163,758.6803935240113,611.8801538534138,758.6803935240112
T0_B3_N14_ADAP_s600_n4,T0_B3_N14_ADAP,600,1258,-205,False,1082.95,38.6,8,105,479.4373960001391,206.14496837866864,479.4373960001391
T0_B3_N14_ADAP_s600_n5,T0_B3_N14_ADAP,600,-515,-89,False,903.08,45.0,8,102,107.61135343522564,103.25909436936584,107.61135343522564
T0_B3_N14_ADAP_s600_n6,T0_B3_N14_ADAP,600,112,473,True,255.49,356.0,3,217,2.00529719289186,23.70801606662953,2.0052971928919128
T0_B3_N14_ADAP_s600_n7,T0_B3_N14_ADAP,600,247,-536,False,837.68,51.4,7,95,31.24943166928123,49.6079257963793,31.24943166928123
T0_B3_N14_ADAP_s800_n0,T0_B3_N14_ADAP,800,-861,-1044,False,1917.1,15.3,7,64,975.8426247725909,661.0861328157237,975.8426247725909
T0_B3_N14_ADAP_s800_n1,T0_B3_N14_ADAP,800,360,-397,False,798.0,79.2,8,157,43.067355044366366,67.7282718742423,43.067355044366366
T0_B3_N14_ADAP_s800_n2,T0_B3_N14_ADAP,800,397,-666,False,1066.0,54.2,11,188,103.34290795792953,208.4301835663753,103.34290795792953
T0_B3_N14_ADAP_s800_n3,T0_B3_N14_ADAP,800,-876,442,False,1276.69,45.1,16,279,89.21750842886118,86.66824903491899,89.21750842886118
T0_B3_N14_ADAP_s800_n4,T0_B3_N14_ADAP,800,321,1978,False,1579.98,32.9,13,267,405.4886813987568,401.92401125276456,405.4886813987568
T0_B3_N14_ADAP_s800_n5,T0_B3_N14_ADAP,800,692,-213,False,678.99,84.5,8,158,30.98946695685672,63.938578262021245,30.98946695685672
T0_B3_N14_ADAP_s800_n6,T0_B3_N14_ADAP,800,33,1257,False,932.28,54.7,7,131,144.9517402709677,82.11214862651686,144.9517402709677
T0_B3_N14_ADAP_s800_n7,T0_B3_N14_ADAP,800,-728,-26,False,1205.76,44.8,17,297,177.2833366334617,82.70249753233846,177.2833366334617
T0_B3_N14_B_s1000_n0,T0_B3_N14_B,1000,651,841,True,372.94,354.5,7,374,5.492526067117068,50.36747258997156,5.492526067117068
T0_B3_N14_B_s1000_n1,T0_B3_N14_B,1000,269,68,True,489.88,354.5,6,408,5.492526067127234,61.99152848779288,5.492526067127234
T0_B3_N14_B_s1000_n2,T0_B3_N14_B,1000,-222,1313,False,1087.31,63.8,16,352,193.1348516796157,37.22888947062171,193.1348516796157
T0_B3_N14_B_s1000_n3,T0_B3_N14_B,1000,-1024,-1237,False,2310.79,12.6,7,70,1697.2294241446696,883.2711983041056,883.2711983041056
T0_B3_N14_B_s1000_n4,T0_B3_N14_B,1000,642,-495,False,1005.08,78.5,12,459,229.77057864938192,136.61023040860522,229.77057864938192
T0_B3_N14_B_s1000_n5,T0_B3_N14_B,1000,116,-52,False,672.43,121.2,8,336,4.973041541952651,66.34393499458476,4.973041541952651
T0_B3_N14_B_s1000_n6,T0_B3_N14_B,1000,380,812,True,334.28,354.5,6,375,5.492526067111024,50.31642346285446,5.492526067111077
T0_B3_N14_B_s1000_n7,T0_B3_N14_B,1000,493,-843,False,1343.02,57.6,16,718,162.6872211452742,184.28133594590344,162.6872211452742
T0_B3_N14_B_s1200_n0,T0_B3_N14_B,1200,1854,1153,False,1370.52,61.6,16,658,200.9492093577032,159.50883427556943,200.94920935770276
T0_B3_N14_B_s1200_n1,T0_B3_N14_B,1200,1825,-240,False,1485.34,57.6,16,816,141.73738884592117,116.55221490557784,141.73738884592117
T0_B3_N14_B_s1200_n2,T0_B3_N14_B,1200,-300,-1130,False,1950.1,41.7,13,540,110.3738580891985,163.88591383156478,110.37385808919836
T0_B3_N14_B_s1200_n3,T0_B3_N14_B,1200,-450,-1009,False,1921.3,41.6,14,575,288.57043457756043,143.99449582151234,288.57043457756043
T0_B3_N14_B_s1200_n4,T0_B3_N14_B,1200,191,440,True,439.18,353.2,7,534,5.492526067031436,67.72038306783816,5.492526067031436
T0_B3_N14_B_s1200_n5,T0_B3_N14_B,1200,-483,-423,False,1489.77,58.7,17,931,175.21106296131657,184.9443176570404,175.21106296131657
T0_B3_N14_B_s1200_n6,T0_B3_N14_B,1200,1841,1969,False,1847.77,39.7,13,283,361.8594339672932,177.29392595052926,361.8594339672932
T0_B3_N14_B_s1200_n7,T0_B3_N14_B,1200,1522,-375,False,1341.9,63.4,17,912,117.69320612835004,143.05477655810623,117.69320612835004
T0_B3_N14_B_s400_n0,T0_B3_N14_B,400,763,1813,False,1708.43,15.7,8,89,758.8541197786079,770.6604721913891,758.8541197786079
T0_B3_N14_B_s400_n1,T0_B3_N14_B,400,1388,623,False,1261.06,19.2,5,78,356.7415591332928,804.4715035553035,356.741559133293
T0_B3_N14_B_s400_n2,T0_B3_N14_B,400,1139,-522,False,1184.49,24.4,6,92,370.3525213794641,374.62603906417087,370.3525213794642
T0_B3_N14_B_s400_n3,T0_B3_N14_B,400,965,-1312,False,1694.51,15.3,9,118,714.089278947595,883.0091170210692,714.089278947595
T0_B3_N14_B_s400_n4,T0_B3_N14_B,400,-144,807,False,697.7,39.3,2,43,155.27701876374698,72.38000393908855,155.27701876374698
T0_B3_N14_B_s400_n5,T0_B3_N14_B,400,505,1016,False,871.14,27.1,4,43,869.0704736956823,64.2660976246403,869.0704736956823
T0_B3_N14_B_s400_n6,T0_B3_N14_B,400,-412,1746,False,1662.73,15.6,9,100,1384.2300297573065,1195.470198129305,1384.2300297573065
T0_B3_N14_B_s400_n7,T0_B3_N14_B,400,-184,177,False,384.69,86.6,2,54,37.750572359273946,37.80804411479902,37.750572359273946
T0_B3_N14_B_s600_n0,T0_B3_N14_B,600,478,-356,False,679.72,57.8,4,102,110.83900346220378,88.61721329530701,110.83900346220382
T0_B3_N14_B_s600_n1,T0_B3_N14_B,600,-640,772,False,1051.85,38.6,6,106,94.5780233002031,198.4473731248939,94.5780233002031
T0_B3_N14_B_s600_n2,T0_B3_N14_B,600,-53,979,False,765.28,51.6,5,101,67.29551985491882,84.12817455227736,67.29551985491882
T0_B3_N14_B_s600_n3,T0_B3_N14_B,600,-996,-552,False,1550.97,28.3,12,320,320.55641610964904,186.002046266894,320.55641610964904
T0_B3_N14_B_s600_n4,T0_B3_N14_B,600,1380,-1002,False,1691.63,26.9,10,208,346.1138299899406,192.6826200353474,346.1138299899406
T0_B3_N14_B_s600_n5,T0_B3_N14_B,600,1639,-1080,False,1922.84,13.5,6,71,3093.4299228140912,2338.5071997146306,3093.4299228140912
T0_B3_N14_B_s600_n6,T0_B3_N14_B,600,403,-449,False,756.05,56.5,4,110,130.74126983538156,121.3228179016204,130.74126983538156
T0_B3_N14_B_s600_n7,T0_B3_N14_B,600,-475,538,False,810.72,49.9,5,115,130.4553709358777,207.7496814890896,130.4553709358777
T0_B3_N14_B_s800_n0,T0_B3_N14_B,800,550,-405,False,818.86,78.8,7,247,130.34714060422647,119.81961121772322,130.34714060422647
T0_B3_N14_B_s800_n1,T0_B3_N14_B,800,0,613,True,453.18,180.0,5,217,3.3940488985972843,49.50223098834406,3.3940488985972843
T0_B3_N14_B_s800_n2,T0_B3_N14_B,800,748,633,True,418.8,278.5,6,271,6.225771362220421,55.81203735467888,6.225771362220421
T0_B3_N14_B_s800_n3,T0_B3_N14_B,800,957,126,False,620.75,106.2,7,249,79.16117660263214,102.6786615350441,79.16117660263214
T0_B3_N14_B_s800_n4,T0_B3_N14_B,800,-860,-1063,False,1930.79,26.6,10,258,228.5892213873221,276.97867487766496,228.5892213873221
T0_B3_N14_B_s800_n5,T0_B3_N14_B,800,-1057,-1032,False,2042.91,20.9,10,180,1652.7171557634235,475.694169585248,475.694169585248
T0_B3_N14_B_s800_n6,T0_B3_N14_B,800,-722,-17,False,1196.98,44.7,9,250,283.7940518381883,257.5863013734036,283.79405183818824
T0_B3_N14_B_s800_n7,T0_B3_N14_B,800,-560,-481,False,1302.98,44.9,13,419,237.8253342137144,207.58957920817835,237.82533421371437
T0_B3_N14_C_s1000_n0,T0_B3_N14_C,1000,-777,-142,False,1429.3,50.1,12,509,93.18671090320515,109.57960367736725,93.18671090320515
T0_B3_N14_C_s1000_n1,T0_B3_N14_C,1000,729,307,True,299.48,356.6,6,375,4.245927828920147,19.033819738500533,4.245927828920147
T0_B3_N14_C_s1000_n2,T0_B3_N14_C,1000,832,111,True,511.41,298.5,8,360,3.901795277665564,31.52125926629546,3.901795277665564
T0_B3_N14_C_s1000_n3,T0_B3_N14_C,1000,-167,70,False,793.59,89.2,11,308,15.750911624167404,63.64496883076058,63.644968830760575
T0_B3_N14_C_s1000_n4,T0_B3_N14_C,1000,592,552,True,105.68,357.0,4,381,4.245927828985487,23.12393492146427,4.245927828985487
T0_B3_N14_C_s1000_n5,T0_B3_N14_C,1000,-406,997,False,1033.37,65.7,11,282,110.69495339022164,314.1626152632857,110.69495339022164
T0_B3_N14_C_s1000_n6,T0_B3_N14_C,1000,641,533,True,144.81,357.0,5,378,11.992782549787217,21.70552119566217,11.992782549787217
T0_B3_N14_C_s1000_n7,T0_B3_N14_C,1000,769,1690,False,1220.02,60.2,14,350,220.28631999033172,234.5860122320341,220.28631999033175
T0_B3_N14_C_s1200_n0,T0_B3_N14_C,1200,466,160,True,459.95,356.5,8,512,8.69197988027936,35.3975718909793,8.691979880279309
T0_B3_N14_C_s1200_n1,T0_B3_N14_C,1200,-543,1662,False,1560.22,54.1,13,558,231.890052932422,263.47990269946223,231.8900529324218
T0_B3_N14_C_s1200_n2,T0_B3_N14_C,1200,1109,720,True,522.95,270.1,9,461,12.768788327600864,24.27897021097346,12.768788327600864
T0_B3_N14_C_s1200_n3,T0_B3_N14_C,1200,410,474,True,227.98,357.0,7,517,4.245927828982793,29.29569795345941,4.245927828982765
T0_B3_N14_C_s1200_n4,T0_B3_N14_C,1200,50,1177,True,797.14,121.9,11,384,14.214861967328618,36.91967302680178,14.214861967328618
T0_B3_N14_C_s1200_n5,T0_B3_N14_C,1200,-717,-817,False,1934.52,31.3,10,233,1418.2087266446297,437.7890000296375,437.7890000296375
T0_B3_N14_C_s1200_n6,T0_B3_N14_C,1200,-87,-580,False,1365.42,60.7,15,583,184.8231777573592,251.49671913254016,184.8231777573592
T0_B3_N14_C_s1200_n7,T0_B3_N14_C,1200,482,-773,False,1378.06,71.7,13,457,647.5354482060947,249.8812249310019,647.5354482060947
T0_B3_N14_C_s400_n0,T0_B3_N14_C,400,261,-308,False,511.65,50.6,2,47,22.48507630972112,93.1413699994799,22.48507630972112
T0_B3_N14_C_s400_n1,T0_B3_N14_C,400,616,-38,False,479.27,54.2,3,40,49.40345697909103,27.47548478485745,49.40345697909103
T0_B3_N14_C_s400_n2,T0_B3_N14_C,400,383,-274,False,508.1,56.5,3,48,94.7255988279837,111.38778242130483,94.7255988279837
T0_B3_N14_C_s400_n4,T0_B3_N14_C,400,-229,312,False,443.38,60.4,3,47,11.694026037913025,26.94081941147464,11.694026037913025
T0_B3_N14_C_s400_n5,T0_B3_N14_C,400,728,1080,False,1026.25,25.6,4,33,209.24903143364463,328.54415957821493,209.24903143364463
T0_B3_N14_C_s600_n0,T0_B3_N14_C,600,1517,1449,False,1673.71,24.6,9,143,531.5368643478546,446.060550130669,531.5368643478546
T0_B3_N14_C_s600_n1,T0_B3_N14_C,600,-699,1290,False,1406.45,32.4,8,114,305.2490204012254,86.42206226248278,305.2490204012254
T0_B3_N14_C_s600_n2,T0_B3_N14_C,600,151,-119,False,444.7,100.9,5,126,26.717053731996007,27.69746345953049,26.717053731995996
T0_B3_N14_C_s600_n3,T0_B3_N14_C,600,973,1779,False,1624.92,26.2,10,182,257.8163136230637,363.4062356372832,257.8163136230637
T0_B3_N14_C_s600_n4,T0_B3_N14_C,600,1141,137,False,856.65,47.5,5,97,84.96953592957547,134.05124889807976,84.96953592957547
T0_B3_N14_C_s600_n5,T0_B3_N14_C,600,720,1755,False,1514.41,25.9,11,189,540.9635281192067,550.0505527772082,540.9635281192067
T0_B3_N14_C_s600_n6,T0_B3_N14_C,600,-935,-923,False,1738.09,17.1,7,86,558.6346140772023,787.5760005596412,558.6346140772023
T0_B3_N14_C_s600_n7,T0_B3_N14_C,600,-975,1232,False,1579.32,26.8,10,204,478.52756332691376,633.1964020783184,478.5275633269138
T0_B3_N14_C_s800_n0,T0_B3_N14_C,800,47,-261,False,749.35,76.3,8,194,18.820840765190948,59.710392452125575,18.820840765190948
T0_B3_N14_C_s800_n1,T0_B3_N14_C,800,-13,-402,False,902.09,58.7,10,212,101.73357895415552,287.4554555801245,101.73357895415552
T0_B3_N14_C_s800_n2,T0_B3_N14_C,800,271,360,True,135.06,356.3,4,292,4.24592782897274,15.64459157392194,4.24592782897274
T0_B3_N14_C_s800_n3,T0_B3_N14_C,800,802,754,False,535.65,108.9,6,189,2.227389683751043,39.83653531756811,2.227389683751043
T0_B3_N14_C_s800_n4,T0_B3_N14_C,800,-315,372,False,715.55,83.7,6,167,70.10236194309729,63.41577479258813,70.10236194309729
T0_B3_N14_C_s800_n5,T0_B3_N14_C,800,159,-673,False,1099.73,49.4,14,336,456.1397733171875,435.9029387588053,456.1397733171875
T0_B3_N14_C_s800_n6,T0_B3_N14_C,800,1612,1241,False,1475.2,38.0,12,318,214.03834372396776,172.135511943693,214.03834372396776
T0_B3_N14_C_s800_n7,T0_B3_N14_C,800,-581,167,False,1008.29,60.1,9,218,99.0334833823278,187.3277633467852,99.0334833823278
T0_B3_N14_D_s1000_n0,T0_B3_N14_D,1000,-196,352,False,711.56,131.1,14,615,116.3386078991829,182.0384154286703,116.3386078991829
T0_B3_N14_D_s1000_n1,T0_B3_N14_D,1000,417,225,True,287.25,356.9,16,877,21.43293806018125,39.82148703674415,21.432938060181247
T0_B3_N14_D_s1000_n2,T0_B3_N14_D,1000,-223,-176,False,989.8,63.8,13,386,46.32575306883383,347.1865969449845,46.32575306883383
T0_B3_N14_D_s1000_n3,T0_B3_N14_D,1000,406,1138,False,644.89,141.5,12,436,53.20970859890714,130.1595893939676,53.20970859890736
T0_B3_N14_D_s1000_n4,T0_B3_N14_D,1000,723,398,True,245.22,357.6,12,722,11.209867598621868,72.36673342952979,11.209867598621916
T0_B3_N14_D_s1000_n5,T0_B3_N14_D,1000,1154,719,False,689.69,137.5,15,633,55.59663529798982,184.0200479872684,55.59663529798982
T0_B3_N14_D_s1000_n6,T0_B3_N14_D,1000,535,1285,False,785.78,109.4,13,476,139.33015001197575,143.57371433765465,139.33015001197575
T0_B3_N14_D_s1000_n7,T0_B3_N14_D,1000,507,-176,False,676.04,133.8,14,554,118.3639060612093,121.54101935499716,118.3639060612093
T0_B3_N14_D_s1200_n0,T0_B3_N14_D,1200,998,1259,False,769.86,155.7,16,890,10.916138131818371,208.26768829671872,10.916138131818371
T0_B3_N14_D_s1200_n1,T0_B3_N14_D,1200,-23,403,False,653.4,174.6,16,950,20.19254726989949,162.43112117169773,20.192547269899435
T0_B3_N14_D_s1200_n2,T0_B3_N14_D,1200,226,951,True,512.91,357.2,16,948,20.06781469425978,139.70475456223275,20.067814694259667
T0_B3_N14_D_s1200_n3,T0_B3_N14_D,1200,-23,24,False,848.47,103.2,16,682,8.507862723784426,229.70735286551584,229.70735286551584
T0_B3_N14_D_s1200_n4,T0_B3_N14_D,1200,1074,963,True,597.03,355.5,16,1021,20.732747989466944,181.45216608046564,20.732747989466944
T0_B3_N14_D_s1200_n5,T0_B3_N14_D,1200,992,972,True,540.41,356.9,16,968,20.26216157136226,153.66323398925314,20.26216157136227
T0_B3_N14_D_s1200_n6,T0_B3_N14_D,1200,17,1004,True,709.3,201.4,16,877,18.2272804261648,158.34733714477525,18.22728042616491
T0_B3_N14_D_s1200_n7,T0_B3_N14_D,1200,623,611,True,25.5,357.8,11,908,9.710009147555432,77.74171941242602,9.710009147555432
T0_B3_N14_D_s400_n0,T0_B3_N14_D,400,-22,366,False,277.2,105.7,5,138,10.91894273853856,45.310337512031055,10.91894273853856
T0_B3_N14_D_s400_n1,T0_B3_N14_D,400,-294,-310,False,710.03,39.3,11,180,188.3586279602145,82.28838846007818,188.3586279602145
T0_B3_N14_D_s400_n2,T0_B3_N14_D,400,1150,1244,False,1411.54,11.5,4,49,1251.8371643521114,820.8750339235202,1251.8371643521114
T0_B3_N14_D_s400_n3,T0_B3_N14_D,400,-614,177,False,814.32,31.6,9,101,246.46287178892155,368.959828243923,246.46287178892155
T0_B3_N14_D_s400_n4,T0_B3_N14_D,400,-343,149,False,545.39,51.2,4,59,111.69681253151528,87.45562465936291,111.69681253151528
T0_B3_N14_D_s400_n5,T0_B3_N14_D,400,32,-235,False,466.31,60.8,5,84,47.48162896221977,32.03124938741493,47.48162896221977
T0_B3_N14_D_s400_n6,T0_B3_N14_D,400,422,1239,False,1062.45,23.6,7,100,1213.9591023669127,22.78765610032882,22.7876561003286
T0_B3_N14_D_s400_n7,T0_B3_N14_D,400,208,-267,False,467.07,61.5,5,91,126.98732345406697,128.394815640702,126.987323454067
T0_B3_N14_D_s600_n0,T0_B3_N14_D,600,-475,202,False,781.17,56.9,11,241,209.44749443096168,248.52556919437816,209.4474944309617
T0_B3_N14_D_s600_n1,T0_B3_N14_D,600,985,-553,False,1094.0,24.5,8,96,920.2794143956098,281.87179624486225,920.2794143956098
T0_B3_N14_D_s600_n2,T0_B3_N14_D,600,311,-525,False,825.07,57.4,10,212,172.5503794106095,157.15232487886146,172.5503794106095
T0_B3_N14_D_s600_n3,T0_B3_N14_D,600,76,-406,False,740.68,59.6,12,257,40.15179243537447,67.66368689033416,40.15179243537446
T0_B3_N14_D_s600_n4,T0_B3_N14_D,600,-322,-545,False,1049.24,28.7,9,97,54.91045707562116,86.2263291648312,54.91045707562116
T0_B3_N14_D_s600_n5,T0_B3_N14_D,600,-328,565,False,681.62,61.2,8,161,110.63761754812764,276.630505446894,110.6376175481276
T0_B3_N14_D_s600_n6,T0_B3_N14_D,600,-591,12,False,936.39,45.2,10,241,181.7283968434822,251.6802082632813,181.7283968434822
T0_B3_N14_D_s600_n7,T0_B3_N14_D,600,-529,82,False,857.18,48.0,11,259,192.8338678572532,249.98519971431585,192.8338678572532
T0_B3_N14_D_s800_n0,T0_B3_N14_D,800,144,1254,False,891.54,68.2,12,330,299.922610775427,249.45085917019668,299.9226107754269
T0_B3_N14_D_s800_n1,T0_B3_N14_D,800,-85,136,False,552.2,127.2,16,493,16.26176614968519,101.70764872965924,16.261766149685197
T0_B3_N14_D_s800_n2,T0_B3_N14_D,800,554,-338,False,753.9,87.8,12,367,250.27042669058503,249.07197451266185,250.27042669058503
T0_B3_N14_D_s800_n3,T0_B3_N14_D,800,12,842,False,588.14,93.3,11,336,32.06639051356108,156.0600536332976,32.06639051356108
T0_B3_N14_D_s800_n4,T0_B3_N14_D,800,792,307,True,402.88,187.3,10,402,11.259052684431907,89.77031163781848,11.259052684431907
T0_B3_N14_D_s800_n5,T0_B3_N14_D,800,369,588,True,190.54,356.9,6,494,9.710009147558647,38.581498466876575,9.710009147558647
T0_B3_N14_D_s800_n6,T0_B3_N14_D,800,82,-87,False,581.63,110.0,15,527,21.35882165769804,58.4609690842366,21.358821657698048
T0_B3_N14_D_s800_n7,T0_B3_N14_D,800,1203,776,False,886.67,61.4,12,419,166.34550955095727,246.9966193905818,166.34550955095727
T0_B3_N23_A_s1000_n0,T0_B3_N23_A,1000,255,435,True,253.48,356.5,6,483,7.755806401413302,20.788255583667144,7.755806401413293
T0_B3_N23_A_s1000_n1,T0_B3_N23_A,1000,1028,157,False,629.63,164.2,9,360,15.648465834116708,57.46766231493866,15.648465834116708
T0_B3_N23_A_s1000_n2,T0_B3_N23_A,1000,46,2014,False,1580.6,42.8,14,427,468.7088941795322,429.0468835471695,468.7088941795322
T0_B3_N23_A_s1000_n3,T0_B3_N23_A,1000,-356,432,False,858.7,98.7,10,323,33.242157907522504,58.49070701811122,33.242157907522504
T0_B3_N23_A_s1000_n4,T0_B3_N23_A,1000,17,-920,False,1499.9,47.1,14,456,229.0212244069188,57.09992503374267,229.0212244069188
T0_B3_N23_A_s1000_n5,T0_B3_N23_A,1000,1043,210,False,615.59,155.5,9,368,17.074291951278166,50.12644029461138,17.074291951278163
T0_B3_N23_A_s1000_n6,T0_B3_N23_A,1000,301,-935,False,1448.73,49.8,14,454,125.33128236032373,9.584055559036312,125.33128236032373
T0_B3_N23_A_s1000_n7,T0_B3_N23_A,1000,857,167,True,488.2,356.1,8,431,12.172498923787884,36.02163070051394,12.172498923787884
T0_B3_N23_A_s1200_n0,T0_B3_N23_A,1200,1181,1005,True,708.23,196.2,11,619,6.1422868027010695,24.274236641693225,6.1422868027010695
T0_B3_N23_A_s1200_n1,T0_B3_N23_A,1200,-318,39,False,1075.85,77.3,19,600,76.20484221799944,122.127262009866,76.20484221799944
T0_B3_N23_A_s1200_n2,T0_B3_N23_A,1200,-97,-11,False,926.89,84.4,21,538,40.2073686966592,91.25600014974194,91.25600014974194
T0_B3_N23_A_s1200_n3,T0_B3_N23_A,1200,179,851,True,490.14,356.0,9,613,8.353166083770624,37.51352255858919,8.353166083770624
T0_B3_N23_A_s1200_n4,T0_B3_N23_A,1200,330,768,True,318.0,357.2,7,638,7.860504185200158,24.407994915443705,7.86050418520014
T0_B3_N23_A_s1200_n5,T0_B3_N23_A,1200,-875,33,False,1580.23,52.7,15,620,161.79459892143527,193.75862983952536,161.79459892143527
T0_B3_N23_A_s1200_n6,T0_B3_N23_A,1200,870,1015,True,495.1,356.4,10,683,1337.6278395905076,14.691225980444727,14.691225980444656
T0_B3_N23_A_s1200_n7,T0_B3_N23_A,1200,1801,-292,False,1496.02,57.9,17,716,124.82730923502145,101.66331104920975,124.82730923502142
T0_B3_N23_A_s400_n0,T0_B3_N23_A,400,1183,-165,False,1048.58,24.1,4,45,832.8063744333563,255.20142545624628,832.8063744333563
T0_B3_N23_A_s400_n1,T0_B3_N23_A,400,608,975,False,875.84,31.3,3,70,224.7662833226356,246.6170671266632,224.7662833226356
T0_B3_N23_A_s400_n2,T0_B3_N23_A,400,134,266,True,93.34,356.0,2,169,4.796885498115871,9.38403893008335,4.796885498115823
T0_B3_N23_A_s400_n3,T0_B3_N23_A,400,1672,158,False,1472.6,16.2,6,63,321.3668991640301,1233.3088243897407,1233.3088243897407
T0_B3_N23_A_s400_n4,T0_B3_N23_A,400,783,-731,False,1098.48,23.9,4,36,324.526086965764,224.20533059726952,324.526086965764
T0_B3_N23_A_s400_n5,T0_B3_N23_A,400,-976,1278,False,1595.32,16.4,4,42,899.601482586759,245.949533551348,899.601482586759
T0_B3_N23_A_s400_n6,T0_B3_N23_A,400,243,-81,False,284.27,111.8,3,94,13.76248178856524,19.12478032344352,13.76248178856524
T0_B3_N23_A_s400_n7,T0_B3_N23_A,400,-373,1520,False,1439.0,16.9,4,38,1935.080558632644,1701.5869901038925,1935.080558632644
T0_B3_N23_A_s600_n0,T0_B3_N23_A,600,335,-691,False,991.62,42.7,7,96,45.58030008403675,33.741672642093974,45.58030008403675
T0_B3_N23_A_s600_n1,T0_B3_N23_A,600,497,-1351,False,1662.71,22.8,10,205,1211.1974478069808,395.273356187637,395.2733561876368
T0_B3_N23_A_s600_n2,T0_B3_N23_A,600,-170,-186,False,676.09,61.7,6,122,83.50699853993733,76.23063065181663,83.50699853993731
T0_B3_N23_A_s600_n3,T0_B3_N23_A,600,-141,1657,False,1426.86,27.1,6,90,766.9075348098428,688.9574880090275,766.9075348098427
T0_B3_N23_A_s600_n4,T0_B3_N23_A,600,70,237,True,238.47,243.6,4,203,4.558105773764007,9.68170454585484,4.55810577376398
T0_B3_N23_A_s600_n5,T0_B3_N23_A,600,533,-8,False,386.2,118.1,5,153,20.25150996293284,46.69773760003318,20.251509962932836
T0_B3_N23_A_s600_n6,T0_B3_N23_A,600,58,532,True,335.24,145.1,4,161,13.04605625960187,16.538810412016627,13.04605625960187
T0_B3_N23_A_s800_n0,T0_B3_N23_A,800,26,373,True,374.97,202.1,6,305,10.354910786481028,21.805761395997862,10.354910786481028
T0_B3_N23_A_s800_n1,T0_B3_N23_A,800,231,-678,False,1091.17,53.5,11,188,23.26160065172101,28.363539861776395,23.26160065172101
T0_B3_N23_A_s800_n2,T0_B3_N23_A,800,584,-745,False,1159.69,50.3,12,208,79.60649840126753,64.10394344237633,79.60649840126753
T0_B3_N23_A_s800_n3,T0_B3_N23_A,800,1017,489,False,623.39,105.4,7,255,19.174960122438968,5.340466484626287,19.174960122439064
T0_B3_N23_A_s800_n4,T0_B3_N23_A,800,702,635,True,382.66,272.3,6,349,5.727956629872819,9.665319255480371,5.727956629872819
T0_B3_N23_A_s800_n5,T0_B3_N23_A,800,943,-392,False,960.27,57.7,9,175,188.02890862203932,152.8152623233069,188.02890862203935
T0_B3_N23_A_s800_n6,T0_B3_N23_A,800,1520,1330,False,1455.78,40.2,15,316,1937.856454276908,408.0007054714291,408.0007054714291
T0_B3_N23_A_s800_n7,T0_B3_N23_A,800,619,315,True,234.92,356.1,4,328,4.796885497988021,9.270759346221633,4.796885497988021
T0_B3_N23_ADAP_s1000_n0,T0_B3_N23_ADAP,1000,-11,254,False,567.13,171.5,21,1148,1.6957882883264437,31.76673059342582,1.6957882883264437
T0_B3_N23_ADAP_s1000_n1,T0_B3_N23_ADAP,1000,247,178,True,409.5,351.8,20,1085,0.1220384949629312,28.797210380328803,0.122038494962965
T0_B3_N23_ADAP_s1000_n2,T0_B3_N23_ADAP,1000,501,1227,False,727.0,125.9,19,826,37.04567784087646,71.63341064198801,37.04567784087646
T0_B3_N23_ADAP_s1000_n3,T0_B3_N23_ADAP,1000,1179,328,False,700.45,134.2,19,1049,34.74910547220223,42.321650734236506,34.74910547220223
T0_B3_N23_ADAP_s1000_n4,T0_B3_N23_ADAP,1000,-228,966,False,864.37,81.3,19,937,64.08592756586924,83.01021029902492,64.08592756586924
T0_B3_N23_ADAP_s1000_n5,T0_B3_N23_ADAP,1000,236,-148,False,699.71,132.6,19,1025,57.558511799622174,64.70395549767642,57.55851179962219
T0_B3_N23_ADAP_s1000_n6,T0_B3_N23_ADAP,1000,1043,1073,False,789.42,82.6,20,1091,127.32976947219406,40.46555343850221,127.32976947219396
T0_B3_N23_ADAP_s1000_n7,T0_B3_N23_ADAP,1000,617,-52,False,564.26,165.1,20,1132,11.437364716067396,15.935220241644563,11.437364716067396
T0_B3_N23_ADAP_s1200_n0,T0_B3_N23_ADAP,1200,869,635,True,271.27,357.1,17,1393,0.1220384949339116,25.31511832007284,0.1220384949339116
T0_B3_N23_ADAP_s1200_n1,T0_B3_N23_ADAP,1200,226,-156,False,843.45,133.1,19,1186,26.972037949029136,50.69127249379452,26.972037949029136
T0_B3_N23_ADAP_s1200_n2,T0_B3_N23_ADAP,1200,919,199,True,512.41,352.4,21,1565,0.1220384948193898,21.05626383409473,0.1220384948193898
T0_B3_N23_ADAP_s1200_n3,T0_B3_N23_ADAP,1200,396,-66,False,696.54,163.1,20,1365,31.507059943558883,41.19613043186677,31.507059943558883
T0_B3_N23_ADAP_s1200_n4,T0_B3_N23_ADAP,1200,1081,662,True,484.98,351.9,21,1571,0.1220384949459399,21.751535006064568,0.1220384949459399
T0_B3_N23_ADAP_s1200_n5,T0_B3_N23_ADAP,1200,1127,1224,False,816.76,115.7,20,1319,30.860364507996835,28.091858964719822,30.860364507996835
T0_B3_N23_ADAP_s1200_n6,T0_B3_N23_ADAP,1200,1,159,True,743.83,182.7,21,1517,0.3549149578173482,32.70427542660657,0.3549149578173482
T0_B3_N23_ADAP_s1200_n7,T0_B3_N23_ADAP,1200,503,-66,False,673.03,163.5,20,1393,31.556425136820465,36.41437766744278,31.556425136820483
T0_B3_N23_ADAP_s400_n0,T0_B3_N23_ADAP,400,-572,802,False,978.97,29.2,12,222,46.651057433559096,52.05625647129554,46.651057433559096
T0_B3_N23_ADAP_s400_n1,T0_B3_N23_ADAP,400,-270,-58,False,536.16,53.4,6,130,168.4598533669164,194.1403635290985,168.4598533669164
T0_B3_N23_ADAP_s400_n2,T0_B3_N23_ADAP,400,-563,466,False,808.04,33.2,10,173,560.9750526972084,157.16767447849114,560.9750526972084
T0_B3_N23_ADAP_s400_n5,T0_B3_N23_ADAP,400,705,-164,False,622.51,44.3,7,138,244.6664904523748,162.74078291303255,244.6664904523749
T0_B3_N23_ADAP_s400_n6,T0_B3_N23_ADAP,400,-332,-41,False,584.04,46.4,8,130,361.24533882947054,149.33643604568118,149.33643604568118
T0_B3_N23_ADAP_s400_n7,T0_B3_N23_ADAP,400,425,0,False,301.04,83.9,5,147,78.02553088901283,124.4348603732896,78.02553088901283
T0_B3_N23_ADAP_s600_n0,T0_B3_N23_ADAP,600,287,-15,False,315.27,172.0,9,415,2.3560481858309585,66.29602583786266,2.3560481858309643
T0_B3_N23_ADAP_s600_n1,T0_B3_N23_ADAP,600,1016,-842,False,1347.89,15.7,7,79,918.1036061186531,357.5336839888614,918.1036061186531
T0_B3_N23_ADAP_s600_n2,T0_B3_N23_ADAP,600,-335,-700,False,1184.58,29.3,10,217,894.0500521507059,211.38290954176068,211.38290954176068
T0_B3_N23_ADAP_s600_n3,T0_B3_N23_ADAP,600,104,-75,False,423.13,129.9,10,378,73.45878018592067,19.01620306469116,19.01620306469116
T0_B3_N23_ADAP_s600_n4,T0_B3_N23_ADAP,600,425,288,True,125.57,352.0,5,379,0.1220384946885104,29.333505643173137,0.1220384946885104
T0_B3_N23_ADAP_s600_n5,T0_B3_N23_ADAP,600,140,353,True,168.55,351.8,6,402,0.1220384947857545,32.936623380215764,0.1220384947857545
T0_B3_N23_ADAP_s600_n6,T0_B3_N23_ADAP,600,205,145,True,181.8,351.8,7,426,0.1220384949624237,26.80156919337016,0.1220384949624237
T0_B3_N23_ADAP_s600_n7,T0_B3_N23_ADAP,600,285,-149,False,449.25,114.9,9,372,144.68485226290085,125.71956320639356,144.68485226290085
T0_B3_N23_ADAP_s800_n0,T0_B3_N23_ADAP,800,778,-339,False,830.06,68.6,18,730,204.6225150767833,80.80913390101362,204.6225150767833
T0_B3_N23_ADAP_s800_n1,T0_B3_N23_ADAP,800,154,297,True,266.69,351.8,9,704,0.1220384946262417,22.60221076458756,0.1220384946262417
T0_B3_N23_ADAP_s800_n2,T0_B3_N23_ADAP,800,-428,530,False,838.14,77.9,17,687,64.47097543147771,67.08683597425797,64.47097543147771
T0_B3_N23_ADAP_s800_n3,T0_B3_N23_ADAP,800,403,-522,False,922.0,70.7,15,552,58.1210174768527,88.26250305217329,58.1210174768527
T0_B3_N23_ADAP_s800_n4,T0_B3_N23_ADAP,800,154,1126,False,766.55,84.8,18,561,57.01769817461759,153.2092489444822,57.01769817461759
T0_B3_N23_ADAP_s800_n5,T0_B3_N23_ADAP,800,-428,-682,False,1362.46,26.4,9,176,693.8348387374677,368.5093105853995,368.5093105853994
T0_B3_N23_ADAP_s800_n6,T0_B3_N23_ADAP,800,-45,447,False,447.48,162.0,11,617,18.97960221082406,52.11575528662916,18.97960221082406
T0_B3_N23_ADAP_s800_n7,T0_B3_N23_ADAP,800,820,-119,False,667.65,79.1,19,731,59.739209219908496,43.38623671576732,59.739209219908496
T0_B3_N23_B_s1000_n0,T0_B3_N23_B,1000,1469,1061,False,1119.68,60.1,16,556,80.3178656028655,75.90621829390182,80.3178656028655
T0_B3_N23_B_s1000_n1,T0_B3_N23_B,1000,848,661,True,383.44,356.7,7,426,17.00218597565845,28.930595700378813,17.00218597565845
T0_B3_N23_B_s1000_n2,T0_B3_N23_B,1000,788,-71,False,639.52,138.5,11,363,4.820267392980824,16.440879975170738,4.820267392980824
T0_B3_N23_B_s1000_n3,T0_B3_N23_B,1000,-317,71,False,922.78,81.1,15,430,62.35218001647591,61.71101297142285,62.35218001647591
T0_B3_N23_B_s1000_n4,T0_B3_N23_B,1000,-136,359,False,651.44,142.1,9,341,37.05511137036007,40.81683563524664,37.05511137036007
T0_B3_N23_B_s1000_n5,T0_B3_N23_B,1000,643,75,True,448.41,250.7,8,401,3.90263705560569,7.854290673948366,3.90263705560569
T0_B3_N23_B_s1000_n6,T0_B3_N23_B,1000,530,-918,False,1418.32,52.6,13,654,212.07951407058687,235.6276404067493,212.07951407058692
T0_B3_N23_B_s1000_n7,T0_B3_N23_B,1000,-401,1149,False,1110.41,62.5,17,463,37.60527277655136,85.24783408003798,37.60527277655136
T0_B3_N23_B_s1200_n0,T0_B3_N23_B,1200,-585,537,False,1186.67,86.6,16,848,124.49100708940468,116.48604990302346,124.49100708940468
T0_B3_N23_B_s1200_n1,T0_B3_N23_B,1200,969,1587,False,1053.72,91.0,17,743,69.49066210346902,92.5106977978439,69.49066210346881
T0_B3_N23_B_s1200_n2,T0_B3_N23_B,1200,-585,538,False,1186.62,86.6,16,848,124.49100708940588,116.48604990302304,124.49100708940593
T0_B3_N23_B_s1200_n3,T0_B3_N23_B,1200,1391,135,False,917.55,103.3,18,806,6.6278816394560565,30.49987922829561,6.6278816394560565
T0_B3_N23_B_s1200_n4,T0_B3_N23_B,1200,-283,1082,False,1005.99,93.6,18,672,74.7072409339107,81.97401986704595,74.7072409339107
T0_B3_N23_B_s1200_n5,T0_B3_N23_B,1200,1108,-442,False,1159.24,78.8,17,897,83.35908620042366,100.2518459388685,83.35908620042366
T0_B3_N23_B_s1200_n6,T0_B3_N23_B,1200,367,1644,False,1069.68,96.0,17,697,94.67689456672886,116.60290791584283,94.67689456672886
T0_B3_N23_B_s1200_n7,T0_B3_N23_B,1200,1542,-81,False,1162.38,69.8,17,797,39.99163719091994,89.69201464441186,39.99163719091994
T0_B3_N23_B_s400_n0,T0_B3_N23_B,400,137,1570,False,1371.45,16.6,10,117,518.4058097375196,498.5792279216352,518.4058097375198
T0_B3_N23_B_s400_n1,T0_B3_N23_B,400,-482,-340,False,869.9,30.0,4,49,63.851033408655056,43.58482452191598,63.851033408655056
T0_B3_N23_B_s400_n2,T0_B3_N23_B,400,238,291,True,98.62,294.6,2,108,3.511275017644577,3.1713015197794414,3.511275017644549
T0_B3_N23_B_s400_n3,T0_B3_N23_B,400,973,-744,False,1220.11,23.4,7,91,153.33713825560588,537.2921654993256,153.33713825560588
T0_B3_N23_B_s400_n4,T0_B3_N23_B,400,103,-253,False,463.27,55.2,3,68,140.2003727516212,76.06578539905958,140.2003727516212
T0_B3_N23_B_s400_n5,T0_B3_N23_B,400,-382,-158,False,683.29,35.4,4,42,265.4270780510712,40.87757946925998,40.87757946925998
T0_B3_N23_B_s400_n6,T0_B3_N23_B,400,289,1367,False,1170.39,20.9,6,62,350.0481018465323,251.7686829621766,350.0481018465323
T0_B3_N23_B_s400_n7,T0_B3_N23_B,400,1576,816,False,1507.59,17.9,7,106,31.99200806851214,431.588403990052,431.588403990052
T0_B3_N23_B_s600_n0,T0_B3_N23_B,600,-392,499,False,720.05,62.5,5,118,87.30692039146037,71.94187141546946,87.30692039146041
T0_B3_N23_B_s600_n1,T0_B3_N23_B,600,-131,6,False,521.73,77.0,5,108,8.83223212079145,31.80482790461317,8.83223212079145
T0_B3_N23_B_s600_n2,T0_B3_N23_B,600,578,1611,False,1340.15,29.1,12,273,119.06989130591792,248.5815760985084,119.06989130591792
T0_B3_N23_B_s600_n3,T0_B3_N23_B,600,379,83,True,230.93,260.0,3,180,3.7805245468199753,2.8618332806389435,3.780524546819919
T0_B3_N23_B_s600_n4,T0_B3_N23_B,600,234,-49,False,355.19,144.1,4,158,5.030388722838241,20.06960595713179,5.030388722838215
T0_B3_N23_B_s600_n5,T0_B3_N23_B,600,569,-130,False,507.21,78.9,5,113,21.24737154845789,34.92793524160675,21.24737154845789
T0_B3_N23_B_s600_n7,T0_B3_N23_B,600,-13,-644,False,994.54,38.2,7,140,12.41757229726971,65.65970399647514,12.41757229726971
T0_B3_N23_B_s800_n0,T0_B3_N23_B,800,-526,106,False,971.55,59.9,10,255,31.36318509655264,54.77110849551193,31.36318509655264
T0_B3_N23_B_s800_n1,T0_B3_N23_B,800,-263,-428,False,1060.73,54.9,13,315,74.87322580531972,35.537922137722674,74.87322580531969
T0_B3_N23_B_s800_n2,T0_B3_N23_B,800,626,180,True,315.4,356.7,5,312,3.4289981100825924,10.154728492744006,3.4289981100825924
T0_B3_N23_B_s800_n3,T0_B3_N23_B,800,-127,-793,False,1304.22,44.0,13,547,53.05262205531616,35.36494839516785,53.05262205531616
T0_B3_N23_B_s800_n4,T0_B3_N23_B,800,445,54,True,348.91,230.5,5,272,4.136328388764264,1.3466621394012248,4.136328388764264
T0_B3_N23_B_s800_n5,T0_B3_N23_B,800,297,1270,False,876.08,70.8,8,206,76.98732189289382,97.731354929929,76.98732189289382
T0_B3_N23_B_s800_n6,T0_B3_N23_B,800,-393,-679,False,1339.06,44.0,13,506,129.09718425768898,89.7202022684502,129.09718425768898
T0_B3_N23_B_s800_n7,T0_B3_N23_B,800,776,-479,False,956.04,57.5,12,236,142.1847751451591,54.42042298578723,142.1847751451591
T0_B3_N23_C_s1000_n0,T0_B3_N23_C,1000,390,1870,False,1374.41,53.9,13,412,132.02850116329242,105.7358649339972,132.02850116329242
T0_B3_N23_C_s1000_n1,T0_B3_N23_C,1000,1767,295,False,1283.48,57.0,13,477,88.96851243924331,124.31861724311266,88.96851243924331
T0_B3_N23_C_s1000_n2,T0_B3_N23_C,1000,-407,335,False,921.89,86.9,9,273,490.61972738662257,61.89847816631452,490.61972738662257
T0_B3_N23_C_s1000_n3,T0_B3_N23_C,1000,40,-448,False,1053.71,67.2,12,401,30.31190315881944,8.271665043252957,30.31190315881944
T0_B3_N23_C_s1000_n4,T0_B3_N23_C,1000,-935,-596,False,1805.67,36.6,10,318,168.44379569018005,675.4950649485748,168.44379569018005
T0_B3_N23_C_s1000_n5,T0_B3_N23_C,1000,-431,-809,False,1606.31,45.8,12,470,223.4535700300657,61.37554654027885,223.45357003006572
T0_B3_N23_C_s1000_n6,T0_B3_N23_C,1000,-844,-220,False,1524.71,47.6,13,538,885.3992696772003,770.3518561697003,770.3518561697003
T0_B3_N23_C_s1000_n7,T0_B3_N23_C,1000,-297,-553,False,1320.61,53.8,14,514,68.87253014704842,33.57042061808798,68.87253014704842
T0_B3_N23_C_s1200_n0,T0_B3_N23_C,1200,1120,556,True,521.86,352.3,9,530,3.876242278052588,17.073857380662812,3.876242278052588
T0_B3_N23_C_s1200_n1,T0_B3_N23_C,1200,-112,-46,False,961.38,80.9,17,580,67.52322485997716,57.85856157898103,57.85856157898103
T0_B3_N23_C_s1200_n2,T0_B3_N23_C,1200,-354,385,False,977.93,101.8,16,515,164.51847908565102,86.05400405214247,86.05400405214247
T0_B3_N23_C_s1200_n3,T0_B3_N23_C,1200,11,-560,False,1300.97,64.7,15,712,13.4714795191289,41.282868651781605,13.4714795191289
T0_B3_N23_C_s1200_n4,T0_B3_N23_C,1200,1801,183,False,1271.33,72.1,14,593,89.47475478735328,113.08389335284028,89.47475478735328
T0_B3_N23_C_s1200_n5,T0_B3_N23_C,1200,-787,1155,False,1493.92,55.4,13,610,222.8630932257145,354.96331438691874,222.8630932257145
T0_B3_N23_C_s1200_n6,T0_B3_N23_C,1200,175,579,True,425.52,354.6,8,534,3.876242278057117,31.882318811621683,3.876242278057117
T0_B3_N23_C_s1200_n7,T0_B3_N23_C,1200,-418,417,False,1034.32,100.1,15,535,81.8703001395724,120.60846389997216,81.8703001395724
T0_B3_N23_C_s400_n0,T0_B3_N23_C,400,102,143,True,113.37,354.3,2,165,3.8762422780884935,17.492853312953446,3.8762422780884935
T0_B3_N23_C_s400_n1,T0_B3_N23_C,400,729,-221,False,676.08,40.6,3,45,22.83217847962665,19.92712690707822,22.83217847962665
T0_B3_N23_C_s400_n2,T0_B3_N23_C,400,229,-2,False,204.07,169.5,3,127,7.428264342595685,21.109618701689765,7.428264342595685
T0_B3_N23_C_s400_n3,T0_B3_N23_C,400,1488,992,False,1512.02,18.9,9,169,550.5829263403998,382.18542655296926,550.5829263403998
T0_B3_N23_C_s400_n4,T0_B3_N23_C,400,17,-177,False,419.07,67.3,3,73,22.830082806576737,38.51913748178002,22.830082806576737
T0_B3_N23_C_s400_n7,T0_B3_N23_C,400,887,-399,False,911.47,27.0,4,34,259.2677686009663,175.2313698522665,259.2677686009663
T0_B3_N23_C_s600_n0,T0_B3_N23_C,600,479,-167,False,500.13,91.8,4,132,33.15886490884567,19.98420483320595,33.15886490884565
T0_B3_N23_C_s600_n1,T0_B3_N23_C,600,157,-508,False,820.56,50.9,5,104,127.05118027322848,58.93681612162841,127.05118027322848
T0_B3_N23_C_s600_n2,T0_B3_N23_C,600,439,-299,False,614.92,71.1,4,107,104.99914174609115,64.39267032865305,104.99914174609115
T0_B3_N23_C_s600_n3,T0_B3_N23_C,600,-330,104,False,659.78,68.6,4,117,67.41717708568902,74.21811328855644,67.41717708568902
T0_B3_N23_C_s600_n4,T0_B3_N23_C,600,420,242,True,133.28,354.2,3,240,3.876242277591222,13.186150142854034,3.87624227759116
T0_B3_N23_C_s600_n5,T0_B3_N23_C,600,495,306,True,195.09,352.3,4,234,3.876242277816585,7.936263362172151,3.876242277816585
T0_B3_N23_C_s600_n6,T0_B3_N23_C,600,-634,977,False,1153.55,34.5,6,76,218.3132665871969,188.1381087957033,218.3132665871969
T0_B3_N23_C_s600_n7,T0_B3_N23_C,600,906,1843,False,1657.73,24.6,8,178,177.95969185200215,257.43070965802605,177.95969185200215
T0_B3_N23_C_s800_n0,T0_B3_N23_C,800,1650,-771,False,1712.82,30.1,10,173,1009.5778513825052,255.40426860655288,1009.5778513825052
T0_B3_N23_C_s800_n1,T0_B3_N23_C,800,896,-1002,False,1487.15,36.3,11,356,198.2931093026,171.0457526191751,198.2931093026
T0_B3_N23_C_s800_n2,T0_B3_N23_C,800,491,-1109,False,1511.74,37.2,11,393,336.1846061311637,322.83770683023323,336.1846061311637
T0_B3_N23_C_s800_n3,T0_B3_N23_C,800,51,63,True,485.15,288.5,6,287,4.225345074723291,59.25868926513814,4.225345074723291
T0_B3_N23_C_s800_n4,T0_B3_N23_C,800,-284,-326,False,997.46,55.9,8,204,73.15789492778792,35.207190257977075,73.15789492778792
T0_B3_N23_C_s800_n5,T0_B3_N23_C,800,-396,763,False,874.86,63.4,6,133,106.02880190119753,73.8300782163605,106.02880190119753
T0_B3_N23_C_s800_n6,T0_B3_N23_C,800,143,166,True,347.57,354.3,5,331,3.876242278088451,41.05250681304358,3.876242278088451
T0_B3_N23_C_s800_n7,T0_B3_N23_C,800,1711,112,False,1342.26,40.7,12,348,225.6831955306877,256.29489307491383,225.6831955306877
T0_B3_N23_D_s1000_n0,T0_B3_N23_D,1000,107,903,True,562.9,354.6,7,930,4.161612802550186,15.499360020529185,4.161612802550223
T0_B3_N23_D_s1000_n1,T0_B3_N23_D,1000,439,298,True,211.01,357.3,6,899,898.8953587218604,23.539647380970628,898.8953587218604
T0_B3_N23_D_s1000_n2,T0_B3_N23_D,1000,1006,1731,False,1330.94,50.8,12,887,219.5602190560408,611.1927869392613,219.5602190560408
T0_B3_N23_D_s1000_n3,T0_B3_N23_D,1000,896,-489,False,1065.33,70.2,13,937,1572.5067369494975,116.73276654218206,1572.5067369494975
T0_B3_N23_D_s1000_n4,T0_B3_N23_D,1000,56,-816,False,1388.88,49.4,11,1152,274.1667297903874,324.32423553729484,274.1667297903874
T0_B3_N23_D_s1000_n5,T0_B3_N23_D,1000,631,-896,False,1402.13,53.3,10,962,68.29765235412953,148.89949884329303,68.29765235412953
T0_B3_N23_D_s1000_n6,T0_B3_N23_D,1000,392,807,True,325.44,354.6,6,937,26.97826951573504,18.878843037403698,26.97826951573504
T0_B3_N23_D_s1000_n7,T0_B3_N23_D,1000,-103,-723,False,1363.58,51.3,11,1194,281.5731660114511,100.08527376493028,281.573166011451
T0_B3_N23_D_s1200_n0,T0_B3_N23_D,1200,-579,333,False,1208.85,79.1,13,1566,105.58847446937868,266.19530723781963,105.58847446937868
T0_B3_N23_D_s1200_n1,T0_B3_N23_D,1200,532,760,True,173.85,357.9,6,1195,4.763145615653299,26.766319596402663,4.763145615653299
T0_B3_N23_D_s1200_n2,T0_B3_N23_D,1200,1353,722,False,762.82,141.7,9,1044,21.38056966935335,124.09282027948258,21.38056966935335
T0_B3_N23_D_s1200_n3,T0_B3_N23_D,1200,1558,-363,False,1358.36,62.9,13,1671,564.9462370426011,94.7157235002386,564.9462370426011
T0_B3_N23_D_s1200_n4,T0_B3_N23_D,1200,-207,-989,False,1782.18,47.5,9,1025,885.9693786655779,797.1360231165094,885.9693786655779
T0_B3_N23_D_s1200_n5,T0_B3_N23_D,1200,1403,-249,False,1168.59,71.1,14,1654,41.17952178497097,84.78999907386715,41.17952178497097
T0_B3_N23_D_s1200_n6,T0_B3_N23_D,1200,1701,230,False,1161.51,83.8,13,1608,249.24783834958347,418.7136754269015,249.24783834958347
T0_B3_N23_D_s1200_n7,T0_B3_N23_D,1200,-540,-1143,False,2082.7,28.3,7,490,1217.9531340789636,3486.976564146205,3486.9765641462054
T0_B3_N23_D_s400_n0,T0_B3_N23_D,400,-296,242,False,497.78,51.4,2,91,32.855424188920765,19.452791936632973,32.85542418892075
T0_B3_N23_D_s400_n1,T0_B3_N23_D,400,368,85,True,203.59,174.5,3,167,6.5014616340010685,12.35226672456443,6.5014616340010685
T0_B3_N23_D_s400_n2,T0_B3_N23_D,400,-1147,1271,False,1720.89,16.3,6,193,724.6858433763836,682.6122901385871,724.6858433763836
T0_B3_N23_D_s400_n3,T0_B3_N23_D,400,17,-132,False,379.09,63.7,3,140,26.17408037662908,23.36235365061106,26.17408037662908
T0_B3_N23_D_s400_n4,T0_B3_N23_D,400,64,-40,False,275.86,126.1,3,195,6.05270700715819,10.867214319175222,6.05270700715819
T0_B3_N23_D_s400_n5,T0_B3_N23_D,400,-517,641,False,841.77,31.4,3,155,456.64813487071285,181.4120651972016,456.6481348707128
T0_B3_N23_D_s400_n6,T0_B3_N23_D,400,-1082,-36,False,1303.54,18.0,5,130,555.5208630544273,434.780060212631,555.5208630544273
T0_B3_N23_D_s400_n7,T0_B3_N23_D,400,-952,396,False,1168.55,19.1,3,88,796.9970603431792,38.82119247236832,796.9970603431792
T0_B3_N23_D_s600_n0,T0_B3_N23_D,600,471,575,True,323.83,210.0,4,322,4.232903726618333,16.73917398099773,4.232903726618333
T0_B3_N23_D_s600_n1,T0_B3_N23_D,600,0,-320,False,688.77,54.5,5,256,1004.429104748133,69.93594018000789,1004.429104748133
T0_B3_N23_D_s600_n2,T0_B3_N23_D,600,-213,190,False,524.66,95.4,4,332,55.03868025565456,81.53107143768203,55.03868025565456
T0_B3_N23_D_s600_n3,T0_B3_N23_D,600,-448,309,False,748.05,60.3,4,311,247.3711458159972,95.4302466173505,247.3711458159972
T0_B3_N23_D_s600_n4,T0_B3_N23_D,600,17,-313,False,675.17,58.9,5,263,74.23344926431794,44.894382405705606,44.894382405705606
T0_B3_N23_D_s600_n5,T0_B3_N23_D,600,418,-13,False,334.5,170.3,5,350,705.8793985218745,11.005938708167864,705.8793985218745
T0_B3_N23_D_s600_n6,T0_B3_N23_D,600,-320,-437,False,963.1,41.7,7,279,502.5733209901631,78.54743268187576,78.54743268187576
T0_B3_N23_D_s600_n7,T0_B3_N23_D,600,1108,-1092,False,1609.51,27.8,8,494,35.916430350450774,25.986854748515626,35.916430350450966
T0_B3_N23_D_s800_n0,T0_B3_N23_D,800,-330,-495,False,1154.96,49.2,12,671,1521.5242827611105,287.6059433817661,1521.5242827611105
T0_B3_N23_D_s800_n1,T0_B3_N23_D,800,399,1264,False,864.0,76.6,5,399,58.793284629115945,37.36199981938261,58.793284629115945
T0_B3_N23_D_s800_n2,T0_B3_N23_D,800,135,-290,False,739.14,80.2,6,424,17.591589587930837,76.71932204196041,17.591589587930784
T0_B3_N23_D_s800_n3,T0_B3_N23_D,800,589,739,True,388.13,260.8,5,499,4.327347535653212,24.96606255905017,4.327347535653212
T0_B3_N23_D_s800_n4,T0_B3_N23_D,800,-871,424,False,1271.23,41.9,11,760,123.96742457740952,142.0594366861983,123.96742457740952
T0_B3_N23_D_s800_n5,T0_B3_N23_D,800,1623,1710,False,1792.16,32.9,9,690,469.32427401181,552.1790901763986,469.32427401181
T0_B3_N23_D_s800_n6,T0_B3_N23_D,800,982,-286,False,899.62,61.9,8,521,150.68782743282625,56.98554250658817,150.68782743282625
T0_B3_N23_D_s800_n7,T0_B3_N23_D,800,263,34,True,390.8,222.1,6,566,10.105308398450664,23.025278831836825,10.105308398450664
T2_B1_N10_A_s1000_n0,T2_B1_N10_A,1000,58,-902,False,1470.02,46.0,13,228,446.7499760524453,334.87168512973307,446.7499760524453
T2_B1_N10_A_s1000_n1,T2_B1_N10_A,1000,-294,354,False,807.31,102.9,9,281,107.34187233772296,121.78129262616542,107.34187233772296
T2_B1_N10_A_s1000_n2,T2_B1_N10_A,1000,503,-129,False,629.01,146.8,10,339,8.594271090586505,63.33702591206339,8.594271090586547
T2_B1_N10_A_s1000_n3,T2_B1_N10_A,1000,689,-390,False,909.85,91.9,9,246,40.62420844341028,64.46166538039117,40.62420844341028
T2_B1_N10_A_s1000_n4,T2_B1_N10_A,1000,1813,-1210,False,2155.94,19.6,7,65,1014.1954127604748,494.8051768510372,1014.1954127604748
T2_B1_N10_A_s1000_n5,T2_B1_N10_A,1000,-29,696,False,564.14,168.1,10,399,31.63364763280675,58.913263903136574,31.63364763280675
T2_B1_N10_A_s1000_n6,T2_B1_N10_A,1000,1517,1578,False,1482.02,48.3,15,269,597.2480322832254,53.83815589530927,597.2480322832254
T2_B1_N10_A_s1000_n7,T2_B1_N10_A,1000,-963,-942,False,2054.2,28.5,8,132,550.909429773986,763.0394378423091,550.909429773986
T2_B1_N10_A_s1200_n0,T2_B1_N10_A,1200,1479,-1373,False,2159.95,31.2,9,129,712.499725272762,790.5964909424855,712.499725272762
T2_B1_N10_A_s1200_n1,T2_B1_N10_A,1200,811,6,True,630.36,185.1,12,490,2.100416732798202,30.61060578763456,2.100416732798202
T2_B1_N10_A_s1200_n2,T2_B1_N10_A,1200,-300,-981,False,1819.22,45.9,12,270,83.28364731318158,173.93356567799006,83.28364731318158
T2_B1_N10_A_s1200_n3,T2_B1_N10_A,1200,430,-679,False,1290.25,74.6,15,359,576.9867114895293,524.1549601322932,576.9867114895293
T2_B1_N10_A_s1200_n4,T2_B1_N10_A,1200,-870,1118,False,1558.6,53.3,15,375,508.8617058373546,482.4608679293005,508.8617058373546
T2_B1_N10_A_s1200_n5,T2_B1_N10_A,1200,-621,2145,False,1969.23,39.7,12,340,590.0875346728718,420.2104809441716,590.0875346728718
T2_B1_N10_A_s1200_n6,T2_B1_N10_A,1200,-236,-60,False,1065.13,74.4,17,370,1494.067789203973,252.19207700183225,1494.067789203973
T2_B1_N10_A_s1200_n7,T2_B1_N10_A,1200,1165,-953,False,1652.58,49.2,12,287,23.28270984083893,117.68107816749588,23.28270984083896
T2_B1_N10_A_s400_n3,T2_B1_N10_A,400,255,380,True,188.22,214.6,4,80,1.7020042561884214,36.81946504539569,1.7020042561884765
T2_B1_N10_A_s400_n5,T2_B1_N10_A,400,-1503,696,False,1773.76,14.0,6,48,1348.8627649454418,1244.5855859372932,1348.8627649454418
T2_B1_N10_A_s400_n6,T2_B1_N10_A,400,216,233,True,36.67,350.3,2,90,1.1096048162236738,36.443093309907646,1.109604816223696
T2_B1_N10_A_s400_n7,T2_B1_N10_A,400,61,184,True,139.92,333.9,4,98,1.0449054631585415,28.19750038816073,1.0449054631585415
T2_B1_N10_A_s600_n0,T2_B1_N10_A,600,1247,627,False,1001.87,40.7,5,82,314.95263839666114,449.9061021774866,314.95263839666114
T2_B1_N10_A_s600_n1,T2_B1_N10_A,600,-478,73,False,810.44,50.1,6,105,153.9086875329793,138.3638960689192,153.9086875329793
T2_B1_N10_A_s600_n2,T2_B1_N10_A,600,699,199,False,411.58,123.0,6,150,40.976731524819016,49.07382693636791,40.976731524819016
T2_B1_N10_A_s600_n3,T2_B1_N10_A,600,-567,506,False,891.14,45.6,5,101,186.21954429751165,289.3847661536409,186.21954429751165
T2_B1_N10_A_s600_n4,T2_B1_N10_A,600,615,1349,False,1095.27,37.1,6,84,1430.03655667291,235.68190862094943,235.68190862094943
T2_B1_N10_A_s600_n5,T2_B1_N10_A,600,-377,489,False,702.89,61.9,5,104,65.70721979633798,90.0518383386794,65.70721979633798
T2_B1_N10_A_s600_n6,T2_B1_N10_A,600,-495,-269,False,977.64,43.3,6,100,720.3108205703597,122.22833716440827,122.22833716440827
T2_B1_N10_A_s600_n7,T2_B1_N10_A,600,-307,456,False,626.73,76.1,6,119,85.72530877684824,86.29302911668883,85.72530877684824
T2_B1_N10_A_s800_n0,T2_B1_N10_A,800,23,-1127,False,1572.85,33.7,11,161,687.5490458993552,692.0594264472239,687.5490458993551
T2_B1_N10_A_s800_n1,T2_B1_N10_A,800,495,-776,False,1179.83,47.1,7,120,195.6012322904033,50.45741796617937,195.6012322904033
T2_B1_N10_A_s800_n2,T2_B1_N10_A,800,824,1161,False,871.15,62.7,8,175,100.52359570437216,74.78944561867551,100.52359570437216
T2_B1_N10_A_s800_n3,T2_B1_N10_A,800,69,789,True,510.77,192.3,9,268,1.917513244023613,29.284379026892346,1.9175132440236131
T2_B1_N10_A_s800_n4,T2_B1_N10_A,800,691,-1625,False,2045.8,26.0,6,81,1735.6177345349984,1293.922179451842,1735.6177345349984
T2_B1_N10_A_s800_n5,T2_B1_N10_A,800,-713,-538,False,1455.55,38.7,13,169,528.987172499263,803.9026924098393,528.987172499263
T2_B1_N10_A_s800_n6,T2_B1_N10_A,800,-772,950,False,1294.64,42.6,8,150,468.7638727748355,288.5848796163574,468.7638727748354
T2_B1_N10_A_s800_n7,T2_B1_N10_A,800,1724,-636,False,1681.15,32.7,11,179,544.4275418242063,614.098926027642,544.4275418242063
T2_B1_N10_B_s1000_n0,T2_B1_N10_B,1000,-1023,950,False,1588.09,43.8,13,2602,49.40730501413867,72.57769608895374,49.40730501413874
T2_B1_N10_B_s1000_n1,T2_B1_N10_B,1000,208,208,True,412.95,350.8,8,1783,11.385889716820612,8.863941935549844,11.385889716820598
T2_B1_N10_B_s1000_n2,T2_B1_N10_B,1000,-299,501,False,799.0,114.9,8,1894,28.93412888825532,6.7458090934266375,28.93412888825529
T2_B1_N10_B_s1000_n3,T2_B1_N10_B,1000,-471,2,False,1091.26,62.2,11,1635,1761.7602955003947,92.6303427828,1761.7602955003947
T2_B1_N10_B_s1000_n4,T2_B1_N10_B,1000,-123,477,False,623.42,150.2,8,1834,17.32120243227078,15.942697462246247,17.321202432270763
T2_B1_N10_B_s1000_n5,T2_B1_N10_B,1000,108,-992,False,1542.64,44.1,13,1845,170.62022897154327,73.47698961392682,170.62022897154327
T2_B1_N10_B_s1000_n6,T2_B1_N10_B,1000,-832,18,False,1416.53,50.3,14,1749,2011.4868100969527,241.28703901416145,2011.4868100969531
T2_B1_N10_B_s1000_n7,T2_B1_N10_B,1000,-705,96,False,1270.92,58.5,11,1539,374.0886032045271,207.8297415621861,207.82974156218611
T2_B1_N10_B_s1200_n0,T2_B1_N10_B,1200,720,2306,False,1710.22,54.4,12,3904,228.0743169786286,269.52876396737537,228.07431697862816
T2_B1_N10_B_s1200_n1,T2_B1_N10_B,1200,-515,1261,False,1296.2,65.0,17,3525,568.9815196115293,37.58803665581962,568.9815196115293
T2_B1_N10_B_s1200_n2,T2_B1_N10_B,1200,1045,-101,False,830.32,124.8,14,2306,22.26004578535556,168.9326182735545,22.260045785355544
T2_B1_N10_B_s1200_n3,T2_B1_N10_B,1200,-533,-509,False,1585.42,55.3,15,3134,748.5613523765172,254.0989659991426,254.0989659991426
T2_B1_N10_B_s1200_n4,T2_B1_N10_B,1200,126,-879,False,1553.1,54.4,13,2503,112.51805173510344,82.01875206680195,112.51805173510344
T2_B1_N10_B_s1200_n5,T2_B1_N10_B,1200,1718,1796,False,1637.17,53.6,15,3918,768.7363159428942,557.2175413123267,768.7363159428941
T2_B1_N10_B_s1200_n6,T2_B1_N10_B,1200,-696,1137,False,1402.85,61.8,15,3639,72.59370606448202,88.87759518774615,72.59370606448202
T2_B1_N10_B_s1200_n7,T2_B1_N10_B,1200,955,-924,False,1564.8,58.7,13,2360,239.63172426199512,229.9545916307909,239.63172426199517
T2_B1_N10_B_s400_n0,T2_B1_N10_B,400,-223,29,False,456.26,62.7,4,269,51.69516441811699,39.61595921576317,51.69516441811699
T2_B1_N10_B_s400_n1,T2_B1_N10_B,400,-361,-1608,False,1893.04,13.8,7,331,1487.2065435795982,349.5117716993765,349.51177169937625
T2_B1_N10_B_s400_n2,T2_B1_N10_B,400,-220,34,False,451.61,64.1,4,269,36.75862743471961,40.324241248355264,36.75862743471958
T2_B1_N10_B_s400_n3,T2_B1_N10_B,400,365,241,True,170.02,242.4,2,239,11.487834215354589,6.478166577992337,11.487834215354612
T2_B1_N10_B_s400_n4,T2_B1_N10_B,400,-346,-12,False,585.71,48.1,4,321,95.25372086474,6.657172587036151,95.25372086474
T2_B1_N10_B_s400_n5,T2_B1_N10_B,400,-17,1357,False,1177.17,22.0,3,361,350.71857196891244,297.79915751422766,350.71857196891244
T2_B1_N10_B_s400_n6,T2_B1_N10_B,400,1350,806,False,1299.9,21.7,5,265,1020.6173118943594,365.8730525399589,1020.6173118943595
T2_B1_N10_B_s400_n7,T2_B1_N10_B,400,-1270,939,False,1645.3,17.3,9,563,1892.002058323324,666.5310294031805,1892.002058323324
T2_B1_N10_B_s600_n0,T2_B1_N10_B,600,159,-467,False,779.85,59.3,6,612,1107.6079152236457,84.09688451707683,1107.6079152236457
T2_B1_N10_B_s600_n1,T2_B1_N10_B,600,-1203,726,False,1562.21,26.1,11,882,1922.7406609263185,248.4839683745608,1922.7406609263185
T2_B1_N10_B_s600_n2,T2_B1_N10_B,600,264,159,True,145.52,350.8,4,525,524.6221669896771,7.11403856540144,524.6221669896771
T2_B1_N10_B_s600_n3,T2_B1_N10_B,600,179,-1393,False,1697.32,22.7,10,771,376.06227335195376,349.57801411018016,376.06227335195376
T2_B1_N10_B_s600_n4,T2_B1_N10_B,600,1802,-377,False,1647.52,26.1,10,881,353.5531667865693,61.567464521714975,61.56746452171487
T2_B1_N10_B_s600_n5,T2_B1_N10_B,600,83,1060,False,790.37,55.1,5,755,72.49745626027241,104.16820254937136,72.4974562602723
T2_B1_N10_B_s600_n6,T2_B1_N10_B,600,-193,233,False,497.53,95.9,5,626,10.285945441885875,5.770714750801749,10.285945441885849
T2_B1_N10_B_s600_n7,T2_B1_N10_B,600,523,-824,False,1145.91,34.1,6,525,322.105119004299,320.09462986905544,322.10511900429907
T2_B1_N10_B_s800_n0,T2_B1_N10_B,800,733,-592,False,1046.4,56.2,9,991,1605.1699803291503,176.55899585437896,1605.1699803291503
T2_B1_N10_B_s800_n1,T2_B1_N10_B,800,-797,361,False,1197.64,49.6,7,945,107.8869324809134,192.12348137881173,107.8869324809134
T2_B1_N10_B_s800_n3,T2_B1_N10_B,800,827,-1232,False,1686.94,31.7,11,1265,245.76226510433227,221.87410336276315,245.76226510433227
T2_B1_N10_B_s800_n4,T2_B1_N10_B,800,-1227,2001,False,2282.61,10.2,6,308,1598.323859671921,1307.2956585024028,1598.323859671921
T2_B1_N10_B_s800_n6,T2_B1_N10_B,800,-445,214,False,865.23,70.7,7,1150,109.35869923826088,85.2840758381502,109.3586992382608
T2_B1_N10_B_s800_n7,T2_B1_N10_B,800,-107,-168,False,761.36,72.2,9,1292,1301.3877719688578,55.226632848887895,1301.3877719688578
T2_B1_N10_C_s1000_n0,T2_B1_N10_C,1000,444,186,True,318.95,356.5,8,590,4.780342689864171,34.026236431092215,4.780342689864225
T2_B1_N10_C_s1000_n1,T2_B1_N10_C,1000,622,317,True,219.94,356.7,8,623,32.34120404165361,31.68060347161445,32.34120404165361
T2_B1_N10_C_s1000_n2,T2_B1_N10_C,1000,463,866,True,367.87,356.4,10,563,10.764609984976929,20.011435010808164,10.764609984976984
T2_B1_N10_C_s1000_n3,T2_B1_N10_C,1000,700,-370,False,892.69,94.2,17,493,364.7237405365154,85.07072573277273,364.7237405365154
T2_B1_N10_C_s1000_n4,T2_B1_N10_C,1000,130,363,True,394.55,329.8,9,574,24.729519324156254,58.23364674000317,24.729519324156254
T2_B1_N10_C_s1000_n5,T2_B1_N10_C,1000,1282,1303,False,1120.86,61.1,15,277,314.8973261410999,123.8038581100872,314.8973261410999
T2_B1_N10_C_s1000_n6,T2_B1_N10_C,1000,-76,100,False,701.27,133.5,17,486,136.29082671809738,234.72244047053167,136.29082671809738
T2_B1_N10_C_s1000_n7,T2_B1_N10_C,1000,-202,189,False,767.81,113.2,17,492,128.74677697438332,178.4729858968176,128.74677697438332
T2_B1_N10_C_s1200_n0,T2_B1_N10_C,1200,740,611,True,140.43,357.4,9,844,12.544214232680348,20.25650351423896,12.544214232680348
T2_B1_N10_C_s1200_n1,T2_B1_N10_C,1200,660,446,True,165.28,357.8,9,861,19.69713677279278,26.851889993011785,19.69713677279278
T2_B1_N10_C_s1200_n2,T2_B1_N10_C,1200,370,1763,False,1185.52,83.8,13,333,69.00542741350117,63.24402657404566,69.00542741350117
T2_B1_N10_C_s1200_n3,T2_B1_N10_C,1200,873,580,True,273.73,356.7,12,842,16.008236530808553,23.128189043394443,16.008236530808553
T2_B1_N10_C_s1200_n4,T2_B1_N10_C,1200,351,1413,False,850.28,129.8,17,543,54.71037623614298,53.72164647677497,54.71037623614311
T2_B1_N10_C_s1200_n5,T2_B1_N10_C,1200,-134,633,False,734.74,151.3,17,652,71.90069904812027,63.1126408906457,71.90069904812025
T2_B1_N10_C_s1200_n6,T2_B1_N10_C,1200,-192,999,False,886.83,122.2,17,586,18.1344782791776,65.51333302718668,18.1344782791776
T2_B1_N10_C_s1200_n7,T2_B1_N10_C,1200,20,-412,False,1166.42,73.0,17,411,374.9400386972599,281.430141352713,281.4301413527129
T2_B1_N10_C_s400_n0,T2_B1_N10_C,400,119,-128,False,337.85,83.6,4,99,248.5135406306364,266.0296251033427,248.5135406306364
T2_B1_N10_C_s400_n1,T2_B1_N10_C,400,-118,-74,False,419.76,63.3,4,85,78.98916729865353,173.25677306789737,78.98916729865353
T2_B1_N10_C_s400_n2,T2_B1_N10_C,400,1241,844,False,1224.1,20.0,6,42,347.4653804155134,233.6335714077903,347.4653804155134
T2_B1_N10_C_s400_n3,T2_B1_N10_C,400,385,140,True,194.49,189.7,3,118,3.698830370913319,32.93863425052132,3.698830370913319
T2_B1_N10_C_s400_n4,T2_B1_N10_C,400,-665,-29,False,894.8,27.8,6,61,236.9337497202764,214.36255092844152,236.9337497202764
T2_B1_N10_C_s400_n5,T2_B1_N10_C,400,761,-453,False,860.89,32.8,6,84,397.6125861064364,304.0208447719192,397.6125861064364
T2_B1_N10_C_s400_n6,T2_B1_N10_C,400,-957,603,False,1225.18,20.4,6,52,342.2086195615262,398.07941273371057,398.07941273371057
T2_B1_N10_C_s400_n7,T2_B1_N10_C,400,-58,-246,False,515.25,55.8,5,96,385.7672581293296,340.5479664161047,385.7672581293296
T2_B1_N10_C_s600_n0,T2_B1_N10_C,600,-210,197,False,520.3,89.1,7,191,175.6577467743677,234.44952355976503,175.6577467743677
T2_B1_N10_C_s600_n1,T2_B1_N10_C,600,-277,797,False,761.54,53.9,9,139,106.66894006923836,107.61377935248076,106.66894006923836
T2_B1_N10_C_s600_n2,T2_B1_N10_C,600,602,497,False,360.57,136.4,7,210,151.67649833534244,139.98083970579728,151.67649833534236
T2_B1_N10_C_s600_n3,T2_B1_N10_C,600,-457,-599,False,1175.27,35.8,11,135,432.9366553804832,413.93657589383,432.9366553804832
T2_B1_N10_C_s600_n4,T2_B1_N10_C,600,225,960,False,664.25,66.5,7,135,66.3725718564774,53.13979339324741,66.37257185647745
T2_B1_N10_C_s600_n5,T2_B1_N10_C,600,-595,118,False,913.32,45.0,13,182,136.3451811099467,177.8375293656642,136.3451811099467
T2_B1_N10_C_s600_n6,T2_B1_N10_C,600,-291,490,False,620.79,75.2,9,195,263.5893568218205,167.5397753183971,263.5893568218205
T2_B1_N10_C_s600_n7,T2_B1_N10_C,600,1190,806,False,1023.79,40.2,12,153,115.34671600192202,159.56957087291315,115.34671600192202
T2_B1_N10_C_s800_n0,T2_B1_N10_C,800,-481,40,False,951.71,56.7,15,278,205.01000135745272,156.4516359343807,205.01000135745272
T2_B1_N10_C_s800_n1,T2_B1_N10_C,800,-473,-242,False,1083.65,50.7,13,228,286.04798880011134,324.45466540056583,286.04798880011134
T2_B1_N10_C_s800_n2,T2_B1_N10_C,800,-486,108,False,932.88,61.1,15,291,119.5811077585483,140.52844970829628,119.5811077585483
T2_B1_N10_C_s800_n3,T2_B1_N10_C,800,1000,682,False,662.97,98.8,13,294,25.392666993497,27.18291094703573,25.392666993497
T2_B1_N10_C_s800_n4,T2_B1_N10_C,800,496,-372,False,777.95,86.2,14,338,365.03799427873895,76.41163097856165,365.03799427873895
T2_B1_N10_C_s800_n5,T2_B1_N10_C,800,771,-325,False,814.41,69.0,15,350,296.0837943771485,166.64402511954663,296.0837943771485
T2_B1_N10_C_s800_n6,T2_B1_N10_C,800,250,1235,False,848.37,74.6,15,283,96.05832871397855,56.81378403136903,96.05832871397855
T2_B1_N10_C_s800_n7,T2_B1_N10_C,800,-79,492,False,487.76,150.9,10,357,6.580730164714153,86.72806516639598,6.580730164714153
T2_B1_N10_D_s1000_n0,T2_B1_N10_D,1000,120,-225,False,818.55,96.5,14,1191,18.59197843046855,76.5571717331769,18.591978430468554
T2_B1_N10_D_s1000_n1,T2_B1_N10_D,1000,142,255,True,433.81,355.9,17,2469,4.9010023541499255,45.00096099501869,4.9010023541499255
T2_B1_N10_D_s1000_n2,T2_B1_N10_D,1000,810,751,True,398.87,356.4,17,2413,3.471447459803453,47.631883333795166,3.471447459803453
T2_B1_N10_D_s1000_n3,T2_B1_N10_D,1000,343,-166,False,684.26,137.6,15,1617,24.72555116687945,59.91673858522732,24.725551166879427
T2_B1_N10_D_s1000_n4,T2_B1_N10_D,1000,566,172,True,334.57,355.5,17,2433,4.740801139965435,12.82910769572766,4.740801139965435
T2_B1_N10_D_s1000_n5,T2_B1_N10_D,1000,364,61,True,459.58,351.2,17,2146,10.004013702574756,43.85765203725676,10.004013702574763
T2_B1_N10_D_s1000_n6,T2_B1_N10_D,1000,370,707,True,244.44,358.8,17,2337,3.471447459796312,32.73165253839566,3.471447459796312
T2_B1_N10_D_s1000_n7,T2_B1_N10_D,1000,572,906,True,412.33,350.3,17,2181,0.7640730086914443,29.99503449275035,0.7640730086914619
T2_B1_N10_D_s1200_n0,T2_B1_N10_D,1200,320,-25,False,684.85,173.3,17,2108,11.662291093788156,61.23562787096635,11.662291093788133
T2_B1_N10_D_s1200_n1,T2_B1_N10_D,1200,823,439,True,275.05,359.0,17,3458,3.471447459773908,20.28132960339145,3.471447459773908
T2_B1_N10_D_s1200_n2,T2_B1_N10_D,1200,694,252,True,360.47,358.8,17,3104,1.2216602496493785,13.565999173519598,1.221660249649356
T2_B1_N10_D_s1200_n3,T2_B1_N10_D,1200,741,535,True,155.26,359.1,17,3545,3.471447459781134,31.72213397203958,3.471447459781134
T2_B1_N10_D_s1200_n4,T2_B1_N10_D,1200,612,441,True,159.45,359.1,17,3427,3.4714474597509914,33.19689612554722,3.4714474597509914
T2_B1_N10_D_s1200_n5,T2_B1_N10_D,1200,834,-25,False,667.37,173.1,17,2137,6.701249859465113,17.168489696879167,6.701249859465113
T2_B1_N10_D_s1200_n6,T2_B1_N10_D,1200,739,179,True,443.35,355.5,17,2950,4.40367011259058,3.5414170824404967,4.40367011259058
T2_B1_N10_D_s1200_n7,T2_B1_N10_D,1200,320,-25,False,684.85,173.3,17,2108,11.662291093788156,61.23562787096635,11.662291093788133
T2_B1_N10_D_s400_n0,T2_B1_N10_D,400,643,-194,False,592.86,49.1,12,409,11.385805982325898,17.720774987852938,11.385805982325914
T2_B1_N10_D_s400_n1,T2_B1_N10_D,400,-89,-68,False,394.14,69.0,9,377,73.29292616368197,25.546196007254345,73.29292616368197
T2_B1_N10_D_s400_n2,T2_B1_N10_D,400,-392,302,False,600.72,48.3,11,401,62.490328764183054,78.73650332980081,62.490328764183054
T2_B1_N10_D_s400_n3,T2_B1_N10_D,400,-94,159,False,296.85,123.9,7,401,4.627371893679564,30.536795169847668,4.6273718936795705
T2_B1_N10_D_s400_n4,T2_B1_N10_D,400,184,-267,False,467.27,66.1,9,390,20.50002730025721,39.0416384076618,20.50002730025721
T2_B1_N10_D_s400_n5,T2_B1_N10_D,400,-384,134,False,587.72,47.2,12,391,104.05802654847903,62.03229541290639,104.05802654847903
T2_B1_N10_D_s400_n6,T2_B1_N10_D,400,558,-321,False,632.14,45.4,12,405,15.358149853325338,17.467079359594766,15.358149853325338
T2_B1_N10_D_s400_n7,T2_B1_N10_D,400,-86,961,False,812.97,34.2,9,330,75.49001010142938,77.34652960116703,75.49001010142938
T2_B1_N10_D_s600_n0,T2_B1_N10_D,600,635,239,False,340.51,161.0,14,868,7.648942583877688,13.341029665048575,7.648942583877688
T2_B1_N10_D_s600_n1,T2_B1_N10_D,600,-280,-191,False,759.92,54.0,12,587,41.19243938859409,42.04635976117565,41.19243938859405
T2_B1_N10_D_s600_n2,T2_B1_N10_D,600,-270,137,False,592.85,84.6,13,837,52.40094867386842,57.45051737116309,52.40094867386841
T2_B1_N10_D_s600_n4,T2_B1_N10_D,600,399,171,True,162.61,355.5,9,944,4.759322236893488,14.823455772659896,4.759322236893488
T2_B1_N10_D_s600_n5,T2_B1_N10_D,600,-235,366,False,539.06,94.1,13,864,60.16778194200072,62.28400439993413,60.16778194200072
T2_B1_N10_D_s600_n6,T2_B1_N10_D,600,396,840,False,548.47,95.7,14,840,25.63610579940221,66.06042110084455,25.63610579940221
T2_B1_N10_D_s600_n7,T2_B1_N10_D,600,188,-296,False,606.43,82.2,12,804,23.24987480584249,34.25844962721267,23.24987480584249
T2_B1_N10_D_s800_n0,T2_B1_N10_D,800,186,381,True,214.84,357.2,13,1487,4.713885809696719,35.4156502004711,4.713885809696719
T2_B1_N10_D_s800_n1,T2_B1_N10_D,800,580,-313,False,735.37,92.6,12,973,20.249895970228064,23.26402357272428,20.249895970228103
T2_B1_N10_D_s800_n2,T2_B1_N10_D,800,569,451,True,176.53,357.2,11,1510,1.2216602498849582,20.38478636442891,1.2216602498849582
T2_B1_N10_D_s800_n3,T2_B1_N10_D,800,162,1047,False,689.39,97.5,13,1083,59.05068058522596,37.010370518425255,59.05068058522606
T2_B1_N10_D_s800_n4,T2_B1_N10_D,800,308,53,True,358.99,351.2,17,1727,10.411233199104656,28.429219414202606,10.41123319910465
T2_B1_N10_D_s800_n5,T2_B1_N10_D,800,700,-351,False,808.7,77.0,12,794,13.745054981259171,19.152413443289284,13.745054981259171
T2_B1_N10_D_s800_n6,T2_B1_N10_D,800,65,-315,False,789.59,76.0,12,901,68.07398505255172,81.62267200525358,68.07398505255172
T2_B1_N10_D_s800_n7,T2_B1_N10_D,800,-80,513,False,493.12,153.5,16,1527,27.099130343955608,52.017458164057885,27.099130343955554
T2_B1_N16_A_s1000_n0,T2_B1_N16_A,1000,1048,-267,False,942.65,72.5,14,567,105.855061962185,78.14685489219679,105.855061962185
T2_B1_N16_A_s1000_n1,T2_B1_N16_A,1000,526,1453,False,953.35,88.6,12,553,121.76588603092466,267.8774699558113,121.76588603092466
T2_B1_N16_A_s1000_n2,T2_B1_N16_A,1000,1534,760,False,1066.19,73.3,17,1004,338.7968400592612,330.1054485696547,338.7968400592612
T2_B1_N16_A_s1000_n3,T2_B1_N16_A,1000,-356,27,False,977.99,71.6,10,525,318.02350267791206,92.94337202183422,92.94337202183422
T2_B1_N16_A_s1000_n4,T2_B1_N16_A,1000,1744,913,False,1310.77,52.6,15,1162,559.4588460089052,546.1136503181951,559.4588460089052
T2_B1_N16_A_s1000_n5,T2_B1_N16_A,1000,1860,1328,False,1592.23,44.7,13,967,248.84014079246143,187.5323598950475,248.84014079246143
T2_B1_N16_A_s1000_n6,T2_B1_N16_A,1000,726,489,True,226.27,356.6,7,770,1.8998512985346443,13.44145450942896,1.899851298534701
T2_B1_N16_A_s1000_n7,T2_B1_N16_A,1000,985,-494,False,1106.01,60.6,17,836,21.65452312183958,305.6056383542917,21.65452312183958
T2_B1_N16_A_s1200_n0,T2_B1_N16_A,1200,288,-488,False,1131.85,88.9,17,1370,228.5985393360692,359.95795926617734,228.59853933606917
T2_B1_N16_A_s1200_n1,T2_B1_N16_A,1200,-508,-745,False,1742.61,49.8,14,1699,404.67216742925615,414.9577046403057,404.67216742925615
T2_B1_N16_A_s1200_n2,T2_B1_N16_A,1200,-868,1099,False,1550.49,55.3,15,1241,253.94431390768688,210.29775298885096,253.94431390768688
T2_B1_N16_A_s1200_n3,T2_B1_N16_A,1200,-987,-869,False,2162.53,31.1,11,955,661.8419256206773,675.8580437672289,661.8419256206773
T2_B1_N16_A_s1200_n4,T2_B1_N16_A,1200,238,-336,False,1003.56,97.4,14,819,1682.3135016194983,340.7222953478868,1682.3135016194983
T2_B1_N16_A_s1200_n5,T2_B1_N16_A,1200,1553,2574,False,2192.0,18.0,8,241,396.1988513918719,229.41034349912252,396.1988513918719
T2_B1_N16_A_s1200_n6,T2_B1_N16_A,1200,-723,-283,False,1590.6,54.5,15,1904,194.5990384986219,206.29709877304904,194.5990384986219
T2_B1_N16_A_s1200_n7,T2_B1_N16_A,1200,-756,2290,False,2166.76,30.6,11,690,311.0548437219142,356.0894122089543,311.0548437219142
T2_B1_N16_A_s400_n0,T2_B1_N16_A,400,1045,959,False,1135.83,22.6,4,63,1393.0095188327832,532.6707783164893,532.6707783164893
T2_B1_N16_A_s400_n2,T2_B1_N16_A,400,-557,781,False,954.26,28.0,4,93,276.6711057666855,294.3141909451964,276.6711057666855
T2_B1_N16_A_s400_n3,T2_B1_N16_A,400,-338,347,False,557.72,38.4,3,63,245.51916588515184,214.31325015328457,245.51916588515184
T2_B1_N16_A_s400_n5,T2_B1_N16_A,400,-1096,-134,False,1338.35,18.4,3,76,1444.6333686733471,1032.0121869772456,1444.6333686733471
T2_B1_N16_A_s400_n6,T2_B1_N16_A,400,-178,1006,False,890.24,28.4,4,60,470.5513892054873,341.3815863355498,470.5513892054873
T2_B1_N16_A_s400_n7,T2_B1_N16_A,400,118,-132,False,341.98,87.6,3,94,7.475160719073702,43.37811164367433,7.475160719073691
T2_B1_N16_A_s600_n0,T2_B1_N16_A,600,-1129,-817,False,1813.76,24.9,10,739,286.5323463723955,341.8479352431423,286.53234637239547
T2_B1_N16_A_s600_n1,T2_B1_N16_A,600,-200,965,False,832.0,50.6,6,154,190.05576305645027,202.12883439286296,190.05576305645027
T2_B1_N16_A_s600_n2,T2_B1_N16_A,600,1145,-507,False,1168.45,36.1,9,191,820.8916163647211,679.9211378717397,820.8916163647211
T2_B1_N16_A_s600_n3,T2_B1_N16_A,600,471,-414,False,734.19,57.2,6,214,133.69570812651577,185.03395538940453,133.69570812651577
T2_B1_N16_A_s600_n4,T2_B1_N16_A,600,-315,-88,False,727.17,56.2,5,177,346.9377607283302,250.51321027914324,346.9377607283302
T2_B1_N16_A_s600_n6,T2_B1_N16_A,600,-246,-439,False,918.82,46.7,7,163,402.6206020705864,403.6564084974321,403.6564084974321
T2_B1_N16_A_s600_n7,T2_B1_N16_A,600,-514,-395,False,1070.34,41.0,5,164,200.00531949078683,256.2499834557294,200.00531949078683
T2_B1_N16_A_s800_n0,T2_B1_N16_A,800,512,-324,False,732.61,84.4,8,328,123.29468189404864,181.2389714306104,123.29468189404864
T2_B1_N16_A_s800_n1,T2_B1_N16_A,800,257,791,True,416.33,187.7,7,369,5.005952485608971,108.09212778861117,5.005952485608971
T2_B1_N16_A_s800_n2,T2_B1_N16_A,800,32,808,False,549.44,107.1,8,331,1.0344904791173606,183.87070248962752,1.0344904791173606
T2_B1_N16_A_s800_n3,T2_B1_N16_A,800,-213,751,False,706.38,76.6,8,306,158.00593719320793,194.83453039235783,158.00593719320793
T2_B1_N16_A_s800_n4,T2_B1_N16_A,800,1180,720,False,843.09,68.2,8,372,45.09670793200547,169.92871355573888,45.09670793200547
T2_B1_N16_A_s800_n5,T2_B1_N16_A,800,208,-354,False,778.06,80.1,7,302,103.9274873691729,184.1640574983462,103.9274873691729
T2_B1_N16_A_s800_n6,T2_B1_N16_A,800,27,2269,False,1905.86,27.8,10,709,357.5079869661736,405.3127673439061,357.5079869661736
T2_B1_N16_A_s800_n7,T2_B1_N16_A,800,549,-188,False,606.58,113.9,8,387,48.63120982918908,105.00285754513487,48.63120982918908
T2_B1_N16_B_s1000_n0,T2_B1_N16_B,1000,-267,2410,False,2058.25,32.9,9,456,523.451120005517,559.9516413920098,523.451120005517
T2_B1_N16_B_s1000_n1,T2_B1_N16_B,1000,-782,-1366,False,2263.95,25.9,8,330,354.77156101882593,289.4571958791619,354.77156101882593
T2_B1_N16_B_s1000_n2,T2_B1_N16_B,1000,1319,1736,False,1482.72,49.0,13,632,52.33606839915609,160.34772456593944,52.33606839915609
T2_B1_N16_B_s1000_n3,T2_B1_N16_B,1000,-618,1071,False,1255.37,53.4,10,228,283.5884137069116,280.2197616411111,283.5884137069116
T2_B1_N16_B_s1000_n5,T2_B1_N16_B,1000,873,-45,False,660.42,153.6,9,282,14.142654217325786,73.80184292064764,14.142654217325786
T2_B1_N16_B_s1000_n6,T2_B1_N16_B,1000,-63,708,False,600.19,145.3,7,216,52.94120304306544,125.31867531558574,52.94120304306544
T2_B1_N16_B_s1000_n7,T2_B1_N16_B,1000,92,-578,False,1152.63,62.9,10,307,213.626447919848,215.1182346315736,213.6264479198481
T2_B1_N16_B_s1200_n0,T2_B1_N16_B,1200,674,1192,True,596.61,183.8,9,380,52.36379301569573,107.5788128348592,52.36379301569573
T2_B1_N16_B_s1200_n1,T2_B1_N16_B,1200,648,-297,False,898.28,119.7,12,420,1576.4260155838288,166.54739321552958,1576.4260155838288
T2_B1_N16_B_s1200_n2,T2_B1_N16_B,1200,-563,-1086,False,2048.21,40.8,11,667,272.54070143517674,286.8467160712772,272.54070143517674
T2_B1_N16_B_s1200_n3,T2_B1_N16_B,1200,-576,708,False,1180.95,81.0,9,288,190.312495805126,212.3409455200782,190.312495805126
T2_B1_N16_B_s1200_n4,T2_B1_N16_B,1200,-1124,330,False,1745.01,50.0,13,913,336.248908688,415.68092052966426,336.248908688
T2_B1_N16_B_s1200_n5,T2_B1_N16_B,1200,1128,924,True,619.48,242.4,11,412,13.904443469525738,76.42156961588373,13.904443469525754
T2_B1_N16_B_s1200_n6,T2_B1_N16_B,1200,734,-205,False,816.08,128.5,11,405,82.52745884788659,149.21552604046423,82.52745884788659
T2_B1_N16_B_s400_n0,T2_B1_N16_B,400,200,314,True,114.0,253.1,2,101,4.478502972715761,9.844006395897573,4.478502972715761
T2_B1_N16_B_s400_n1,T2_B1_N16_B,400,128,357,True,172.72,177.1,2,86,6.900209562738399,31.61447089190772,6.900209562738399
T2_B1_N16_B_s400_n2,T2_B1_N16_B,400,-235,-354,False,704.37,35.7,3,32,285.904945675541,370.9030933725361,285.904945675541
T2_B1_N16_B_s400_n3,T2_B1_N16_B,400,-446,-1378,False,1705.11,15.4,8,208,1431.0253835193575,1073.8295652458858,1073.8295652458858
T2_B1_N16_B_s400_n5,T2_B1_N16_B,400,374,150,True,181.04,199.3,2,96,5.814871692066446,5.3907675803008,5.814871692066446
T2_B1_N16_B_s400_n7,T2_B1_N16_B,400,244,1079,False,880.1,27.4,3,35,208.70649286361268,282.76108274655195,208.70649286361268
T2_B1_N16_B_s600_n0,T2_B1_N16_B,600,1718,-783,False,1784.27,21.3,8,155,710.3379098384712,539.4281926519599,710.3379098384712
T2_B1_N16_B_s600_n1,T2_B1_N16_B,600,874,730,False,717.2,55.1,5,82,64.80558001863191,64.77940099477276,64.80558001863191
T2_B1_N16_B_s600_n2,T2_B1_N16_B,600,-302,321,False,602.37,69.1,3,63,121.04196799289107,106.50074557855716,121.04196799289107
T2_B1_N16_B_s600_n4,T2_B1_N16_B,600,-354,-455,False,998.87,42.3,5,66,393.2066609829453,317.68399531178284,393.2066609829453
T2_B1_N16_B_s600_n6,T2_B1_N16_B,600,288,1003,False,703.1,62.8,5,90,176.79936132462052,129.13965913384288,176.79936132462052
T2_B1_N16_B_s600_n7,T2_B1_N16_B,600,477,-114,False,450.25,103.9,5,112,7.017973918632422,51.53407617047389,7.017973918632422
T2_B1_N16_B_s800_n0,T2_B1_N16_B,800,-463,491,False,867.78,72.4,5,119,164.78953948191,158.84817499064957,164.78953948191
T2_B1_N16_B_s800_n1,T2_B1_N16_B,800,-260,1422,False,1216.59,45.7,9,158,328.7860829406383,275.38281942229565,328.78608294063827
T2_B1_N16_B_s800_n2,T2_B1_N16_B,800,-564,497,False,968.87,62.8,5,103,167.70545851968814,185.5269369453755,167.70545851968814
T2_B1_N16_B_s800_n3,T2_B1_N16_B,800,-475,704,False,926.31,56.7,6,115,182.81125825503105,164.0922551621222,182.81125825503105
T2_B1_N16_B_s800_n4,T2_B1_N16_B,800,103,-735,False,1173.22,48.0,7,190,208.7936591362213,202.8595142232407,208.7936591362213
T2_B1_N16_B_s800_n5,T2_B1_N16_B,800,876,-1668,False,2122.07,19.2,5,102,252.404819653128,201.49063432027373,201.49063432027373
T2_B1_N16_B_s800_n6,T2_B1_N16_B,800,1447,1164,False,1296.11,45.5,13,370,66.93833532841161,95.0215936627651,66.93833532841161
T2_B1_N16_B_s800_n7,T2_B1_N16_B,800,210,788,True,432.02,186.8,5,197,55.56017071108235,111.05763186719498,55.56017071108235
T2_B1_N16_C_s1000_n0,T2_B1_N16_C,1000,653,-27,False,548.76,170.1,7,255,18.59364862714453,51.49231943395351,18.59364862714453
T2_B1_N16_C_s1000_n1,T2_B1_N16_C,1000,143,-113,False,709.38,111.2,7,197,74.52561109770924,78.24148899694003,74.52561109770924
T2_B1_N16_C_s1000_n2,T2_B1_N16_C,1000,-167,490,False,667.07,126.1,6,222,10.704019177384428,4.4732260856152335,10.704019177384428
T2_B1_N16_C_s1000_n3,T2_B1_N16_C,1000,-419,691,False,938.64,84.1,6,168,7.303699497088896,27.38272265051366,7.303699497088896
T2_B1_N16_C_s1000_n4,T2_B1_N16_C,1000,355,899,True,424.53,355.7,6,350,5.55257903359191,15.701583797675374,5.55257903359191
T2_B1_N16_C_s1000_n5,T2_B1_N16_C,1000,66,-607,False,1189.04,61.1,12,229,39.418280364568496,33.04587378172697,39.41828036456851
T2_B1_N16_C_s1000_n6,T2_B1_N16_C,1000,207,824,True,436.84,355.7,6,345,5.55257903359249,18.603095886217737,5.55257903359249
T2_B1_N16_C_s1000_n7,T2_B1_N16_C,1000,1044,1475,False,1116.49,61.0,15,353,1741.0862105683718,163.69812962266636,163.69812962266627
T2_B1_N16_C_s1200_n0,T2_B1_N16_C,1200,1037,-12,False,752.01,169.3,9,293,26.311435906046928,69.21770924381927,26.311435906046825
T2_B1_N16_C_s1200_n1,T2_B1_N16_C,1200,431,2097,False,1506.51,57.0,13,672,205.62720745216112,214.88109814509752,205.62720745216112
T2_B1_N16_C_s1200_n2,T2_B1_N16_C,1200,688,404,True,214.85,357.2,6,479,10.240562596274309,25.28210458410408,10.240562596274302
T2_B1_N16_C_s1200_n3,T2_B1_N16_C,1200,676,-606,False,1208.39,81.5,13,416,68.7626605354334,142.94696033235843,68.7626605354334
T2_B1_N16_C_s1200_n4,T2_B1_N16_C,1200,-986,-1205,False,2402.79,19.5,6,240,346.8140055295386,863.9522030033278,346.8140055295386
T2_B1_N16_C_s1200_n5,T2_B1_N16_C,1200,2060,-507,False,1832.23,47.2,12,625,188.47400579068508,168.80613085571855,188.4740057906849
T2_B1_N16_C_s1200_n6,T2_B1_N16_C,1200,-702,-258,False,1559.28,55.9,13,828,120.01458662245663,297.03723239196853,120.01458662245663
T2_B1_N16_C_s1200_n7,T2_B1_N16_C,1200,-870,-568,False,1877.53,45.6,11,734,142.18860391050947,147.45092772373718,142.18860391050947
T2_B1_N16_C_s400_n0,T2_B1_N16_C,400,1307,-804,False,1494.48,18.2,4,47,149.8939803568677,430.8956344219216,149.8939803568677
T2_B1_N16_C_s400_n1,T2_B1_N16_C,400,124,-137,False,345.46,79.9,2,54,27.23386256901547,64.5490843751559,27.233862569015457
T2_B1_N16_C_s400_n4,T2_B1_N16_C,400,119,16,True,201.04,196.8,3,122,6.612466150802955,10.95635185066345,6.612466150802955
T2_B1_N16_C_s400_n5,T2_B1_N16_C,400,-504,294,False,710.25,35.8,3,44,685.1734916899975,516.8533949078413,685.1734916899975
T2_B1_N16_C_s400_n6,T2_B1_N16_C,400,-1180,993,False,1591.62,17.0,8,87,1841.373735328359,903.2545981016196,1841.373735328359
T2_B1_N16_C_s600_n0,T2_B1_N16_C,600,426,-204,False,519.51,89.7,4,95,69.6490610973624,118.2341821071472,69.6490610973624
T2_B1_N16_C_s600_n1,T2_B1_N16_C,600,-300,407,False,609.47,64.7,4,84,144.68640706884855,53.866328883672665,144.68640706884855
T2_B1_N16_C_s600_n2,T2_B1_N16_C,600,300,-407,False,707.0,53.9,4,55,137.5253409250807,104.7292980473244,137.5253409250807
T2_B1_N16_C_s600_n3,T2_B1_N16_C,600,1000,-1341,False,1784.06,24.3,9,328,528.3517736673984,1131.7876715492694,528.3517736673984
T2_B1_N16_C_s600_n4,T2_B1_N16_C,600,-376,478,False,699.04,64.4,4,87,98.33733990420772,81.8445321590962,98.33733990420772
T2_B1_N16_C_s600_n6,T2_B1_N16_C,600,20,1297,False,1035.57,39.5,5,55,182.2203652088185,179.52665425620103,182.22036520881852
T2_B1_N16_C_s600_n7,T2_B1_N16_C,600,-855,1041,False,1372.26,30.9,7,75,296.6744319882003,274.8212305667551,296.6744319882003
T2_B1_N16_C_s800_n0,T2_B1_N16_C,800,-1140,608,False,1553.98,30.0,11,396,270.7104710606053,276.2265874879139,270.7104710606053
T2_B1_N16_C_s800_n1,T2_B1_N16_C,800,-1312,976,False,1806.3,30.2,9,418,351.3660818300295,170.47231582038884,170.47231582038884
T2_B1_N16_C_s800_n2,T2_B1_N16_C,800,2042,1277,False,1861.53,27.5,9,345,1385.2036272312682,752.4539144311644,1385.2036272312682
T2_B1_N16_C_s800_n4,T2_B1_N16_C,800,-1088,-950,False,2009.14,25.9,8,364,159.0177160938098,96.95575994905296,159.01771609380992
T2_B1_N16_C_s800_n5,T2_B1_N16_C,800,-543,-173,False,1103.44,47.8,7,105,102.87310016817815,127.30771518289268,127.30771518289268
T2_B1_N16_C_s800_n7,T2_B1_N16_C,800,517,-292,False,701.82,92.6,5,115,62.85743530101216,96.82449481620012,62.85743530101216
T2_B1_N16_D_s1000_n0,T2_B1_N16_D,1000,986,-309,False,943.76,73.0,13,777,55.72157026886842,85.66325895809324,55.72157026886842
T2_B1_N16_D_s1000_n1,T2_B1_N16_D,1000,846,773,True,440.73,354.2,11,707,1017.5192493054398,137.9277176948572,137.9277176948572
T2_B1_N16_D_s1000_n2,T2_B1_N16_D,1000,-303,493,False,803.03,106.2,13,773,1427.1637277076184,168.16720794534865,1427.1637277076184
T2_B1_N16_D_s1000_n3,T2_B1_N16_D,1000,631,763,True,293.82,357.1,8,678,5.736476250918865,48.282943293125655,5.736476250918865
T2_B1_N16_D_s1000_n4,T2_B1_N16_D,1000,-361,-509,False,1326.42,52.0,11,969,356.57901977268347,387.9066120030936,356.57901977268347
T2_B1_N16_D_s1000_n5,T2_B1_N16_D,1000,-89,413,False,595.39,152.2,9,540,20.82189594072486,81.67696139168234,20.82189594072486
T2_B1_N16_D_s1000_n6,T2_B1_N16_D,1000,-109,493,False,609.04,142.0,9,553,18.25835992005948,133.6232271561885,18.258359920059476
T2_B1_N16_D_s1000_n7,T2_B1_N16_D,1000,312,-410,False,929.22,90.3,12,824,877.0296332598251,606.6326377555794,877.0296332598251
T2_B1_N16_D_s1200_n0,T2_B1_N16_D,1200,-61,15,False,882.69,94.5,16,1462,38.49096115457135,157.9840742404707,157.9840742404707
T2_B1_N16_D_s1200_n1,T2_B1_N16_D,1200,674,-97,False,700.92,156.0,15,1057,3.58082539463557,135.00848019262293,3.58082539463557
T2_B1_N16_D_s1200_n2,T2_B1_N16_D,1200,686,239,True,371.1,357.2,12,832,43.70355022805422,38.56402888962325,43.70355022805422
T2_B1_N16_D_s1200_n3,T2_B1_N16_D,1200,-121,-472,False,1291.91,64.1,11,1199,217.0852242693405,480.2745976973338,217.0852242693405
T2_B1_N16_D_s1200_n4,T2_B1_N16_D,1200,1188,-839,False,1554.5,49.2,9,397,202.58593493593656,202.33549997152176,202.58593493593656
T2_B1_N16_D_s1200_n5,T2_B1_N16_D,1200,982,852,True,457.63,356.9,16,1247,211.3868092052448,117.91201969264104,211.38680920524476
T2_B1_N16_D_s1200_n6,T2_B1_N16_D,1200,694,1680,False,1084.08,86.4,12,933,833.5051814491443,636.1639873868844,833.5051814491438
T2_B1_N16_D_s1200_n7,T2_B1_N16_D,1200,1008,1110,True,653.12,351.7,16,1495,5.736476250928611,140.73293458449018,5.736476250928611
T2_B1_N16_D_s400_n0,T2_B1_N16_D,400,194,256,True,56.32,351.7,3,243,5.736476250470616,7.470274159796462,5.736476250470616
T2_B1_N16_D_s400_n1,T2_B1_N16_D,400,-80,-168,False,462.41,55.0,3,41,42.56117323191442,98.87279784444438,42.56117323191442
T2_B1_N16_D_s400_n2,T2_B1_N16_D,400,-175,-129,False,498.86,58.5,3,45,68.83773228612353,157.9414929838308,68.83773228612351
T2_B1_N16_D_s400_n3,T2_B1_N16_D,400,332,41,True,206.65,248.1,4,175,6.698095244861676,2.7937558877463275,6.698095244861676
T2_B1_N16_D_s400_n4,T2_B1_N16_D,400,-777,1246,False,1431.31,7.7,5,66,1191.3947750794446,1193.8856991581447,1191.3947750794446
T2_B1_N16_D_s400_n5,T2_B1_N16_D,400,-84,-1000,False,1233.15,20.5,8,274,1345.678921252771,1351.1213235870007,1345.678921252771
T2_B1_N16_D_s400_n6,T2_B1_N16_D,400,1005,-514,False,1076.02,27.0,9,192,618.8461379792235,447.08647154252327,618.8461379792235
T2_B1_N16_D_s400_n7,T2_B1_N16_D,400,-179,126,False,386.16,72.0,3,61,48.44612218941008,71.35227856464735,48.44612218941008
T2_B1_N16_D_s600_n0,T2_B1_N16_D,600,61,1079,False,814.84,51.6,9,272,191.78948407305467,184.1267588898184,191.78948407305467
T2_B1_N16_D_s600_n1,T2_B1_N16_D,600,470,358,True,179.62,353.6,4,334,5.736476250760718,8.872412492406607,5.736476250760718
T2_B1_N16_D_s600_n2,T2_B1_N16_D,600,268,433,True,136.8,356.5,4,361,5.736476250845773,9.507226399829149,5.736476250845773
T2_B1_N16_D_s600_n3,T2_B1_N16_D,600,485,29,True,328.12,225.4,6,250,3.270902524542079,5.552077048982974,3.270902524542079
T2_B1_N16_D_s600_n4,T2_B1_N16_D,600,1384,-804,False,1547.21,13.7,4,44,1629.990178059801,2284.2852059513034,1629.990178059801
T2_B1_N16_D_s600_n5,T2_B1_N16_D,600,1196,221,False,899.48,46.1,9,316,66.92299216125609,64.46039004621908,66.92299216125609
T2_B1_N16_D_s600_n6,T2_B1_N16_D,600,-124,-393,False,812.42,48.3,6,202,678.4551444766677,250.0046580125756,678.4551444766677
T2_B1_N16_D_s600_n7,T2_B1_N16_D,600,-381,-347,False,939.35,46.4,9,333,1318.456961485973,84.94967459443379,1318.456961485973
T2_B1_N16_D_s800_n0,T2_B1_N16_D,800,663,1721,False,1346.93,42.1,7,365,364.8196307123656,367.8125034584007,364.8196307123656
T2_B1_N16_D_s800_n1,T2_B1_N16_D,800,973,-706,False,1245.62,45.1,10,401,201.2108066856719,121.831200034223,201.2108066856719
T2_B1_N16_D_s800_n2,T2_B1_N16_D,800,639,-24,False,486.72,157.0,9,340,742.6482401919259,28.08733290308433,742.6482401919259
T2_B1_N16_D_s800_n3,T2_B1_N16_D,800,-197,-369,False,973.53,57.8,12,691,309.4463086976746,461.3552811898671,461.3552811898671
T2_B1_N16_D_s800_n4,T2_B1_N16_D,800,586,37,True,407.88,244.5,8,384,439.9436477656338,15.962148750050964,439.9436477656338
T2_B1_N16_D_s800_n5,T2_B1_N16_D,800,-574,347,False,975.44,61.6,12,702,114.2427705254909,116.71188719516456,114.2427705254909
T2_B1_N16_D_s800_n6,T2_B1_N16_D,800,579,1255,False,873.54,65.3,12,674,644.9828407239846,258.75716797824447,644.9828407239844
T2_B1_N16_D_s800_n7,T2_B1_N16_D,800,-258,11,False,764.39,68.2,8,385,105.34772357703945,36.89136421329224,105.34772357703945
T2_B2_N16_A_s1000_n0,T2_B2_N16_A,1000,609,358,True,179.01,359.0,21,4859,11.913367838446955,25.55565992351415,11.913367838446986
T2_B2_N16_A_s1000_n1,T2_B2_N16_A,1000,803,380,True,325.9,358.7,21,5365,9.11629260321228,54.63495845260748,9.11629260321228
T2_B2_N16_A_s1000_n2,T2_B2_N16_A,1000,474,235,True,266.27,358.8,21,5309,12.348535350731646,34.08588120113516,12.348535350731646
T2_B2_N16_A_s1000_n3,T2_B2_N16_A,1000,670,855,True,393.61,356.2,21,3847,9.116292603175332,117.12922846664168,9.116292603175332
T2_B2_N16_A_s1000_n4,T2_B2_N16_A,1000,565,1059,False,562.77,164.1,20,3895,47.9601707661134,270.8901786425213,47.9601707661134
T2_B2_N16_A_s1000_n5,T2_B2_N16_A,1000,188,-109,False,684.27,132.4,20,4215,59.02573496959001,86.86649465862445,59.02573496959001
T2_B2_N16_A_s1000_n6,T2_B2_N16_A,1000,508,67,True,433.07,353.2,21,4747,10.889552254218032,46.60866407323749,10.889552254218032
T2_B2_N16_A_s1000_n7,T2_B2_N16_A,1000,786,702,True,350.14,358.7,21,4392,11.913367838415128,51.10483618369739,11.913367838415128
T2_B2_N16_A_s1200_n0,T2_B2_N16_A,1200,812,160,True,488.41,358.6,21,5874,11.913367838532464,71.92176822800919,11.913367838532464
T2_B2_N16_A_s1200_n1,T2_B2_N16_A,1200,736,858,True,291.65,359.2,21,6062,12.74895286995763,87.08558291511285,12.74895286995763
T2_B2_N16_A_s1200_n2,T2_B2_N16_A,1200,795,676,True,209.29,359.3,21,6059,9.116292603180396,33.031696216133945,9.116292603180396
T2_B2_N16_A_s1200_n3,T2_B2_N16_A,1200,388,91,True,551.38,353.2,21,6165,11.181005178919971,44.602246003979424,11.18100517892002
T2_B2_N16_A_s1200_n4,T2_B2_N16_A,1200,402,633,True,200.73,359.2,21,6978,9.116292603163345,51.75149041485629,9.116292603163345
T2_B2_N16_A_s1200_n5,T2_B2_N16_A,1200,388,405,True,288.04,359.1,21,7898,12.748952869965407,47.5869899807636,12.748952869965407
T2_B2_N16_A_s1200_n6,T2_B2_N16_A,1200,820,674,True,232.11,359.2,21,6001,9.116292603181805,31.240644624923743,9.116292603181805
T2_B2_N16_A_s1200_n7,T2_B2_N16_A,1200,898,1140,True,616.77,322.1,21,4919,13.133225113494076,142.10890244929783,13.133225113493973
T2_B2_N16_A_s400_n0,T2_B2_N16_A,400,45,31,True,229.32,256.0,8,590,18.137120678847023,35.8597798431509,18.137120678847023
T2_B2_N16_A_s400_n1,T2_B2_N16_A,400,625,-139,False,543.64,53.2,17,913,158.8315886754052,146.64572610959056,158.8315886754052
T2_B2_N16_A_s400_n2,T2_B2_N16_A,400,566,1115,False,985.49,21.0,9,532,596.9360010589179,596.7068250235892,596.9360010589179
T2_B2_N16_A_s400_n3,T2_B2_N16_A,400,-369,-14,False,607.91,45.9,15,1468,87.48830592506599,100.63972345051944,87.48830592506599
T2_B2_N16_A_s400_n4,T2_B2_N16_A,400,448,784,False,634.48,44.4,14,686,666.1090102666193,640.6886624238431,666.1090102666193
T2_B2_N16_A_s400_n5,T2_B2_N16_A,400,417,626,False,478.08,58.3,12,406,732.061611028396,400.67774912274473,400.67774912274473
T2_B2_N16_A_s400_n6,T2_B2_N16_A,400,-139,377,False,382.43,75.8,8,429,31.291006134664656,30.0038006363348,31.291006134664656
T2_B2_N16_A_s400_n7,T2_B2_N16_A,400,683,513,False,575.55,48.9,15,1087,152.58308183331374,123.04577469092244,152.58308183331374
T2_B2_N16_A_s600_n0,T2_B2_N16_A,600,-207,1136,False,977.72,34.8,12,982,300.8025579179431,329.0882643170569,300.8025579179431
T2_B2_N16_A_s600_n1,T2_B2_N16_A,600,282,349,True,52.2,358.6,8,1336,6.221021786593747,24.02860201292209,6.221021786593747
T2_B2_N16_A_s600_n2,T2_B2_N16_A,600,-212,442,False,531.33,96.8,18,2079,39.00385700169065,66.63494432336861,39.00385700169063
T2_B2_N16_A_s600_n3,T2_B2_N16_A,600,-44,1012,False,790.75,54.2,15,1690,330.4621171739105,419.92620801634126,330.4621171739105
T2_B2_N16_A_s600_n4,T2_B2_N16_A,600,-212,-84,False,640.0,66.0,18,2647,43.226392203146894,52.337830112265685,43.226392203146894
T2_B2_N16_A_s600_n5,T2_B2_N16_A,600,410,-333,False,642.49,78.0,16,1978,412.0370895898081,343.3108065066692,412.0370895898081
T2_B2_N16_A_s600_n6,T2_B2_N16_A,600,455,488,True,243.66,351.5,12,1125,9.116292603168109,70.26423883192521,9.116292603168109
T2_B2_N16_A_s600_n7,T2_B2_N16_A,600,436,166,True,190.92,356.2,11,1407,9.116292603516987,11.189251928581797,9.116292603516946
T2_B2_N16_A_s800_n0,T2_B2_N16_A,800,219,631,True,293.47,356.6,21,1975,64.56697046471336,55.660814219226026,64.56697046471336
T2_B2_N16_A_s800_n1,T2_B2_N16_A,800,25,45,True,516.38,238.1,21,4059,12.111917512503428,36.79948272076602,12.11191751250343
T2_B2_N16_A_s800_n2,T2_B2_N16_A,800,-12,173,False,470.4,174.1,21,3808,6.884949875268458,28.2134412949329,6.884949875268458
T2_B2_N16_A_s800_n3,T2_B2_N16_A,800,450,487,True,100.34,359.1,12,2121,9.116292603167633,31.41993315382416,9.11629260316767
T2_B2_N16_A_s800_n4,T2_B2_N16_A,800,491,-196,False,602.91,123.0,19,3016,50.0500472132976,208.2027794162531,50.0500472132976
T2_B2_N16_A_s800_n5,T2_B2_N16_A,800,339,-52,False,456.1,163.3,21,3572,16.346877014520945,58.081325663455445,16.346877014520945
T2_B2_N16_A_s800_n6,T2_B2_N16_A,800,58,525,True,364.13,354.2,21,3517,6.797884063661445,54.87908720868754,6.797884063661445
T2_B2_N16_A_s800_n7,T2_B2_N16_A,800,551,206,True,245.84,358.7,21,3064,10.996705858957483,14.199067017872732,10.996705858957483
T2_B2_N16_B_s1000_n0,T2_B2_N16_B,1000,277,71,True,483.5,338.9,20,3989,1.6676799725515217,25.27592023963951,1.6676799725515774
T2_B2_N16_B_s1000_n1,T2_B2_N16_B,1000,457,740,True,243.82,358.8,20,4388,1.6676799725114555,17.195859470845168,1.6676799725114555
T2_B2_N16_B_s1000_n2,T2_B2_N16_B,1000,307,182,True,371.99,357.8,20,4667,1.667679971612834,21.638563559276285,1.667679971612828
T2_B2_N16_B_s1000_n3,T2_B2_N16_B,1000,366,71,True,449.44,338.9,20,4033,1.6676799725517029,19.954133885589112,1.6676799725517586
T2_B2_N16_B_s1000_n4,T2_B2_N16_B,1000,705,912,True,460.18,345.3,20,3729,1.6676799725297826,23.92389972677761,1.6676799725297593
T2_B2_N16_B_s1000_n5,T2_B2_N16_B,1000,277,71,True,483.5,338.9,20,3989,1.6676799725515217,25.27592023963951,1.6676799725515774
T2_B2_N16_B_s1000_n6,T2_B2_N16_B,1000,309,720,True,291.34,358.9,20,4836,1.6676799725130644,15.96898755257311,1.6676799725130644
T2_B2_N16_B_s1000_n7,T2_B2_N16_B,1000,443,287,True,220.49,359.0,20,4909,1.667679972266257,18.71587053826605,1.667679972266257
T2_B2_N16_B_s1200_n0,T2_B2_N16_B,1200,477,271,True,351.24,358.8,20,5980,1.6676799722903155,15.109572562251657,1.6676799722903155
T2_B2_N16_B_s1200_n1,T2_B2_N16_B,1200,477,271,True,351.24,358.8,20,5980,1.6676799722903155,15.109572562251657,1.6676799722903155
T2_B2_N16_B_s1200_n2,T2_B2_N16_B,1200,477,271,True,351.24,358.8,20,5980,1.6676799722903155,15.109572562251657,1.6676799722903155
T2_B2_N16_B_s1200_n3,T2_B2_N16_B,1200,693,871,True,286.51,359.0,20,6015,1.667679972528623,6.233545299641772,1.667679972528623
T2_B2_N16_B_s1200_n4,T2_B2_N16_B,1200,705,576,True,107.71,359.4,20,7179,1.6676799724989255,5.77934803237039,1.6676799724989255
T2_B2_N16_B_s1200_n5,T2_B2_N16_B,1200,606,275,True,325.06,359.0,20,6030,1.667679972398702,19.6520441855939,1.667679972398702
T2_B2_N16_B_s1200_n6,T2_B2_N16_B,1200,696,725,True,157.61,359.2,20,6933,1.6676799725168072,6.989173934686439,1.6676799725168072
T2_B2_N16_B_s1200_n7,T2_B2_N16_B,1200,595,628,True,28.44,359.4,20,7257,1.6676799724966884,1.5774882509569597,1.6676799724966884
T2_B2_N16_B_s400_n0,T2_B2_N16_B,400,-301,-355,False,747.68,31.2,11,619,307.0356667625801,123.72168008578548,307.0356667625801
T2_B2_N16_B_s400_n1,T2_B2_N16_B,400,475,-450,False,705.78,39.7,12,736,167.09495846330807,143.62907836475588,167.09495846330807
T2_B2_N16_B_s400_n2,T2_B2_N16_B,400,40,33,True,231.28,338.9,9,664,1.667679972551464,42.13546528898762,1.667679972551464
T2_B2_N16_B_s400_n3,T2_B2_N16_B,400,-296,677,False,688.15,39.5,12,722,40.6095328020867,53.47707175927917,40.6095328020867
T2_B2_N16_B_s400_n4,T2_B2_N16_B,400,532,372,False,373.91,76.9,15,637,638.1896279075553,96.37989892078704,96.37989892078704
T2_B2_N16_B_s400_n5,T2_B2_N16_B,400,438,842,False,684.7,40.9,12,689,537.4739389573724,121.97293087681302,537.4739389573724
T2_B2_N16_B_s400_n6,T2_B2_N16_B,400,-323,307,False,533.83,56.6,14,1031,196.9119573256898,93.58698638767336,196.9119573256898
T2_B2_N16_B_s400_n7,T2_B2_N16_B,400,258,-408,False,610.76,48.7,13,825,188.1720210101842,186.9617170979084,188.1720210101842
T2_B2_N16_B_s600_n0,T2_B2_N16_B,600,148,821,False,542.72,95.5,17,1459,88.39878699146225,111.32393055031126,88.39878699146225
T2_B2_N16_B_s600_n1,T2_B2_N16_B,600,548,-148,False,512.06,89.7,18,1785,53.65248489365671,40.3672612846008,53.65248489365671
T2_B2_N16_B_s600_n2,T2_B2_N16_B,600,467,331,True,169.85,342.1,11,1256,1.6676799723332414,15.694970128835086,1.6676799723332414
T2_B2_N16_B_s600_n3,T2_B2_N16_B,600,-123,-120,False,596.09,69.6,18,1923,70.94314825701025,173.68305434463585,70.94314825701025
T2_B2_N16_B_s600_n4,T2_B2_N16_B,600,471,92,True,269.27,338.9,20,1351,1.667679972031426,6.003614604323783,1.667679972031429
T2_B2_N16_B_s600_n5,T2_B2_N16_B,600,367,785,False,489.61,108.5,17,1554,90.8016045384749,114.88072736211409,90.8016045384749
T2_B2_N16_B_s600_n6,T2_B2_N16_B,600,286,-141,False,441.22,123.7,18,1955,119.42127145236006,95.45345826737992,119.42127145236006
T2_B2_N16_B_s600_n7,T2_B2_N16_B,600,399,83,True,238.52,338.9,15,1258,649.137245074394,7.608093635902047,649.137245074394
T2_B2_N16_B_s800_n0,T2_B2_N16_B,800,699,828,False,522.1,125.8,19,2634,48.54978175717742,95.81819524052555,48.54978175717742
T2_B2_N16_B_s800_n1,T2_B2_N16_B,800,77,-129,False,619.81,103.7,18,2501,11.74002200205002,125.21625604868558,11.74002200205002
T2_B2_N16_B_s800_n2,T2_B2_N16_B,800,261,163,True,274.75,357.0,20,3058,1.6676799725516125,20.957689702544503,1.6676799725516125
T2_B2_N16_B_s800_n3,T2_B2_N16_B,800,648,706,True,393.88,346.1,20,2960,1.6676799725119822,71.97996261517716,1.6676799725119822
T2_B2_N16_B_s800_n4,T2_B2_N16_B,800,425,-129,False,529.59,141.7,18,2616,41.46415276638447,86.4002345580267,41.46415276638447
T2_B2_N16_B_s800_n5,T2_B2_N16_B,800,116,-92,False,568.08,118.6,19,2736,43.81936749991068,104.19197849452524,43.81936749991068
T2_B2_N16_B_s800_n6,T2_B2_N16_B,800,236,925,False,550.02,138.5,18,2309,51.51510575752447,71.75481917628923,51.51510575752447
T2_B2_N16_B_s800_n7,T2_B2_N16_B,800,77,316,True,333.74,340.1,20,3297,1.6676799723046043,14.95003300657878,1.6676799723046043
T2_B2_N16_C_s1000_n0,T2_B2_N16_C,1000,-896,99,False,1452.45,46.9,14,703,226.9855202197149,455.7355891627688,226.9855202197149
T2_B2_N16_C_s1000_n1,T2_B2_N16_C,1000,1705,2220,False,2100.1,24.0,10,344,752.5941810095572,318.6629973298092,752.5941810095574
T2_B2_N16_C_s1000_n2,T2_B2_N16_C,1000,-518,482,False,1018.16,81.8,9,508,38.26816737020819,117.19360436545824,38.26816737020819
T2_B2_N16_C_s1000_n3,T2_B2_N16_C,1000,972,-456,False,1066.17,65.1,8,397,322.48499434537524,33.36394197860653,322.48499434537524
T2_B2_N16_C_s1000_n4,T2_B2_N16_C,1000,-537,1715,False,1597.37,46.1,13,620,155.17698975842956,185.10193099770768,155.17698975842956
T2_B2_N16_C_s1000_n5,T2_B2_N16_C,1000,245,447,True,260.45,354.3,5,678,4.996010472358716,18.7369466577152,4.996010472358704
T2_B2_N16_C_s1000_n6,T2_B2_N16_C,1000,-171,45,False,810.72,86.6,7,449,44.46738120373444,109.8053101609568,44.46738120373442
T2_B2_N16_C_s1000_n7,T2_B2_N16_C,1000,1983,2210,False,2263.49,14.3,8,177,982.3828792926308,978.3204951620672,982.3828792926308
T2_B2_N16_C_s1200_n0,T2_B2_N16_C,1200,2292,-130,False,1842.76,45.4,12,852,293.6348615630405,370.47223971351417,293.6348615630405
T2_B2_N16_C_s1200_n1,T2_B2_N16_C,1200,2016,141,False,1488.54,57.6,14,1009,175.91009579989415,374.2671911661521,175.91009579989415
T2_B2_N16_C_s1200_n2,T2_B2_N16_C,1200,-247,-1168,False,1960.42,43.1,12,771,247.14630576281897,269.09297028160086,247.14630576281897
T2_B2_N16_C_s1200_n3,T2_B2_N16_C,1200,-560,362,False,1184.16,83.1,15,1033,248.94928464526657,289.415928830095,248.9492846452666
T2_B2_N16_C_s1200_n4,T2_B2_N16_C,1200,170,311,True,518.09,352.9,7,814,4.231901031833253,25.138567382704952,4.231901031833253
T2_B2_N16_C_s1200_n5,T2_B2_N16_C,1200,-768,-1188,False,2251.3,30.4,10,492,153.37238340112037,300.9233002191946,153.37238340112037
T2_B2_N16_C_s1200_n6,T2_B2_N16_C,1200,263,790,True,386.87,355.7,7,826,5.0597007673029495,30.968560441752704,5.0597007673029495
T2_B2_N16_C_s1200_n7,T2_B2_N16_C,1200,346,408,True,318.4,356.3,6,835,5.148196176877366,24.52886457752096,5.148196176877418
T2_B2_N16_C_s400_n1,T2_B2_N16_C,400,-52,245,False,255.99,133.1,3,135,13.8516587966664,43.88313745530207,13.8516587966664
T2_B2_N16_C_s400_n3,T2_B2_N16_C,400,335,-98,False,327.15,98.6,3,147,9.169770364433209,54.29315212045644,9.169770364433187
T2_B2_N16_C_s400_n4,T2_B2_N16_C,400,-391,-960,False,1301.88,22.7,3,49,696.0958418735764,313.1420167508927,696.0958418735764
T2_B2_N16_C_s400_n5,T2_B2_N16_C,400,-543,1210,False,1253.85,22.1,4,58,1366.423711467694,214.94618949715752,214.94618949715752
T2_B2_N16_C_s400_n6,T2_B2_N16_C,400,-250,-104,False,543.06,41.6,3,77,219.6049696165095,82.26691610120153,82.26691610120153
T2_B2_N16_C_s400_n7,T2_B2_N16_C,400,-394,-931,False,1277.5,20.0,3,50,406.8523695055388,505.5951096144448,406.8523695055388
T2_B2_N16_C_s600_n0,T2_B2_N16_C,600,54,-217,False,572.54,71.2,4,191,88.74653704138078,45.20561972802604,88.74653704138078
T2_B2_N16_C_s600_n1,T2_B2_N16_C,600,-122,-542,False,941.83,44.6,4,136,156.2720731928381,132.61604276264308,156.2720731928381
T2_B2_N16_C_s600_n3,T2_B2_N16_C,600,-1063,465,False,1372.95,27.9,10,260,1746.583849464139,391.716324534837,391.716324534837
T2_B2_N16_C_s600_n4,T2_B2_N16_C,600,-1005,-153,False,1381.39,28.0,7,186,211.8102786654178,699.4293778852525,211.8102786654177
T2_B2_N16_C_s600_n5,T2_B2_N16_C,600,93,-395,False,725.17,54.3,4,148,127.20833123135615,108.20936178482802,127.20833123135615
T2_B2_N16_C_s600_n6,T2_B2_N16_C,600,238,-561,False,863.23,46.6,3,132,114.43364517993956,169.4472627220133,114.43364517993956
T2_B2_N16_C_s600_n7,T2_B2_N16_C,600,904,923,False,867.72,46.6,5,136,326.4378650838329,77.81190962153886,326.4378650838329
T2_B2_N16_C_s800_n0,T2_B2_N16_C,800,-739,-1077,False,1865.17,31.5,11,533,286.3829069578261,342.7669118123126,286.3829069578261
T2_B2_N16_C_s800_n1,T2_B2_N16_C,800,-217,-442,False,1043.86,53.6,6,230,277.99800695866924,316.75484313422044,277.99800695866924
T2_B2_N16_C_s800_n2,T2_B2_N16_C,800,572,-397,False,815.35,76.0,5,254,61.405798343460425,40.35985976432323,61.405798343460425
T2_B2_N16_C_s800_n3,T2_B2_N16_C,800,928,984,False,787.3,68.5,6,266,60.35525343230085,79.65962493437546,60.35525343230085
T2_B2_N16_C_s800_n5,T2_B2_N16_C,800,-314,-39,False,838.16,65.8,6,271,67.38902908090849,95.85838840326578,67.3890290809085
T2_B2_N16_C_s800_n6,T2_B2_N16_C,800,-239,1659,False,1411.88,38.1,13,370,326.2422746399971,229.8236681881472,326.2422746399969
T2_B2_N16_C_s800_n7,T2_B2_N16_C,800,-326,484,False,730.84,87.9,5,299,127.33430595749248,152.5696071849134,127.33430595749248
T2_B2_N16_D_s1000_n0,T2_B2_N16_D,1000,963,270,True,516.98,272.6,16,2144,12.030463742127738,115.0483400235618,12.030463742127626
T2_B2_N16_D_s1000_n1,T2_B2_N16_D,1000,1039,1026,False,753.12,85.5,15,1483,42.76416418173597,102.88679997576884,42.76416418173597
T2_B2_N16_D_s1000_n2,T2_B2_N16_D,1000,692,1137,False,665.31,140.6,14,1412,24.878418537794943,41.64066477551066,24.878418537794943
T2_B2_N16_D_s1000_n3,T2_B2_N16_D,1000,136,-148,False,743.24,111.6,14,1472,23.910778262436388,69.76921615022277,23.910778262436388
T2_B2_N16_D_s1000_n4,T2_B2_N16_D,1000,810,619,True,332.06,358.2,16,2057,13.09763028236402,56.66478800313099,13.09763028236402
T2_B2_N16_D_s1000_n5,T2_B2_N16_D,1000,1084,735,False,629.51,152.6,15,1807,35.52813756752855,151.86054739346116,35.52813756752855
T2_B2_N16_D_s1000_n6,T2_B2_N16_D,1000,290,-414,False,937.81,92.7,11,988,154.43941548424024,142.9728911320061,154.43941548424024
T2_B2_N16_D_s1000_n7,T2_B2_N16_D,1000,687,1020,False,552.6,172.5,16,1683,15.23780212271427,31.28441999587856,15.23780212271427
T2_B2_N16_D_s1200_n0,T2_B2_N16_D,1200,1033,-225,False,931.73,105.5,13,1414,44.34433115362832,110.91016744684688,44.34433115362821
T2_B2_N16_D_s1200_n1,T2_B2_N16_D,1200,931,150,True,558.62,355.3,16,2634,13.022260418318837,68.82607165546241,13.022260418318837
T2_B2_N16_D_s1200_n2,T2_B2_N16_D,1200,1218,383,False,654.99,174.9,16,2403,13.059822001278947,117.02182151167452,13.059822001278947
T2_B2_N16_D_s1200_n3,T2_B2_N16_D,1200,1183,755,True,603.25,213.2,16,2482,12.061816697616385,152.77137824450844,12.061816697616385
T2_B2_N16_D_s1200_n4,T2_B2_N16_D,1200,336,-69,False,719.21,158.9,15,2049,18.693410725818527,55.01194587331446,18.693410725818527
T2_B2_N16_D_s1200_n5,T2_B2_N16_D,1200,336,1134,True,595.69,349.2,16,2276,14.63853149746923,54.79338100872826,14.638531497469195
T2_B2_N16_D_s1200_n6,T2_B2_N16_D,1200,729,-22,False,635.24,174.1,16,2376,10.737411505193732,80.87211825693579,10.737411505193732
T2_B2_N16_D_s1200_n7,T2_B2_N16_D,1200,1067,359,True,525.52,355.8,16,2874,13.029391693419694,89.00002070338594,13.02939169341946
T2_B2_N16_D_s400_n0,T2_B2_N16_D,400,788,464,False,644.55,44.5,9,254,154.7035411609263,176.3888885436634,154.7035411609263
T2_B2_N16_D_s400_n1,T2_B2_N16_D,400,-356,584,False,675.72,43.9,10,478,662.1905985475806,819.3178068031617,662.1905985475806
T2_B2_N16_D_s400_n2,T2_B2_N16_D,400,-366,293,False,573.59,49.3,11,377,436.0997634561359,367.52023301937095,436.0997634561359
T2_B2_N16_D_s400_n3,T2_B2_N16_D,400,-440,760,False,850.41,25.4,7,233,595.0001860313719,633.5180020607735,595.0001860313719
T2_B2_N16_D_s400_n5,T2_B2_N16_D,400,374,211,True,174.35,233.1,5,396,4.752487156587789,11.831194186522472,4.752487156587789
T2_B2_N16_D_s400_n6,T2_B2_N16_D,400,-245,-83,False,527.37,53.1,12,401,546.6488711905706,108.56994257068185,546.6488711905706
T2_B2_N16_D_s400_n7,T2_B2_N16_D,400,17,-195,False,435.33,63.9,8,321,73.0909656460747,76.47592117457332,76.47592117457332
T2_B2_N16_D_s600_n0,T2_B2_N16_D,600,-241,329,False,541.78,92.6,12,916,351.8608490628217,316.5845667922748,351.8608490628217
T2_B2_N16_D_s600_n1,T2_B2_N16_D,600,1157,-9,False,911.0,46.2,10,616,685.7954292737007,735.2922737235735,685.7954292737007
T2_B2_N16_D_s600_n2,T2_B2_N16_D,600,582,-744,False,1081.42,33.9,4,161,542.4351502427326,325.5607800545883,325.5607800545885
T2_B2_N16_D_s600_n3,T2_B2_N16_D,600,-71,-70,False,523.97,76.5,14,951,50.83105112863874,180.5646690104538,180.5646690104538
T2_B2_N16_D_s600_n4,T2_B2_N16_D,600,183,-441,False,750.18,62.1,10,588,186.0047440341012,179.98189191996113,186.00474403410115
T2_B2_N16_D_s600_n5,T2_B2_N16_D,600,-218,522,False,563.57,78.7,13,899,426.0039576519269,438.8251594732998,426.003957651927
T2_B2_N16_D_s600_n6,T2_B2_N16_D,600,382,-732,False,1035.25,42.9,5,252,47.817351429729456,155.93826350650474,47.81735142972944
T2_B2_N16_D_s600_n7,T2_B2_N16_D,600,166,273,True,136.69,356.6,8,939,542.6294369062825,18.00325215518462,542.6294369062825
T2_B2_N16_D_s800_n0,T2_B2_N16_D,800,11,-620,False,1091.66,35.5,8,271,210.47799753436385,208.3636428427079,210.47799753436385
T2_B2_N16_D_s800_n1,T2_B2_N16_D,800,77,-61,False,562.89,125.4,15,1502,8.806597391510124,56.80502593991051,8.806597391510124
T2_B2_N16_D_s800_n2,T2_B2_N16_D,800,807,213,False,447.9,174.8,16,1258,46.48076320263541,107.3521216137069,46.48076320263541
T2_B2_N16_D_s800_n3,T2_B2_N16_D,800,6,1064,False,772.1,70.0,12,908,209.71538851920707,350.8322555120534,209.71538851920707
T2_B2_N16_D_s800_n4,T2_B2_N16_D,800,351,724,True,327.68,349.2,13,1289,7.905521566995706,28.135805681615448,7.905521566995651
T2_B2_N16_D_s800_n5,T2_B2_N16_D,800,-64,-339,False,872.59,60.0,11,761,106.8444658771554,341.2441005476708,106.8444658771554
T2_B2_N16_D_s800_n6,T2_B2_N16_D,800,609,-648,False,1068.64,57.8,7,467,322.4547451032996,354.4888832058288,322.4547451032996
T2_B2_N16_D_s800_n7,T2_B2_N16_D,800,548,-108,False,529.12,136.9,15,1298,19.00502519188677,60.9444574461298,19.00502519188677
T2_B2_N6_A_s1000_n0,T2_B2_N6_A,1000,316,1451,False,968.64,85.8,15,428,276.702429594142,156.23926569458175,276.702429594142
T2_B2_N6_A_s1000_n1,T2_B2_N6_A,1000,1677,2144,False,2021.9,21.4,9,280,303.1291877240407,341.9889335754229,303.1291877240407
T2_B2_N6_A_s1000_n2,T2_B2_N6_A,1000,653,1915,False,1423.25,51.2,13,653,305.2690811940229,355.18554931581514,305.2690811940229
T2_B2_N6_A_s1000_n3,T2_B2_N6_A,1000,-283,1191,False,1044.3,65.8,18,599,71.87194702982886,109.47816503270778,71.87194702982907
T2_B2_N6_A_s1000_n4,T2_B2_N6_A,1000,79,665,True,452.18,279.6,10,525,11.703828972424697,34.75029452305667,11.703828972424697
T2_B2_N6_A_s1000_n5,T2_B2_N6_A,1000,-265,964,False,894.72,78.6,19,547,67.05898826718433,75.14007748475208,67.05898826718428
T2_B2_N6_A_s1000_n6,T2_B2_N6_A,1000,-366,655,False,879.76,95.9,15,629,96.93397757597644,129.02476191389673,96.93397757597644
T2_B2_N6_A_s1000_n7,T2_B2_N6_A,1000,626,441,True,139.13,357.3,7,580,5.243063365064692,4.877651035394515,5.243063365064707
T2_B2_N6_A_s1200_n0,T2_B2_N6_A,1200,1652,288,False,1097.29,92.2,17,1273,67.015767077952,93.19318251712043,67.015767077952
T2_B2_N6_A_s1200_n1,T2_B2_N6_A,1200,492,212,True,402.75,356.5,10,755,5.243063365092181,30.66507731871853,5.243063365092188
T2_B2_N6_A_s1200_n2,T2_B2_N6_A,1200,1594,1432,False,1296.25,65.2,17,1183,190.1267614278489,239.3787288261043,190.1267614278489
T2_B2_N6_A_s1200_n3,T2_B2_N6_A,1200,722,-923,False,1527.88,62.6,13,857,117.00610422514846,146.6814957945539,117.00610422514846
T2_B2_N6_A_s1200_n4,T2_B2_N6_A,1200,325,-329,False,968.85,106.8,18,1041,71.69443293420366,77.84725909771319,71.69443293420366
T2_B2_N6_A_s1200_n5,T2_B2_N6_A,1200,-474,-261,False,1376.52,61.4,16,1236,106.05235790201112,89.31641843046776,106.05235790201112
T2_B2_N6_A_s1200_n6,T2_B2_N6_A,1200,-106,37,False,903.0,94.1,20,1098,37.21841011267336,131.08153156152537,37.21841011267336
T2_B2_N6_A_s1200_n7,T2_B2_N6_A,1200,611,1066,True,466.13,356.4,11,704,11.935660838459286,30.138549864272537,11.93566083845949
T2_B2_N6_A_s400_n0,T2_B2_N6_A,400,1009,323,False,818.3,30.3,5,59,153.32652519270945,97.83307404825143,153.32652519270945
T2_B2_N6_A_s400_n1,T2_B2_N6_A,400,-397,-169,False,701.83,36.7,5,78,622.2250107128145,275.6082937704205,622.2250107128145
T2_B2_N6_A_s400_n2,T2_B2_N6_A,400,-337,-317,False,745.42,36.6,5,68,256.96655776524415,222.8059466124985,256.96655776524415
T2_B2_N6_A_s400_n3,T2_B2_N6_A,400,-392,821,False,857.97,33.7,4,53,153.50397798599985,71.75112399096078,153.50397798599985
T2_B2_N6_A_s400_n5,T2_B2_N6_A,400,-255,341,False,476.35,56.3,4,72,186.7261441958328,123.70053656327292,186.7261441958328
T2_B2_N6_A_s400_n7,T2_B2_N6_A,400,192,148,True,52.61,356.4,3,192,5.243063365029502,7.789513333654487,5.243063365029502
T2_B2_N6_A_s600_n0,T2_B2_N6_A,600,-251,-545,False,1008.77,43.0,7,123,294.7758328194102,293.9886737578575,294.77583281941025
T2_B2_N6_A_s600_n1,T2_B2_N6_A,600,274,511,True,212.6,310.1,5,265,12.440325135965576,16.018981205072585,12.440325135965576
T2_B2_N6_A_s600_n2,T2_B2_N6_A,600,-335,-101,False,751.02,54.2,7,160,61.7707440644013,173.93238291070162,61.7707440644013
T2_B2_N6_A_s600_n3,T2_B2_N6_A,600,403,41,True,278.73,231.3,5,239,5.05598900366696,3.917753891974281,5.05598900366696
T2_B2_N6_A_s600_n4,T2_B2_N6_A,600,214,-1455,False,1757.11,22.8,5,168,195.9278911039588,182.87478032192683,182.87478032192683
T2_B2_N6_A_s600_n5,T2_B2_N6_A,600,231,282,True,71.31,356.4,4,294,7.8768990174486575,11.439753600478335,7.876899017448676
T2_B2_N6_A_s600_n6,T2_B2_N6_A,600,411,-223,False,534.65,95.1,5,163,141.48795061140666,105.46091777598528,141.48795061140666
T2_B2_N6_A_s800_n0,T2_B2_N6_A,800,868,2031,False,1696.82,31.8,10,452,342.14236989183945,358.9901803301414,342.14236989183945
T2_B2_N6_A_s800_n1,T2_B2_N6_A,800,231,-21,False,453.65,167.7,8,316,5.565719571103482,43.22799438880207,5.565719571103482
T2_B2_N6_A_s800_n2,T2_B2_N6_A,800,1046,-1360,False,1874.81,17.7,8,191,768.4319767407943,782.95707144327,768.4319767407943
T2_B2_N6_A_s800_n3,T2_B2_N6_A,800,153,77,True,406.62,277.6,8,348,2.7485241274824777,38.96941539822242,2.7485241274824777
T2_B2_N6_A_s800_n4,T2_B2_N6_A,800,1073,633,False,712.19,88.0,9,227,20.80542852240914,25.49884699312249,20.80542852240914
T2_B2_N6_A_s800_n6,T2_B2_N6_A,800,-852,1882,False,1940.06,11.2,5,81,793.1830130287198,709.7385615208678,793.1830130287198
T2_B2_N6_A_s800_n7,T2_B2_N6_A,800,752,-2,False,534.33,116.9,10,319,2.466349806033441,37.40247476630741,2.466349806033441
T2_B2_N6_B_s1000_n0,T2_B2_N6_B,1000,730,332,True,284.82,358.7,9,1298,9.014245661920436,54.110747976619294,9.014245661920436
T2_B2_N6_B_s1000_n1,T2_B2_N6_B,1000,125,-794,False,1347.24,54.7,12,625,178.43003772509792,243.4300787171562,178.43003772509792
T2_B2_N6_B_s1000_n2,T2_B2_N6_B,1000,845,987,True,596.82,211.7,20,1245,7.235562069201304,77.22111661978218,7.235562069201304
T2_B2_N6_B_s1000_n3,T2_B2_N6_B,1000,1420,879,False,995.01,76.5,16,1048,110.25173739203038,146.55726818907664,110.25173739203036
T2_B2_N6_B_s1000_n4,T2_B2_N6_B,1000,1106,-568,False,1227.95,56.1,15,814,129.7914384339014,162.86007927529226,129.79143843390128
T2_B2_N6_B_s1000_n5,T2_B2_N6_B,1000,55,-65,False,719.2,107.0,19,1188,29.550261800860586,86.71885851989218,86.71885851989218
T2_B2_N6_B_s1000_n6,T2_B2_N6_B,1000,1500,-491,False,1407.86,50.3,14,750,359.0093651813109,350.92066047348555,359.0093651813109
T2_B2_N6_B_s1000_n7,T2_B2_N6_B,1000,1385,1175,False,1113.04,63.7,16,988,109.26172382238325,157.2784551685607,109.26172382238316
T2_B2_N6_B_s1200_n0,T2_B2_N6_B,1200,1096,361,True,550.58,349.2,14,1609,8.701306831915835,110.07024819365392,8.701306831915835
T2_B2_N6_B_s1200_n1,T2_B2_N6_B,1200,1123,768,True,549.32,349.2,20,1698,8.811502261982884,90.3047488166528,8.811502261982884
T2_B2_N6_B_s1200_n2,T2_B2_N6_B,1200,735,1211,False,625.74,176.5,20,1983,2.9506297575459817,74.85394641520793,2.9506297575459817
T2_B2_N6_B_s1200_n3,T2_B2_N6_B,1200,600,-104,False,704.0,156.8,19,1552,46.18928083474808,101.23745371232312,46.18928083474808
T2_B2_N6_B_s1200_n4,T2_B2_N6_B,1200,310,600,True,290.0,358.8,13,1977,9.014245661844551,28.42614703291735,9.014245661844576
T2_B2_N6_B_s1200_n5,T2_B2_N6_B,1200,1163,-329,False,1086.28,77.7,17,1265,141.13790512991366,164.9744882076833,141.13790512991366
T2_B2_N6_B_s1200_n6,T2_B2_N6_B,1200,235,767,True,401.39,356.4,20,2046,6.247263674973727,15.898755414475978,6.247263674973745
T2_B2_N6_B_s1200_n7,T2_B2_N6_B,1200,655,833,True,239.4,358.9,12,1980,9.014245661846788,49.35861520692833,9.014245661846788
T2_B2_N6_B_s400_n0,T2_B2_N6_B,400,-225,162,False,426.7,69.9,5,268,70.44186275972383,55.53684092512572,70.44186275972383
T2_B2_N6_B_s400_n1,T2_B2_N6_B,400,216,-81,False,281.46,102.7,4,271,7.2270241172525775,25.48196938318109,7.2270241172525775
T2_B2_N6_B_s400_n2,T2_B2_N6_B,400,221,-352,False,552.4,51.4,5,204,101.859534577915,71.03701139698273,101.859534577915
T2_B2_N6_B_s400_n3,T2_B2_N6_B,400,910,-866,False,1280.8,22.3,10,165,1011.6216255344276,277.6356205093876,277.6356205093876
T2_B2_N6_B_s400_n4,T2_B2_N6_B,400,-297,-374,False,759.27,36.6,6,147,199.05642413885727,222.16462395271623,199.0564241388574
T2_B2_N6_B_s400_n5,T2_B2_N6_B,400,-60,-282,False,547.65,50.4,6,210,90.72494992119032,114.97362968039,90.72494992119034
T2_B2_N6_B_s400_n6,T2_B2_N6_B,400,299,170,True,103.45,349.2,3,296,9.014245662545008,5.584409980094346,9.014245662545008
T2_B2_N6_B_s400_n7,T2_B2_N6_B,400,-158,312,False,375.11,78.7,4,246,33.093138678511515,59.23595499824523,33.093138678511515
T2_B2_N6_B_s600_n0,T2_B2_N6_B,600,-542,687,False,926.68,46.3,14,497,68.30908482421285,68.95466139957323,68.30908482421285
T2_B2_N6_B_s600_n1,T2_B2_N6_B,600,195,287,True,105.8,355.8,5,654,9.014245661919931,7.406012991991789,9.014245661919944
T2_B2_N6_B_s600_n2,T2_B2_N6_B,600,-317,433,False,631.17,79.4,9,464,45.47999347982351,30.5505062887779,45.47999347982351
T2_B2_N6_B_s600_n4,T2_B2_N6_B,600,-454,775,False,891.15,49.1,15,506,81.97984862244525,88.47608583857654,81.97984862244525
T2_B2_N6_B_s600_n5,T2_B2_N6_B,600,-537,-485,False,1147.52,39.4,11,419,367.9568865527573,167.15689459837614,367.9568865527573
T2_B2_N6_B_s600_n6,T2_B2_N6_B,600,-200,1417,False,1223.8,34.2,10,304,465.89031292197257,422.52039179668014,422.52039179668014
T2_B2_N6_B_s600_n7,T2_B2_N6_B,600,-615,-388,False,1144.8,38.5,11,403,264.8612431638902,141.06083405024742,264.8612431638902
T2_B2_N6_B_s800_n0,T2_B2_N6_B,800,1362,-128,False,1097.37,52.5,15,697,285.62935273840174,401.2938971387871,285.62935273840174
T2_B2_N6_B_s800_n1,T2_B2_N6_B,800,971,1405,False,1155.88,48.3,14,608,104.7882949952326,149.79955600524568,104.7882949952326
T2_B2_N6_B_s800_n2,T2_B2_N6_B,800,-12,-240,False,761.15,71.7,17,703,1181.1223607953723,90.5197065995852,1181.1223607953723
T2_B2_N6_B_s800_n3,T2_B2_N6_B,800,904,-1026,False,1512.45,36.2,10,375,239.3998977632064,207.98083237088983,239.3998977632064
T2_B2_N6_B_s800_n4,T2_B2_N6_B,800,1483,1364,False,1449.89,30.1,10,293,274.86808462949,200.2581851976822,274.86808462949
T2_B2_N6_B_s800_n5,T2_B2_N6_B,800,-141,-76,False,720.59,73.8,16,740,26.10819921237308,111.750131440365,111.750131440365
T2_B2_N6_B_s800_n6,T2_B2_N6_B,800,125,-689,False,1123.19,51.8,13,578,105.2532155484445,170.30703149271912,105.2532155484445
T2_B2_N6_B_s800_n7,T2_B2_N6_B,800,1420,-773,False,1554.45,33.7,10,348,460.0852684854147,395.7397999139527,460.0852684854146
T2_B2_N6_C_s1000_n0,T2_B2_N6_C,1000,1110,-166,False,903.14,75.1,16,1034,100.53073251835151,171.66855172293376,100.53073251835151
T2_B2_N6_C_s1000_n1,T2_B2_N6_C,1000,33,450,True,469.67,239.0,14,1387,6.215688616022614,35.568416118514165,6.215688616022614
T2_B2_N6_C_s1000_n2,T2_B2_N6_C,1000,617,479,True,118.87,359.0,7,1446,7.110648577170587,39.54838159692923,7.110648577170587
T2_B2_N6_C_s1000_n3,T2_B2_N6_C,1000,-28,-708,False,1318.35,49.3,11,534,77.27431429982994,58.30390593753541,77.27431429982995
T2_B2_N6_C_s1000_n4,T2_B2_N6_C,1000,-270,252,False,808.95,107.0,15,1157,58.06078374552381,62.97057240806582,58.06078374552381
T2_B2_N6_C_s1000_n5,T2_B2_N6_C,1000,175,441,True,330.31,357.9,11,1501,6.727046096375096,27.853238036981868,6.727046096375096
T2_B2_N6_C_s1000_n6,T2_B2_N6_C,1000,142,890,True,529.4,353.6,14,1196,9.530449305021648,72.44413402963566,9.530449305021648
T2_B2_N6_C_s1000_n7,T2_B2_N6_C,1000,464,-887,False,1387.47,57.2,9,493,110.97012798893785,88.41260689958375,110.97012798893785
T2_B2_N6_C_s1200_n0,T2_B2_N6_C,1200,1135,606,True,535.03,300.2,13,1446,41.27613616524723,74.03183683523298,41.27613616524723
T2_B2_N6_C_s1200_n1,T2_B2_N6_C,1200,206,889,True,488.63,357.9,18,1884,9.19890387801742,71.65179127150401,9.19890387801742
T2_B2_N6_C_s1200_n3,T2_B2_N6_C,1200,669,1157,True,561.26,255.4,14,1484,11.34577481205247,81.70090222862804,11.34577481205247
T2_B2_N6_C_s1200_n4,T2_B2_N6_C,1200,1048,510,True,456.95,354.4,12,1585,7.272667672178391,70.02354597905844,7.272667672178391
T2_B2_N6_C_s1200_n5,T2_B2_N6_C,1200,217,134,True,603.2,354.4,18,1979,6.114792439210887,36.62385245748082,6.114792439210887
T2_B2_N6_C_s1200_n6,T2_B2_N6_C,1200,1042,653,True,445.17,354.6,11,1612,7.422711089085864,62.367610324942646,7.422711089085864
T2_B2_N6_C_s1200_n7,T2_B2_N6_C,1200,1566,779,False,982.44,106.0,15,1131,122.5240161726137,144.83513915361507,122.5240161726137
T2_B2_N6_C_s400_n0,T2_B2_N6_C,400,-107,-82,False,416.86,67.0,6,246,192.4866674048656,25.45175200340299,192.4866674048656
T2_B2_N6_C_s400_n1,T2_B2_N6_C,400,481,397,False,343.18,72.6,4,204,24.14798686524141,47.25604702050141,24.14798686524141
T2_B2_N6_C_s400_n2,T2_B2_N6_C,400,764,-156,False,666.96,41.1,5,126,251.8989579676387,83.82238021874106,251.8989579676387
T2_B2_N6_C_s400_n3,T2_B2_N6_C,400,-228,-384,False,724.04,40.0,7,161,99.70952758413202,85.09300776258975,99.70952758413202
T2_B2_N6_C_s400_n4,T2_B2_N6_C,400,645,-632,False,943.53,31.0,7,168,579.4066052647772,128.70357161592926,579.4066052647772
T2_B2_N6_C_s400_n5,T2_B2_N6_C,400,131,-347,False,551.33,52.2,5,196,4.64737471501722,24.53239520567505,4.64737471501721
T2_B2_N6_C_s400_n7,T2_B2_N6_C,400,469,1502,False,1329.5,19.0,8,165,388.5726383186896,537.9769810627581,388.5726383186896
T2_B2_N6_C_s600_n0,T2_B2_N6_C,600,455,13,True,326.18,194.7,7,552,6.292603713037063,25.851535399732967,6.292603713037081
T2_B2_N6_C_s600_n1,T2_B2_N6_C,600,-466,-223,False,927.52,46.0,13,496,149.13260948737377,97.31167018399228,149.13260948737377
T2_B2_N6_C_s600_n2,T2_B2_N6_C,600,196,245,True,117.65,357.9,5,758,3.991444037395081,9.722307553395172,3.991444037395081
T2_B2_N6_C_s600_n3,T2_B2_N6_C,600,362,1094,False,796.42,54.1,6,266,76.22221624206618,134.45472251533624,76.22221624206618
T2_B2_N6_C_s600_n4,T2_B2_N6_C,600,579,211,True,292.85,210.0,6,561,9.663126108256089,30.95079881112369,9.663126108256089
T2_B2_N6_C_s600_n5,T2_B2_N6_C,600,242,521,True,228.48,353.6,6,620,604.625503927729,18.26677959694996,604.625503927729
T2_B2_N6_C_s600_n6,T2_B2_N6_C,600,-286,302,False,586.0,86.8,7,405,66.40653194450054,66.85034008128605,66.40653194450054
T2_B2_N6_C_s600_n7,T2_B2_N6_C,600,487,-272,False,601.79,74.2,7,347,85.32524502367473,53.85298788680476,85.32524502367473
T2_B2_N6_C_s800_n0,T2_B2_N6_C,800,700,841,False,533.37,138.9,9,644,15.10613755644855,69.09755485419512,15.10613755644855
T2_B2_N6_C_s800_n1,T2_B2_N6_C,800,170,933,False,580.51,116.1,10,663,18.93462217402464,83.65899028292473,18.93462217402464
T2_B2_N6_C_s800_n2,T2_B2_N6_C,800,-130,-536,False,1075.64,52.4,12,637,44.766345227319306,70.51124313961071,44.766345227319306
T2_B2_N6_C_s800_n3,T2_B2_N6_C,800,644,1437,False,1065.32,55.9,13,550,168.91254544774586,318.2928658204113,168.91254544774586
T2_B2_N6_C_s800_n4,T2_B2_N6_C,800,566,-762,False,1173.8,51.9,10,473,202.63295190054268,163.76914447975773,202.63295190054268
T2_B2_N6_C_s800_n5,T2_B2_N6_C,800,-227,519,False,638.19,110.7,12,754,67.51731854841927,93.73176689419564,67.51731854841927
T2_B2_N6_C_s800_n7,T2_B2_N6_C,800,718,1600,False,1241.42,44.1,11,466,210.7014326029183,315.08892252387506,210.7014326029183
T2_B2_N6_D_s1000_n0,T2_B2_N6_D,1000,394,35,True,476.93,345.2,16,2606,3.2953350008077127,94.3428962939412,3.2953350008077127
T2_B2_N6_D_s1000_n1,T2_B2_N6_D,1000,363,650,True,203.15,358.8,16,3216,3.039303155511599,41.16022350143557,3.039303155511599
T2_B2_N6_D_s1000_n2,T2_B2_N6_D,1000,363,746,True,281.58,356.5,16,2902,3.039303155501046,40.157229455358646,3.039303155501046
T2_B2_N6_D_s1000_n3,T2_B2_N6_D,1000,385,-111,False,621.73,152.8,14,2065,86.97324169120604,89.5562025102325,86.97324169120604
T2_B2_N6_D_s1000_n4,T2_B2_N6_D,1000,363,-158,False,672.11,138.2,14,1876,118.05168567919254,93.80744153341992,118.05168567919254
T2_B2_N6_D_s1000_n5,T2_B2_N6_D,1000,363,-158,False,672.11,138.2,14,1876,118.05168567919254,93.80744153341992,118.05168567919254
T2_B2_N6_D_s1000_n6,T2_B2_N6_D,1000,697,235,True,330.2,354.8,16,2955,3.0393031556325703,43.06194409239789,3.0393031556325703
T2_B2_N6_D_s1000_n7,T2_B2_N6_D,1000,731,73,True,485.48,351.1,16,2385,3.2953350003847888,39.8013838065383,3.2953350003847888
T2_B2_N6_D_s1200_n0,T2_B2_N6_D,1200,563,746,True,150.62,359.1,16,4307,3.0393031555032124,49.96784847302074,3.0393031555032124
T2_B2_N6_D_s1200_n1,T2_B2_N6_D,1200,771,247,True,392.24,358.1,16,3487,3.039303155601104,36.2151309807997,3.039303155601111
T2_B2_N6_D_s1200_n2,T2_B2_N6_D,1200,589,432,True,168.36,359.2,16,4721,3.0393031555652965,60.7696245962457,3.0393031555652965
T2_B2_N6_D_s1200_n3,T2_B2_N6_D,1200,602,746,True,146.01,359.1,16,4444,3.039303155504076,52.81254697816534,3.039303155504076
T2_B2_N6_D_s1200_n4,T2_B2_N6_D,1200,791,746,True,240.41,359.1,16,3837,3.039303155502365,57.45069183589399,3.039303155502365
T2_B2_N6_D_s1200_n5,T2_B2_N6_D,1200,563,42,True,559.23,345.2,16,2992,3.2953350008074067,76.70378836893063,3.2953350008074067
T2_B2_N6_D_s1200_n6,T2_B2_N6_D,1200,679,480,True,143.67,359.3,16,4948,3.039303155541216,58.53938975978285,3.039303155541216
T2_B2_N6_D_s1200_n7,T2_B2_N6_D,1200,768,409,True,254.37,359.0,16,4101,3.039303155546824,51.5023385695749,3.039303155546837
T2_B2_N6_D_s400_n0,T2_B2_N6_D,400,145,225,True,60.42,352.2,6,335,3.2953350011727904,33.98272670611134,3.2953350011727904
T2_B2_N6_D_s400_n1,T2_B2_N6_D,400,-9,658,False,503.43,56.3,11,543,80.37238583442533,101.2481824934298,80.37238583442533
T2_B2_N6_D_s400_n2,T2_B2_N6_D,400,247,-407,False,608.82,47.6,10,484,105.81903743315866,173.19638017861823,105.81903743315866
T2_B2_N6_D_s400_n3,T2_B2_N6_D,400,-210,596,False,570.01,48.3,11,476,145.4167335078089,121.00342399606151,145.4167335078089
T2_B2_N6_D_s400_n4,T2_B2_N6_D,400,518,-481,False,751.59,32.4,8,306,275.76373236957875,299.38206775115566,275.76373236957875
T2_B2_N6_D_s400_n6,T2_B2_N6_D,400,-237,-237,False,618.01,41.5,11,521,269.4814060294808,343.75630017882,269.4814060294808
T2_B2_N6_D_s400_n7,T2_B2_N6_D,400,-237,-276,False,646.18,38.1,10,464,284.26460304479093,383.62650716280496,284.26460304479093
T2_B2_N6_D_s600_n0,T2_B2_N6_D,600,-37,-367,False,747.3,51.9,10,630,380.3435177974524,264.88280316251263,264.88280316251263
T2_B2_N6_D_s600_n1,T2_B2_N6_D,600,35,710,False,488.19,89.2,14,1067,48.46684493764536,78.96751550457776,48.46684493764536
T2_B2_N6_D_s600_n2,T2_B2_N6_D,600,7,12,True,410.84,122.3,16,1317,4.689614812392125,199.49520731803105,199.49520731803105
T2_B2_N6_D_s600_n3,T2_B2_N6_D,600,636,-542,False,906.56,32.4,7,289,558.8835255922797,185.01280832020672,558.8835255922797
T2_B2_N6_D_s600_n4,T2_B2_N6_D,600,384,343,True,94.37,354.8,10,914,3.295335000871885,61.60073134009595,3.2953350008719355
T2_B2_N6_D_s600_n5,T2_B2_N6_D,600,717,443,False,440.84,106.5,14,1171,94.2113739773812,97.81714525727944,94.2113739773812
T2_B2_N6_D_s600_n6,T2_B2_N6_D,600,-31,600,False,446.72,86.4,15,1246,64.08753770849432,121.7230816311121,64.08753770849432
T2_B2_N6_D_s600_n7,T2_B2_N6_D,600,625,576,False,426.38,117.8,16,1229,3.538076281521286,119.7216014356771,3.538076281521286
T2_B2_N6_D_s800_n0,T2_B2_N6_D,800,215,-186,False,614.51,117.5,14,1492,94.45912316281932,126.51865494806948,94.45912316281928
T2_B2_N6_D_s800_n1,T2_B2_N6_D,800,765,-138,False,650.13,87.1,14,1390,147.00758310547397,61.023325282606,147.00758310547397
T2_B2_N6_D_s800_n2,T2_B2_N6_D,800,305,-188,False,595.62,122.8,14,1514,139.28926520297946,65.2805942053502,139.28926520297946
T2_B2_N6_D_s800_n3,T2_B2_N6_D,800,188,334,True,222.04,354.0,16,2198,3.039303155679194,59.7141752386775,3.039303155679194
T2_B2_N6_D_s800_n4,T2_B2_N6_D,800,543,635,True,275.09,354.4,16,1920,3.0393031555161696,92.6645444544943,3.0393031555161696
T2_B2_N6_D_s800_n5,T2_B2_N6_D,800,582,548,True,234.58,354.8,16,2102,3.039303155531984,81.82162206307396,3.039303155531984
T2_B2_N6_D_s800_n6,T2_B2_N6_D,800,294,-314,False,721.83,100.7,11,1202,122.766593219218,110.66012413164516,122.766593219218
T2_B2_N6_D_s800_n7,T2_B2_N6_D,800,682,-323,False,776.05,78.2,11,982,87.5971820870977,132.11274021019085,87.5971820870977
T2_B3_N16_A_s1000_n0,T2_B3_N16_A,1000,-155,609,False,664.01,136.8,20,1942,35.22703944245312,58.8808537938665,35.22703944245312
T2_B3_N16_A_s1000_n1,T2_B3_N16_A,1000,841,469,True,342.41,356.7,12,1510,11.083994684859151,23.30019293010782,11.083994684859151
T2_B3_N16_A_s1000_n2,T2_B3_N16_A,1000,863,-578,False,1137.48,67.5,15,1327,97.68209860833537,147.17470247947256,97.68209860833537
T2_B3_N16_A_s1000_n3,T2_B3_N16_A,1000,-395,1104,False,1079.74,64.0,17,1479,129.53499038328744,173.76951393265335,129.5349903832875
T2_B3_N16_A_s1000_n4,T2_B3_N16_A,1000,984,-738,False,1329.25,53.9,13,1015,168.79801253050613,223.1885843625357,168.79801253050613
T2_B3_N16_A_s1000_n5,T2_B3_N16_A,1000,1192,1244,False,1016.07,69.0,18,1533,87.95762143553102,166.90886054054494,87.95762143553102
T2_B3_N16_A_s1000_n6,T2_B3_N16_A,1000,-97,894,False,715.29,119.2,21,1920,23.87331011252443,84.17755797101253,23.87331011252443
T2_B3_N16_A_s1000_n7,T2_B3_N16_A,1000,-95,1062,False,818.46,80.8,21,1858,105.65853052995728,57.73504513403204,105.65853052995728
T2_B3_N16_A_s1200_n0,T2_B3_N16_A,1200,-5,1457,False,1049.03,76.9,19,1815,14.030359644498308,35.34045997005379,14.030359644498308
T2_B3_N16_A_s1200_n1,T2_B3_N16_A,1200,776,1241,False,664.72,168.9,21,2337,16.756660011765348,16.05668669286427,16.756660011765348
T2_B3_N16_A_s1200_n2,T2_B3_N16_A,1200,285,-108,False,774.91,147.1,21,2592,18.71033828162193,11.48134501158892,18.71033828162192
T2_B3_N16_A_s1200_n3,T2_B3_N16_A,1200,642,1580,False,980.9,112.4,18,1636,16.672079469794404,17.37473745035098,16.672079469794404
T2_B3_N16_A_s1200_n4,T2_B3_N16_A,1200,-228,-538,False,1407.35,52.8,15,1042,140.9286153487903,182.9084945231386,140.9286153487903
T2_B3_N16_A_s1200_n5,T2_B3_N16_A,1200,-228,-408,False,1304.47,59.2,17,1259,132.5991376417593,148.37590358604837,132.59913764175926
T2_B3_N16_A_s1200_n6,T2_B3_N16_A,1200,1028,1163,True,707.21,210.2,21,2325,13.935763487461948,36.891877979080114,13.935763487461983
T2_B3_N16_A_s1200_n7,T2_B3_N16_A,1200,623,931,True,331.8,358.3,16,2159,8.461017399509911,17.01815881495986,8.46101739951002
T2_B3_N16_A_s400_n0,T2_B3_N16_A,400,310,-262,False,474.91,62.6,6,213,59.96871837792786,48.95377704612997,59.96871837792782
T2_B3_N16_A_s400_n1,T2_B3_N16_A,400,285,1281,False,1084.34,24.2,10,291,144.2737525346191,282.2988037778261,144.2737525346191
T2_B3_N16_A_s400_n2,T2_B3_N16_A,400,-288,-93,False,569.2,49.3,7,230,102.55633591580651,63.3167618659127,102.55633591580651
T2_B3_N16_A_s400_n3,T2_B3_N16_A,400,466,-314,False,578.75,48.1,6,196,41.17251748151372,94.53222719051772,41.17251748151368
T2_B3_N16_A_s400_n4,T2_B3_N16_A,400,-509,-937,False,1339.94,16.1,6,163,573.0064185893057,627.2888626639312,573.0064185893057
T2_B3_N16_A_s400_n5,T2_B3_N16_A,400,1354,451,False,1180.98,21.9,10,372,452.0297798711746,421.6537755552568,452.0297798711746
T2_B3_N16_A_s400_n6,T2_B3_N16_A,400,32,264,True,179.78,209.0,4,287,44.99716772940209,30.218514159980725,44.99716772940209
T2_B3_N16_A_s600_n0,T2_B3_N16_A,600,-381,-356,False,945.57,46.4,16,715,162.65017770087383,268.3097851966385,162.65017770087383
T2_B3_N16_A_s600_n1,T2_B3_N16_A,600,-179,-350,False,807.43,53.3,15,516,153.160943780852,133.1660116991952,153.160943780852
T2_B3_N16_A_s600_n2,T2_B3_N16_A,600,524,744,False,497.3,90.7,10,463,906.4190572520944,56.19894001924664,56.19894001924664
T2_B3_N16_A_s600_n3,T2_B3_N16_A,600,192,-1054,False,1358.3,29.8,8,483,86.20602027839713,261.12672512824435,86.20602027839713
T2_B3_N16_A_s600_n4,T2_B3_N16_A,600,192,-376,False,684.57,68.7,9,509,58.62938353490012,69.67312617138414,58.62938353490012
T2_B3_N16_A_s600_n5,T2_B3_N16_A,600,-341,674,False,742.13,55.1,15,703,971.0578946205692,72.26911966775332,971.0578946205692
T2_B3_N16_A_s600_n6,T2_B3_N16_A,600,200,1313,False,1017.92,39.8,13,542,109.21163583915104,180.28315316745264,109.21163583915104
T2_B3_N16_A_s800_n0,T2_B3_N16_A,800,428,289,True,114.48,357.9,7,1010,8.461017399654633,25.307710470205,8.461017399654633
T2_B3_N16_A_s800_n1,T2_B3_N16_A,800,287,-402,False,809.92,85.8,18,1221,31.83718510872325,9.741349677068076,31.83718510872321
T2_B3_N16_A_s800_n2,T2_B3_N16_A,800,-628,689,False,1067.85,55.2,15,1154,102.14422042111951,115.49311744758408,102.14422042111951
T2_B3_N16_A_s800_n3,T2_B3_N16_A,800,-502,-434,False,1228.48,45.1,13,829,299.5003159033893,97.60336327553068,299.5003159033893
T2_B3_N16_A_s800_n4,T2_B3_N16_A,800,10,-256,False,763.17,71.7,19,1015,93.56425878425496,85.39036308839418,85.39036308839417
T2_B3_N16_A_s800_n5,T2_B3_N16_A,800,-507,-619,False,1364.19,35.0,12,585,428.7962207842564,255.57294029167028,428.7962207842564
T2_B3_N16_A_s800_n7,T2_B3_N16_A,800,562,-50,False,478.27,151.2,11,863,18.42777439883628,26.63153828791346,18.42777439883628
T2_B3_N16_B_s1000_n0,T2_B3_N16_B,1000,-399,352,False,911.1,92.7,16,1616,72.44691244266441,41.58420988069077,72.44691244266441
T2_B3_N16_B_s1000_n1,T2_B3_N16_B,1000,490,-512,False,1012.05,85.6,15,939,35.09625593796324,24.83808344378088,35.09625593796324
T2_B3_N16_B_s1000_n2,T2_B3_N16_B,1000,969,289,True,514.28,197.4,15,891,1042.6354155622382,42.63001838732478,1042.6354155622382
T2_B3_N16_B_s1000_n3,T2_B3_N16_B,1000,-307,270,False,839.14,99.9,17,1698,47.91945784243419,28.794500259735905,47.91945784243419
T2_B3_N16_B_s1000_n4,T2_B3_N16_B,1000,-93,367,False,607.73,148.8,19,1385,18.844116940709625,60.47940646541946,18.844116940709625
T2_B3_N16_B_s1000_n5,T2_B3_N16_B,1000,-399,-32,False,1044.62,66.2,16,1367,48.31950345665827,69.88900305790246,48.319503456658325
T2_B3_N16_B_s1000_n6,T2_B3_N16_B,1000,-399,27,False,1015.84,69.3,16,1365,60.989357630023896,66.5932755477111,60.989357630023896
T2_B3_N16_B_s1000_n7,T2_B3_N16_B,1000,336,408,True,188.04,356.4,8,905,43.58334752451607,51.05824635916278,43.58334752451607
T2_B3_N16_B_s1200_n0,T2_B3_N16_B,1200,803,1015,True,461.99,354.9,17,1242,35.05806707586987,33.32158238153304,35.05806707586988
T2_B3_N16_B_s1200_n1,T2_B3_N16_B,1200,1107,1330,False,888.79,104.6,19,1662,31.276064235551512,70.82002819349798,31.276064235551438
T2_B3_N16_B_s1200_n2,T2_B3_N16_B,1200,-199,917,False,859.59,123.2,18,2167,65.21215937750138,91.71300101991189,65.21215937750138
T2_B3_N16_B_s1200_n3,T2_B3_N16_B,1200,-199,-528,False,1382.31,53.9,14,903,47.03748182964397,43.417702405152845,47.03748182964397
T2_B3_N16_B_s1200_n4,T2_B3_N16_B,1200,665,1268,False,671.15,163.8,19,1618,33.473686488996265,28.854866427553528,33.473686488996265
T2_B3_N16_B_s1200_n5,T2_B3_N16_B,1200,-199,1147,False,968.3,89.4,18,1979,58.9614923653342,58.5241673168926,58.96149236533423
T2_B3_N16_B_s1200_n6,T2_B3_N16_B,1200,-176,814,False,804.97,139.7,18,2223,95.39938509008644,98.60313369247991,95.39938509008644
T2_B3_N16_B_s1200_n7,T2_B3_N16_B,1200,1393,325,False,839.33,127.1,18,1795,43.39801413749306,35.36597208891984,43.39801413749306
T2_B3_N16_B_s400_n0,T2_B3_N16_B,400,562,739,False,649.28,42.4,6,117,166.6707592596343,15.57319442424494,166.6707592596343
T2_B3_N16_B_s400_n2,T2_B3_N16_B,400,-191,52,False,418.07,71.3,5,156,113.71997992806143,127.86723915564114,113.71997992806143
T2_B3_N16_B_s400_n3,T2_B3_N16_B,400,1128,-680,False,1278.9,19.8,9,234,1229.9797615598634,319.5541675711698,319.5541675711698
T2_B3_N16_B_s400_n4,T2_B3_N16_B,400,321,595,False,413.12,66.0,4,138,30.70981147595148,28.620395285912448,30.70981147595148
T2_B3_N16_B_s400_n5,T2_B3_N16_B,400,-41,260,False,248.36,131.6,4,179,58.77724498189994,34.470238218143955,58.77724498189994
T2_B3_N16_B_s400_n7,T2_B3_N16_B,400,-30,190,False,230.22,155.8,4,175,64.97953086936987,40.5826096910339,64.97953086936988
T2_B3_N16_B_s600_n0,T2_B3_N16_B,600,1285,1576,False,1611.96,7.6,3,38,772.2229494529212,969.9189240046248,772.2229494529212
T2_B3_N16_B_s600_n1,T2_B3_N16_B,600,-8,563,False,405.01,99.0,7,323,35.28473974852926,47.11119925638879,35.28473974852926
T2_B3_N16_B_s600_n2,T2_B3_N16_B,600,544,-75,False,447.39,101.7,7,330,43.05998910935164,47.68634393383823,43.05998910935164
T2_B3_N16_B_s600_n3,T2_B3_N16_B,600,213,74,True,242.17,232.2,5,312,28.51183098965527,50.99731131459546,28.51183098965527
T2_B3_N16_B_s600_n4,T2_B3_N16_B,600,392,-669,False,973.36,43.6,14,461,67.32212163438231,32.95739268229875,67.32212163438231
T2_B3_N16_B_s600_n5,T2_B3_N16_B,600,333,-326,False,626.87,77.5,7,299,45.38243057020649,39.59631389663267,45.38243057020649
T2_B3_N16_B_s600_n6,T2_B3_N16_B,600,801,327,False,501.73,100.4,6,314,23.58028643906309,41.63367963002472,23.58028643906309
T2_B3_N16_B_s600_n7,T2_B3_N16_B,600,562,207,True,278.02,204.2,5,288,49.24994827008564,47.15257320012304,49.249948270085646
T2_B3_N16_B_s800_n0,T2_B3_N16_B,800,-286,-609,False,1220.11,45.6,13,698,101.75317033949462,76.1026589680416,101.75317033949466
T2_B3_N16_B_s800_n1,T2_B3_N16_B,800,1117,271,False,728.51,95.5,15,663,48.30669716951473,44.673689599146506,48.30669716951473
T2_B3_N16_B_s800_n2,T2_B3_N16_B,800,1089,-1036,False,1592.74,18.9,7,133,571.9983266705319,219.28459760775056,571.9983266705319
T2_B3_N16_B_s800_n3,T2_B3_N16_B,800,-532,-396,False,1225.66,43.8,13,726,60.89626692231942,115.42695080089376,60.89626692231942
T2_B3_N16_B_s800_n4,T2_B3_N16_B,800,720,1159,False,823.7,72.8,17,725,29.955866774932808,54.76895624005431,29.955866774932808
T2_B3_N16_B_s800_n5,T2_B3_N16_B,800,1328,706,False,977.15,62.5,16,984,36.65620649944611,42.64278759881695,36.65620649944611
T2_B3_N16_B_s800_n6,T2_B3_N16_B,800,470,-652,False,1054.33,58.9,14,643,62.48229411464393,22.85759713840037,62.48229411464393
T2_B3_N16_B_s800_n7,T2_B3_N16_B,800,49,73,True,479.72,133.1,10,579,43.68279491068866,53.95937201787771,53.95937201787771
T2_B3_N16_C_s1000_n0,T2_B3_N16_C,1000,1100,-499,False,1165.33,60.5,14,854,51.257620224882245,100.78157748169204,51.257620224882295
T2_B3_N16_C_s1000_n1,T2_B3_N16_C,1000,1044,279,False,587.18,162.9,13,743,7.360250447860111,9.709346050596462,7.360250447860111
T2_B3_N16_C_s1000_n2,T2_B3_N16_C,1000,-60,795,False,632.95,155.9,18,799,17.277984040447553,16.516249016003865,17.277984040447553
T2_B3_N16_C_s1000_n3,T2_B3_N16_C,1000,-219,-142,False,963.91,71.0,16,950,64.11084025038623,95.02562320200776,64.11084025038623
T2_B3_N16_C_s1000_n4,T2_B3_N16_C,1000,688,-532,False,1048.98,77.0,14,824,67.25402881022295,34.650048429087136,67.25402881022295
T2_B3_N16_C_s1000_n5,T2_B3_N16_C,1000,-142,-26,False,829.96,79.7,17,889,28.68943473838036,65.05599071871629,28.689434738380356
T2_B3_N16_C_s1000_n6,T2_B3_N16_C,1000,-417,-962,False,1725.78,25.9,8,200,117.45092952629714,131.60885442119488,117.45092952629714
T2_B3_N16_C_s1000_n7,T2_B3_N16_C,1000,-24,-502,False,1130.74,62.5,14,789,110.79613033851768,164.86981513173708,110.79613033851764
T2_B3_N16_C_s1200_n0,T2_B3_N16_C,1200,-217,68,False,974.94,89.6,16,1304,25.30879674806476,40.99820900388709,25.30879674806477
T2_B3_N16_C_s1200_n1,T2_B3_N16_C,1200,937,1309,False,785.02,138.8,17,1406,6.503627280606655,27.3459329972704,6.503627280606716
T2_B3_N16_C_s1200_n2,T2_B3_N16_C,1200,351,-588,False,1213.81,83.6,14,861,43.02808090755137,44.20942914252803,43.02808090755137
T2_B3_N16_C_s1200_n3,T2_B3_N16_C,1200,735,661,True,148.14,358.7,8,1177,8.992659137162786,6.47811243430372,8.992659137162786
T2_B3_N16_C_s1200_n4,T2_B3_N16_C,1200,177,634,True,424.36,354.1,12,1126,10.917173994734894,11.998786614161046,10.917173994734894
T2_B3_N16_C_s1200_n5,T2_B3_N16_C,1200,854,-413,False,1044.36,97.3,15,1090,28.5273077221268,6.627836032573214,28.527307722126796
T2_B3_N16_C_s1200_n6,T2_B3_N16_C,1200,169,1637,False,1123.0,85.3,15,965,32.02693833803088,42.32693916373884,32.02693833803088
T2_B3_N16_C_s1200_n7,T2_B3_N16_C,1200,1094,-182,False,924.96,100.0,17,1308,14.801066066009634,48.32230231852607,14.801066066009634
T2_B3_N16_C_s400_n0,T2_B3_N16_C,400,830,815,False,880.41,33.2,5,97,248.7729347549912,107.7829849640496,248.7729347549912
T2_B3_N16_C_s400_n1,T2_B3_N16_C,400,-254,-530,False,859.66,33.2,4,72,24.16219973286729,63.5594393238398,24.16219973286729
T2_B3_N16_C_s400_n2,T2_B3_N16_C,400,-151,36,False,387.42,67.8,4,132,22.845477791687813,34.15141748379126,22.845477791687813
T2_B3_N16_C_s400_n3,T2_B3_N16_C,400,-87,-41,False,374.77,67.2,4,135,21.69741128225208,32.16746163567724,21.697411282252084
T2_B3_N16_C_s400_n4,T2_B3_N16_C,400,248,-264,False,466.48,61.3,3,109,40.76511087281688,33.61380874241442,40.76511087281688
T2_B3_N16_C_s400_n5,T2_B3_N16_C,400,-322,-18,False,565.69,46.9,3,88,57.43908685092932,88.62556458940244,57.439086850929264
T2_B3_N16_C_s400_n6,T2_B3_N16_C,400,218,-68,False,268.6,139.0,4,191,17.963907991605108,11.21386496919207,17.963907991605108
T2_B3_N16_C_s400_n7,T2_B3_N16_C,400,299,-142,False,356.04,94.5,3,159,29.59281986735724,13.412685757697668,29.59281986735724
T2_B3_N16_C_s600_n0,T2_B3_N16_C,600,720,-346,False,770.53,52.4,8,201,82.24236192389662,37.70062710410134,82.24236192389662
T2_B3_N16_C_s600_n1,T2_B3_N16_C,600,461,500,True,256.75,353.4,5,375,8.8882064681216,5.274708015687866,8.8882064681216
T2_B3_N16_C_s600_n2,T2_B3_N16_C,600,-50,343,False,352.63,155.6,5,344,13.441180027115117,24.126764087666764,13.441180027115117
T2_B3_N16_C_s600_n3,T2_B3_N16_C,600,155,-179,False,500.47,95.5,6,246,48.93133211656488,43.896066002663765,48.93133211656488
T2_B3_N16_C_s600_n5,T2_B3_N16_C,600,1000,-897,False,1386.65,30.3,9,301,154.8605824397288,343.3469945064664,154.8605824397288
T2_B3_N16_C_s600_n6,T2_B3_N16_C,600,410,1686,False,1390.36,28.9,8,250,57.90674409534129,53.5487994655056,57.9067440953411
T2_B3_N16_C_s600_n7,T2_B3_N16_C,600,83,107,True,290.41,313.2,5,380,8.974906047995383,12.362973208674378,8.974906047995383
T2_B3_N16_C_s800_n0,T2_B3_N16_C,800,-11,-22,False,589.07,86.6,9,418,13.745210394900848,38.91289173272955,13.745210394900848
T2_B3_N16_C_s800_n1,T2_B3_N16_C,800,823,-921,False,1387.07,39.7,11,471,272.6839769754564,138.20241397598122,272.6839769754564
T2_B3_N16_C_s800_n2,T2_B3_N16_C,800,360,-98,False,499.6,142.6,7,449,8.4413856967635,12.521043123760768,8.441385696763444
T2_B3_N16_C_s800_n3,T2_B3_N16_C,800,96,-763,False,1202.08,46.5,12,500,154.67913142387752,165.3727793961467,154.67913142387752
T2_B3_N16_C_s800_n4,T2_B3_N16_C,800,437,727,True,329.09,298.4,6,579,8.65962008776749,14.46972057622324,8.65962008776749
T2_B3_N16_C_s800_n5,T2_B3_N16_C,800,472,1197,False,800.25,84.7,12,476,16.652463630959875,17.950839370756697,16.65246363095994
T2_B3_N16_C_s800_n6,T2_B3_N16_C,800,109,313,True,303.73,352.2,6,591,11.30915048848512,18.47578398584868,11.30915048848512
T2_B3_N16_C_s800_n7,T2_B3_N16_C,800,528,-231,False,643.85,100.6,8,369,7.663995611818144,29.822091088686086,7.663995611818144
T2_B3_N16_D_s1000_n0,T2_B3_N16_D,1000,926,-167,False,791.43,97.0,15,825,49.44545281627306,141.40949099344522,49.44545281627306
T2_B3_N16_D_s1000_n1,T2_B3_N16_D,1000,-46,867,False,657.88,151.3,16,903,248.92011451003444,155.73907430254195,248.92011451003444
T2_B3_N16_D_s1000_n2,T2_B3_N16_D,1000,1284,-820,False,1535.27,31.0,8,192,297.4873911738954,424.1770333882526,297.4873911738956
T2_B3_N16_D_s1000_n3,T2_B3_N16_D,1000,30,803,True,559.2,206.7,14,783,927.2929185811136,124.57907927816962,927.2929185811136
T2_B3_N16_D_s1000_n4,T2_B3_N16_D,1000,-28,-215,False,888.82,76.0,15,888,272.8316437124338,113.17275647819336,113.17275647819336
T2_B3_N16_D_s1000_n5,T2_B3_N16_D,1000,223,914,True,498.12,283.5,11,645,373.17398645171664,128.68777232545264,373.17398645171664
T2_B3_N16_D_s1000_n6,T2_B3_N16_D,1000,-211,859,False,796.49,103.4,15,1111,90.73081776691464,107.2382685938826,90.73081776691464
T2_B3_N16_D_s1000_n7,T2_B3_N16_D,1000,1137,253,False,683.21,137.4,15,617,70.95458796675489,118.43157386109152,70.95458796675489
T2_B3_N16_D_s1200_n0,T2_B3_N16_D,1200,1392,-457,False,1320.8,58.2,12,534,169.09859994643452,239.68285902346832,169.09859994643452
T2_B3_N16_D_s1200_n2,T2_B3_N16_D,1200,913,-215,False,873.04,124.2,15,943,79.36055324030768,295.36063909695105,79.36055324030768
T2_B3_N16_D_s1200_n3,T2_B3_N16_D,1200,1084,1526,False,1044.86,89.4,14,1046,70.2888816665635,84.29964714746255,70.2888816665635
T2_B3_N16_D_s1200_n4,T2_B3_N16_D,1200,471,-976,False,1581.27,58.8,7,318,164.97629817590027,163.52765754429146,164.97629817590027
T2_B3_N16_D_s1200_n5,T2_B3_N16_D,1200,1364,-259,False,1149.6,69.8,14,735,113.82592583495196,225.2287113968348,113.82592583495196
T2_B3_N16_D_s1200_n6,T2_B3_N16_D,1200,1211,260,False,699.23,173.7,16,1088,20.873960302861093,145.67801171394404,20.873960302861093
T2_B3_N16_D_s1200_n7,T2_B3_N16_D,1200,-132,771,False,751.71,148.2,15,1338,82.48250326145619,83.47042099088196,82.48250326145619
T2_B3_N16_D_s400_n0,T2_B3_N16_D,400,-310,-290,False,707.25,36.7,4,74,75.87611704215868,63.35371712770227,75.87611704215874
T2_B3_N16_D_s400_n1,T2_B3_N16_D,400,310,-106,False,325.17,86.4,4,108,67.17855424502326,59.371520647991424,67.17855424502326
T2_B3_N16_D_s400_n2,T2_B3_N16_D,400,267,180,True,69.92,355.5,2,238,11.028877238950876,10.10085786059249,11.028877238950876
T2_B3_N16_D_s400_n3,T2_B3_N16_D,400,-231,393,False,472.24,51.3,3,88,112.76228327625796,398.4847617888967,112.76228327625796
T2_B3_N16_D_s400_n4,T2_B3_N16_D,400,-226,20,False,462.47,59.8,4,100,66.10983125835784,78.93323220360934,66.10983125835784
T2_B3_N16_D_s400_n5,T2_B3_N16_D,400,612,1328,False,1200.89,22.6,9,242,241.7488355967985,295.9128418160741,241.74883559679827
T2_B3_N16_D_s400_n6,T2_B3_N16_D,400,327,-94,False,320.26,98.0,4,131,19.79413987301302,57.05044525431468,19.79413987301302
T2_B3_N16_D_s400_n7,T2_B3_N16_D,400,-924,-498,False,1323.09,11.4,4,64,367.32814527764094,344.2268554605856,367.32814527764094
T2_B3_N16_D_s600_n0,T2_B3_N16_D,600,-173,-241,False,718.62,57.7,11,235,382.2495062761288,56.48800968352373,56.48800968352373
T2_B3_N16_D_s600_n1,T2_B3_N16_D,600,1241,886,False,1108.55,39.6,11,392,228.4089438144349,175.10568988098123,228.4089438144349
T2_B3_N16_D_s600_n2,T2_B3_N16_D,600,-254,-795,False,1227.17,33.7,9,291,312.3314013468925,317.720880257772,312.3314013468925
T2_B3_N16_D_s600_n3,T2_B3_N16_D,600,535,1013,False,750.73,54.1,5,127,61.98750938398165,84.49747427257128,61.98750938398173
T2_B3_N16_D_s600_n4,T2_B3_N16_D,600,716,1200,False,991.49,41.5,12,280,382.0999231254344,216.0825186577672,382.0999231254344
T2_B3_N16_D_s600_n5,T2_B3_N16_D,600,430,229,True,148.12,355.5,4,352,11.028877239270908,15.371142035778476,11.028877239270908
T2_B3_N16_D_s600_n6,T2_B3_N16_D,600,-236,373,False,540.95,91.8,6,197,181.53839072427712,87.00965220802631,181.53839072427712
T2_B3_N16_D_s600_n7,T2_B3_N16_D,600,183,-278,False,589.72,80.1,6,192,16.944729003353007,100.90831533137909,16.944729003353014
T2_B3_N16_D_s800_n0,T2_B3_N16_D,800,-530,-663,False,1412.4,27.5,8,249,123.35942716704942,216.34353355009787,123.35942716704942
T2_B3_N16_D_s800_n1,T2_B3_N16_D,800,1383,1166,False,1246.21,47.4,11,592,205.2266093403309,26.57272882405567,205.2266093403308
T2_B3_N16_D_s800_n2,T2_B3_N16_D,800,379,213,True,188.18,355.5,5,540,12.799585841233762,15.479469670582477,12.799585841233789
T2_B3_N16_D_s800_n3,T2_B3_N16_D,800,-220,194,False,653.33,100.0,15,453,34.55468324006097,40.07273198171033,34.554683240060946
T2_B3_N16_D_s800_n4,T2_B3_N16_D,800,771,-570,False,1038.53,53.1,12,514,356.33426756491207,363.0834157256692,356.3342675649122
T2_B3_N16_D_s800_n5,T2_B3_N16_D,800,1034,-536,False,1130.51,49.6,11,427,225.4236873795612,238.4639148241656,225.4236873795612
T2_B3_N16_D_s800_n6,T2_B3_N16_D,800,416,467,True,68.88,357.6,4,568,17.682523652369646,32.86315174183579,17.682523652369646
T2_B3_N16_D_s800_n7,T2_B3_N16_D,800,502,-26,False,438.04,168.2,8,444,12.874830955663468,34.36345942988566,12.874830955663477
T2_B3_N9_A_s1000_n0,T2_B3_N9_A,1000,315,564,True,195.76,359.2,22,5420,1.581577044860619,93.75473028597897,1.581577044860619
T2_B3_N9_A_s1000_n1,T2_B3_N9_A,1000,343,476,True,158.82,359.2,22,5997,1.581577044853116,89.21025661424224,1.581577044853116
T2_B3_N9_A_s1000_n2,T2_B3_N9_A,1000,632,350,True,199.81,359.1,22,5563,1.5815770447882531,63.9756730199771,1.5815770447882531
T2_B3_N9_A_s1000_n3,T2_B3_N9_A,1000,315,350,True,238.17,359.1,22,5414,1.581577044828273,78.92247579695906,1.581577044828273
T2_B3_N9_A_s1000_n4,T2_B3_N9_A,1000,315,350,True,238.17,359.1,22,5414,1.581577044828273,78.92247579695906,1.581577044828273
T2_B3_N9_A_s1000_n5,T2_B3_N9_A,1000,548,483,True,50.92,359.2,22,6274,1.5815770448307132,75.84731722811611,1.5815770448307132
T2_B3_N9_A_s1000_n6,T2_B3_N9_A,1000,450,564,True,81.22,359.2,22,5566,1.5815770448490216,93.67649166818492,1.5815770448490216
T2_B3_N9_A_s1000_n7,T2_B3_N9_A,1000,477,599,True,101.64,359.2,22,5262,1.5815770448490207,92.88140227523898,1.5815770448490207
T2_B3_N9_A_s1200_n0,T2_B3_N9_A,1200,541,602,True,59.03,359.2,22,8355,1.581577044844855,94.30954694102954,1.581577044844855
T2_B3_N9_A_s1200_n1,T2_B3_N9_A,1200,632,562,True,49.68,359.2,22,7995,1.581577044837763,91.9295760684208,1.581577044837763
T2_B3_N9_A_s1200_n2,T2_B3_N9_A,1200,576,655,True,60.01,359.2,22,9040,1.581577044847735,98.2401901314998,1.581577044847735
T2_B3_N9_A_s1200_n3,T2_B3_N9_A,1200,591,627,True,28.46,359.2,22,8813,1.581577044844901,96.20226437318549,1.581577044844901
T2_B3_N9_A_s1200_n4,T2_B3_N9_A,1200,559,560,True,57.28,359.2,22,8325,1.5815770448404922,91.179511672897,1.5815770448404922
T2_B3_N9_A_s1200_n5,T2_B3_N9_A,1200,515,550,True,98.62,359.2,22,7639,1.581577044842119,91.17780512235416,1.581577044842119
T2_B3_N9_A_s1200_n6,T2_B3_N9_A,1200,515,550,True,98.62,359.2,22,7639,1.581577044842119,91.17780512235416,1.581577044842119
T2_B3_N9_A_s1200_n7,T2_B3_N9_A,1200,612,782,True,182.4,359.2,22,8570,1.581577044848827,101.29629521673736,1.581577044848827
T2_B3_N9_A_s400_n0,T2_B3_N9_A,400,595,-164,False,537.14,48.8,14,878,64.68438967273255,91.08348589757904,64.68438967273258
T2_B3_N9_A_s400_n1,T2_B3_N9_A,400,-244,342,False,466.15,63.3,16,1048,121.03254891847048,155.04821620803943,121.03254891847048
T2_B3_N9_A_s400_n2,T2_B3_N9_A,400,-155,443,False,430.2,65.3,18,671,312.3901049108308,179.0317312491286,312.3901049108308
T2_B3_N9_A_s400_n3,T2_B3_N9_A,400,322,-123,False,345.27,96.1,18,1354,25.08286147682368,20.113446129388464,25.082861476823677
T2_B3_N9_A_s400_n4,T2_B3_N9_A,400,-218,-199,False,577.86,43.0,13,781,58.65193469516417,78.45076616032998,58.65193469516419
T2_B3_N9_A_s400_n5,T2_B3_N9_A,400,93,589,False,403.45,79.0,10,477,28.94463221242049,46.69399078586046,28.94463221242049
T2_B3_N9_A_s400_n6,T2_B3_N9_A,400,-152,257,False,356.59,99.0,15,785,584.9948358454208,76.39456064002039,584.9948358454208
T2_B3_N9_A_s400_n7,T2_B3_N9_A,400,16,-74,False,330.05,86.0,20,1276,18.76770836440728,71.06653753494962,18.767708364407262
T2_B3_N9_A_s600_n0,T2_B3_N9_A,600,483,476,True,253.9,355.0,22,1693,1.301561605751658,68.7963241835793,1.3015616057516175
T2_B3_N9_A_s600_n1,T2_B3_N9_A,600,475,553,True,307.63,352.2,22,1633,1.581577044846021,92.54437424959124,1.581577044846021
T2_B3_N9_A_s600_n2,T2_B3_N9_A,600,572,490,True,331.79,340.3,22,2347,1.5559372080617462,84.25022263413328,1.5559372080617009
T2_B3_N9_A_s600_n3,T2_B3_N9_A,600,162,89,True,252.12,351.9,22,2584,1.581577044849765,60.78608268975066,1.581577044849765
T2_B3_N9_A_s600_n4,T2_B3_N9_A,600,175,196,True,162.61,357.3,22,2011,1.301561605676908,46.14422316677128,1.301561605676908
T2_B3_N9_A_s600_n5,T2_B3_N9_A,600,-85,445,False,411.4,135.4,19,2019,51.12129800776662,115.4508549556967,51.12129800776662
T2_B3_N9_A_s600_n6,T2_B3_N9_A,600,-13,315,False,313.36,173.9,21,2456,14.95541353803344,76.44662384377791,14.95541353803344
T2_B3_N9_A_s600_n7,T2_B3_N9_A,600,-10,206,False,323.94,173.4,22,2535,4.942555892877002,71.03500482598851,4.942555892876996
T2_B3_N9_A_s800_n0,T2_B3_N9_A,800,115,150,True,379.11,356.8,22,3510,1.581577044849645,71.64577649777563,1.581577044849676
T2_B3_N9_A_s800_n1,T2_B3_N9_A,800,155,614,True,325.3,356.9,22,3354,1.5815770448683528,109.84859735179543,1.5815770448683528
T2_B3_N9_A_s800_n2,T2_B3_N9_A,800,165,298,True,256.18,356.9,22,4366,1.5815770449273978,76.24791221115716,1.5815770449273978
T2_B3_N9_A_s800_n3,T2_B3_N9_A,800,541,682,True,315.29,355.0,22,3691,1.5815770448504305,109.63824094548022,1.5815770448504305
T2_B3_N9_A_s800_n4,T2_B3_N9_A,800,435,578,True,181.41,358.8,22,2826,1.5815770448504372,65.24492503082853,1.5815770448504372
T2_B3_N9_A_s800_n5,T2_B3_N9_A,800,115,377,True,285.93,356.8,22,3718,1.5815770449249344,80.76199416810802,1.5815770449249344
T2_B3_N9_A_s800_n6,T2_B3_N9_A,800,378,196,True,205.18,357.3,22,3825,1.581577044510755,51.51776829159858,1.581577044510755
T2_B3_N9_A_s800_n7,T2_B3_N9_A,800,540,476,True,159.3,359.0,22,3800,1.5815770448302575,67.0047475744158,1.5815770448302575
T2_B3_N9_B_s1000_n0,T2_B3_N9_B,1000,657,1009,False,532.66,175.1,19,1761,22.13496644555592,14.958437403192807,22.13496644555592
T2_B3_N9_B_s1000_n1,T2_B3_N9_B,1000,243,356,True,294.59,358.6,19,1895,13.598804219971395,23.435421712313605,13.598804219971392
T2_B3_N9_B_s1000_n2,T2_B3_N9_B,1000,-67,-170,False,877.72,75.0,17,1714,22.884167161289813,36.05069772571261,22.884167161289813
T2_B3_N9_B_s1000_n3,T2_B3_N9_B,1000,321,-170,False,693.5,132.9,18,1870,4.269791042171201,26.935015446987943,4.269791042171221
T2_B3_N9_B_s1000_n4,T2_B3_N9_B,1000,230,-61,False,622.59,156.7,19,2143,12.418328471012616,26.8171534599469,12.418328471012623
T2_B3_N9_B_s1000_n5,T2_B3_N9_B,1000,963,862,True,587.72,220.1,19,1929,29.189407388099816,61.32867081341626,29.189407388099816
T2_B3_N9_B_s1000_n6,T2_B3_N9_B,1000,130,321,True,411.02,354.9,19,2244,21.499625310880823,43.70312079574651,21.499625310880823
T2_B3_N9_B_s1000_n7,T2_B3_N9_B,1000,619,739,True,266.99,358.5,12,1571,29.57528146646494,27.034479443527573,29.57528146646494
T2_B3_N9_B_s1200_n0,T2_B3_N9_B,1200,133,1100,True,684.17,354.9,19,2936,44.35043298485403,114.17798670708622,44.35043298485425
T2_B3_N9_B_s1200_n1,T2_B3_N9_B,1200,708,926,True,343.42,358.6,19,2482,22.95622047703248,33.693691394100895,22.95622047703248
T2_B3_N9_B_s1200_n2,T2_B3_N9_B,1200,298,603,True,302.01,358.9,19,3391,22.98981636338073,49.280009398112455,22.98981636338073
T2_B3_N9_B_s1200_n3,T2_B3_N9_B,1200,133,957,True,587.82,354.9,19,3062,27.87119212773878,99.3246944500942,27.87119212773878
T2_B3_N9_B_s1200_n4,T2_B3_N9_B,1200,329,1087,True,557.32,356.3,19,2978,32.23659368314252,95.78544430675468,32.23659368314252
T2_B3_N9_B_s1200_n5,T2_B3_N9_B,1200,133,279,True,566.68,354.9,19,3261,23.94757239758376,62.72034715002678,23.947572397583752
T2_B3_N9_B_s1200_n6,T2_B3_N9_B,1200,644,73,True,528.83,260.3,19,2828,13.300433445578973,19.89660113026517,13.300433445578973
T2_B3_N9_B_s1200_n7,T2_B3_N9_B,1200,361,776,True,296.81,358.9,19,2768,23.31565460739716,63.37263982529466,23.315654607397157
T2_B3_N9_B_s400_n0,T2_B3_N9_B,400,27,252,True,180.65,206.7,4,371,21.55190654860882,22.782130157534947,21.55190654860882
T2_B3_N9_B_s400_n1,T2_B3_N9_B,400,-247,35,False,476.48,60.6,7,252,35.38929865797216,31.116613132376152,35.38929865797216
T2_B3_N9_B_s400_n2,T2_B3_N9_B,400,347,354,True,212.9,141.5,5,323,31.36126302586244,31.067922826807056,31.36126302586244
T2_B3_N9_B_s400_n3,T2_B3_N9_B,400,674,403,False,515.64,52.7,6,196,44.63524584625834,97.47463612253549,44.63524584625834
T2_B3_N9_B_s400_n4,T2_B3_N9_B,400,-142,160,False,344.33,104.5,6,307,21.780273879998663,32.32594464826209,21.780273879998663
T2_B3_N9_B_s400_n5,T2_B3_N9_B,400,-447,-327,False,834.47,36.3,12,656,192.4026616427296,160.90528407562053,192.4026616427296
T2_B3_N9_B_s400_n6,T2_B3_N9_B,400,218,313,True,114.42,315.3,3,388,13.63153128599432,19.508442129954062,13.63153128599432
T2_B3_N9_B_s400_n7,T2_B3_N9_B,400,-584,351,False,798.41,34.4,12,605,222.7323634397933,264.8642279745381,222.7323634397933
T2_B3_N9_B_s600_n0,T2_B3_N9_B,600,-14,-506,False,865.0,48.6,13,783,31.50826348499436,76.28283013843281,31.50826348499436
T2_B3_N9_B_s600_n1,T2_B3_N9_B,600,-411,-474,False,1051.0,32.5,12,540,236.32078702387875,200.2168376156698,236.32078702387875
T2_B3_N9_B_s600_n2,T2_B3_N9_B,600,-467,-302,False,975.03,39.4,12,757,162.89355787694436,192.1356334064474,162.89355787694436
T2_B3_N9_B_s600_n3,T2_B3_N9_B,600,201,-551,False,856.74,51.0,13,711,74.66020230814523,92.00582538885648,74.66020230814523
T2_B3_N9_B_s600_n4,T2_B3_N9_B,600,635,-178,False,583.7,70.2,17,624,195.6282972105862,15.343918607238148,195.6282972105862
T2_B3_N9_B_s600_n5,T2_B3_N9_B,600,396,824,False,532.72,100.7,9,421,33.237514816609306,53.84127682441501,33.23751481660929
T2_B3_N9_B_s600_n6,T2_B3_N9_B,600,424,-459,False,769.06,60.1,14,810,21.95285670451452,64.6339518980877,21.95285670451452
T2_B3_N9_B_s600_n7,T2_B3_N9_B,600,504,317,True,204.71,312.0,6,751,21.750656470086223,26.873028153589072,21.75065647008628
T2_B3_N9_B_s800_n0,T2_B3_N9_B,800,656,409,True,256.16,355.9,9,1144,21.76726238116234,35.039615833075175,21.76726238116234
T2_B3_N9_B_s800_n1,T2_B3_N9_B,800,-51,550,False,475.29,157.7,19,1219,37.249959127595794,90.544152482109,37.249959127595794
T2_B3_N9_B_s800_n2,T2_B3_N9_B,800,647,408,True,247.13,355.9,9,1152,21.78595142153824,34.56833441065751,21.78595142153824
T2_B3_N9_B_s800_n3,T2_B3_N9_B,800,153,-241,False,686.94,94.6,17,1370,14.427139841396157,29.423742559016056,14.427139841396183
T2_B3_N9_B_s800_n4,T2_B3_N9_B,800,-31,62,False,547.73,120.5,19,1491,12.874321558293538,17.13276708976311,12.874321558293538
T2_B3_N9_B_s800_n5,T2_B3_N9_B,800,994,912,False,784.21,70.4,17,1407,21.00643094497232,77.28952811587817,21.00643094497232
T2_B3_N9_B_s800_n6,T2_B3_N9_B,800,941,-36,False,694.82,76.9,18,1505,96.4210664373001,256.8906677400363,96.4210664373001
T2_B3_N9_B_s800_n7,T2_B3_N9_B,800,-15,27,False,557.99,102.7,19,1473,12.631258752176002,23.598214994752954,23.598214994752954
T2_B3_N9_C_s1000_n0,T2_B3_N9_C,1000,234,785,True,389.85,358.0,16,1471,97.1504750709574,56.354838824683846,97.1504750709574
T2_B3_N9_C_s1000_n1,T2_B3_N9_C,1000,675,-144,False,667.35,139.9,17,1444,21.92132103646109,20.844807424795853,21.92132103646109
T2_B3_N9_C_s1000_n2,T2_B3_N9_C,1000,-5,179,False,598.39,177.6,18,1935,6.079438645594062,85.89448868119901,6.079438645594063
T2_B3_N9_C_s1000_n3,T2_B3_N9_C,1000,830,577,True,338.86,356.7,16,1531,5.9204989055856,16.86057545516323,5.9204989055856
T2_B3_N9_C_s1000_n4,T2_B3_N9_C,1000,-208,-411,False,1153.77,52.5,13,739,51.57126028307372,81.05891619675012,51.57126028307372
T2_B3_N9_C_s1000_n5,T2_B3_N9_C,1000,-208,-294,False,1063.81,59.4,14,936,112.68164769257032,112.45245402403503,112.68164769257032
T2_B3_N9_C_s1000_n6,T2_B3_N9_C,1000,1200,840,False,778.2,101.5,16,1375,25.373630807387936,173.42658136109816,25.373630807387936
T2_B3_N9_C_s1000_n7,T2_B3_N9_C,1000,779,-355,False,899.37,94.1,15,1139,55.946082633961055,72.01314606982197,55.946082633961055
T2_B3_N9_C_s1200_n0,T2_B3_N9_C,1200,695,707,True,143.09,358.7,12,1927,5.475749202172501,29.59359035867089,5.475749202172501
T2_B3_N9_C_s1200_n1,T2_B3_N9_C,1200,596,80,True,520.02,352.4,18,2228,7.095921664943473,19.11461623784373,7.095921664943473
T2_B3_N9_C_s1200_n2,T2_B3_N9_C,1200,207,677,True,400.47,358.3,18,2692,5.475749202206547,43.878079564510855,5.475749202206547
T2_B3_N9_C_s1200_n3,T2_B3_N9_C,1200,-8,-211,False,1013.6,76.7,16,1304,26.15103444294735,51.32620447341518,26.151034442947363
T2_B3_N9_C_s1200_n4,T2_B3_N9_C,1200,756,309,True,330.18,358.7,18,2437,5.475749202004189,9.651802656631252,5.475749202004189
T2_B3_N9_C_s1200_n5,T2_B3_N9_C,1200,848,1102,True,559.92,355.1,18,2190,5.741615320605859,104.1935866387632,5.741615320606071
T2_B3_N9_C_s1200_n6,T2_B3_N9_C,1200,-8,-211,False,1013.6,76.7,16,1304,26.15103444294735,51.32620447341518,26.151034442947363
T2_B3_N9_C_s1200_n7,T2_B3_N9_C,1200,894,215,True,484.42,358.3,18,2491,5.375414673776644,19.10965877481705,5.375414673776673
T2_B3_N9_C_s400_n0,T2_B3_N9_C,400,1008,611,False,906.52,31.5,11,384,188.82107583858863,143.63580336987573,188.82107583858863
T2_B3_N9_C_s400_n1,T2_B3_N9_C,400,518,328,False,342.79,89.6,5,253,7.205837293671723,4.211756510360979,7.205837293671723
T2_B3_N9_C_s400_n2,T2_B3_N9_C,400,12,-87,False,343.09,79.8,5,228,8.406070328063716,3.785731294506752,8.406070328063716
T2_B3_N9_C_s400_n3,T2_B3_N9_C,400,180,285,True,87.32,355.7,3,399,5.475749201792579,4.670505245914449,5.475749201792573
T2_B3_N9_C_s400_n4,T2_B3_N9_C,400,-189,1173,False,1047.88,27.4,10,326,197.89632451539384,170.3218854889245,197.89632451539384
T2_B3_N9_C_s400_n5,T2_B3_N9_C,400,543,722,False,624.61,45.5,6,152,165.65011460934252,236.05254649117904,165.65011460934252
T2_B3_N9_C_s400_n7,T2_B3_N9_C,400,-253,158,False,454.94,66.7,4,178,26.98894064736192,33.41127978621552,26.988940647361908
T2_B3_N9_C_s600_n0,T2_B3_N9_C,600,11,-235,False,608.07,67.5,15,571,13.722705588779222,16.985864465299628,13.722705588779222
T2_B3_N9_C_s600_n1,T2_B3_N9_C,600,-442,439,False,754.91,56.4,14,741,297.85631931838464,243.55439712969337,297.85631931838464
T2_B3_N9_C_s600_n2,T2_B3_N9_C,600,406,-450,False,757.45,63.2,13,631,36.01811269148311,78.97084923644901,36.01811269148311
T2_B3_N9_C_s600_n3,T2_B3_N9_C,600,100,-174,False,514.47,93.0,11,468,13.184098688007154,12.49417929134595,12.494179291345953
T2_B3_N9_C_s600_n4,T2_B3_N9_C,600,347,-388,False,689.6,68.2,14,650,8.90415061537814,68.00873054541135,8.90415061537814
T2_B3_N9_C_s600_n5,T2_B3_N9_C,600,-170,-535,False,958.19,44.1,12,523,271.37362658578047,468.2750743839836,271.37362658578047
T2_B3_N9_C_s600_n6,T2_B3_N9_C,600,275,932,False,632.49,79.4,7,325,30.768534603200862,63.46753494025085,30.768534603200862
T2_B3_N9_C_s600_n7,T2_B3_N9_C,600,-8,438,False,337.5,174.0,7,524,6.348025501107186,35.2179536867994,6.348025501107186
T2_B3_N9_C_s800_n0,T2_B3_N9_C,800,-212,1207,False,1012.81,54.8,13,963,250.93562663236852,300.77346598379467,250.93562663236847
T2_B3_N9_C_s800_n1,T2_B3_N9_C,800,-408,-539,False,1238.78,30.4,10,349,154.80400824038267,129.16544821107058,154.80400824038267
T2_B3_N9_C_s800_n2,T2_B3_N9_C,800,70,-611,False,1063.49,54.7,11,619,189.66823450529463,289.8993367323057,189.66823450529463
T2_B3_N9_C_s800_n3,T2_B3_N9_C,800,769,-280,False,773.67,73.2,15,1000,59.23663520105068,110.50177936724538,59.23663520105068
T2_B3_N9_C_s800_n4,T2_B3_N9_C,800,183,1030,False,666.32,97.2,16,769,96.92287663111864,114.28943416236922,96.92287663111856
T2_B3_N9_C_s800_n5,T2_B3_N9_C,800,205,-150,False,583.55,121.6,16,1100,19.07014432272173,33.481849865700845,19.07014432272173
T2_B3_N9_C_s800_n6,T2_B3_N9_C,800,-408,-139,False,971.28,55.0,14,894,230.76370650700505,254.6569348741162,230.76370650700508
T2_B3_N9_C_s800_n7,T2_B3_N9_C,800,539,-611,False,1020.51,62.6,11,701,76.96856830440711,52.38088539735619,76.96856830440711
T2_B3_N9_D_s1000_n0,T2_B3_N9_D,1000,757,1057,False,613.43,157.4,16,1288,198.41172228160173,173.1336704983214,198.41172228160173
T2_B3_N9_D_s1000_n1,T2_B3_N9_D,1000,157,-978,False,1517.28,41.3,7,350,556.4787771056834,1435.9590216005956,556.4787771056834
T2_B3_N9_D_s1000_n2,T2_B3_N9_D,1000,616,-337,False,845.0,107.2,15,1631,346.4155354643116,238.24581026118125,346.4155354643116
T2_B3_N9_D_s1000_n3,T2_B3_N9_D,1000,-404,-593,False,1418.4,38.3,10,523,531.0760881709988,519.9280918090834,531.0760881709988
T2_B3_N9_D_s1000_n4,T2_B3_N9_D,1000,1141,1257,False,991.93,70.3,14,1325,271.167268693166,132.59939990900995,271.1672686931661
T2_B3_N9_D_s1000_n5,T2_B3_N9_D,1000,1253,808,False,813.56,89.9,15,1461,243.14354004954964,294.8427936813671,243.14354004954956
T2_B3_N9_D_s1000_n6,T2_B3_N9_D,1000,1101,1145,False,881.6,77.2,15,1415,329.83069243685514,27.493645472949385,329.83069243685526
T2_B3_N9_D_s1000_n7,T2_B3_N9_D,1000,-290,1387,False,1187.8,56.0,14,905,363.4596423908628,272.1438896906852,363.459642390863
T2_B3_N9_D_s1200_n0,T2_B3_N9_D,1200,345,784,True,314.45,353.1,16,1688,23.129790359348547,21.505405035152457,23.129790359348547
T2_B3_N9_D_s1200_n1,T2_B3_N9_D,1200,929,712,True,347.54,353.6,15,1611,78.72422490915578,80.8624187590723,78.72422490915578
T2_B3_N9_D_s1200_n2,T2_B3_N9_D,1200,1343,-399,False,1245.01,60.1,13,1127,198.90132408089363,236.756940669778,198.90132408089363
T2_B3_N9_D_s1200_n3,T2_B3_N9_D,1200,841,1551,False,981.06,106.7,15,1642,344.6832724175704,329.1726995265368,344.6832724175704
T2_B3_N9_D_s1200_n4,T2_B3_N9_D,1200,477,-237,False,845.99,126.7,15,1961,153.41341437259297,123.51693740717376,153.41341437259297
T2_B3_N9_D_s1200_n5,T2_B3_N9_D,1200,1284,328,False,736.1,152.7,16,1910,14.726184072924244,80.68151980498361,14.726184072924244
T2_B3_N9_D_s1200_n6,T2_B3_N9_D,1200,44,1279,False,877.6,104.4,16,2038,6.45238946925126,265.40194324290644,6.45238946925126
T2_B3_N9_D_s1200_n7,T2_B3_N9_D,1200,459,-833,False,1439.92,69.5,10,1009,180.6662540868759,93.71403025264806,180.6662540868759
T2_B3_N9_D_s400_n0,T2_B3_N9_D,400,-54,86,False,278.41,107.1,4,170,4.7554897094156425,361.2717834610892,361.2717834610892
T2_B3_N9_D_s400_n2,T2_B3_N9_D,400,-102,167,False,303.8,93.2,3,153,309.8591000324005,428.2796230064715,309.8591000324004
T2_B3_N9_D_s400_n3,T2_B3_N9_D,400,-262,-735,False,1042.91,26.1,10,326,459.850769651967,826.9662192756791,459.850769651967
T2_B3_N9_D_s400_n4,T2_B3_N9_D,400,6,-393,False,623.93,40.6,6,228,853.585880166653,466.17585350215,853.5858801666533
T2_B3_N9_D_s400_n6,T2_B3_N9_D,400,-213,140,False,417.34,64.2,3,141,791.5157620409587,460.6518864839634,791.5157620409587
T2_B3_N9_D_s400_n7,T2_B3_N9_D,400,832,2,False,662.29,40.8,6,208,428.2094740578169,543.8850545350132,428.2094740578169
T2_B3_N9_D_s600_n0,T2_B3_N9_D,600,1287,-501,False,1271.13,20.6,8,197,531.6651215246532,555.5017723483304,531.6651215246533
T2_B3_N9_D_s600_n1,T2_B3_N9_D,600,593,-667,False,1010.41,40.3,12,741,331.6007494942284,247.93889936010984,331.6007494942284
T2_B3_N9_D_s600_n2,T2_B3_N9_D,600,558,1692,False,1415.71,23.7,6,181,586.7979352235584,639.7920439124636,586.7979352235584
T2_B3_N9_D_s600_n3,T2_B3_N9_D,600,-500,208,False,805.27,53.5,11,889,336.9010194462436,455.9786166898574,336.9010194462436
T2_B3_N9_D_s600_n4,T2_B3_N9_D,600,359,1508,False,1209.44,34.7,9,399,536.6940662980036,523.3809076834743,536.6940662980037
T2_B3_N9_D_s600_n6,T2_B3_N9_D,600,-384,-409,False,985.16,45.6,12,764,467.9267402332095,381.53604906562623,381.53604906562623
T2_B3_N9_D_s600_n7,T2_B3_N9_D,600,579,480,True,332.03,200.5,5,320,7.2504060010480975,270.9625604157692,7.2504060010480975
T2_B3_N9_D_s800_n0,T2_B3_N9_D,800,-55,175,False,507.59,131.0,11,860,36.68166956717218,91.97212675928692,91.97212675928688
T2_B3_N9_D_s800_n1,T2_B3_N9_D,800,-421,-283,False,1067.96,53.3,12,1151,80.47983520692382,198.3219153379121,80.47983520692381
T2_B3_N9_D_s800_n2,T2_B3_N9_D,800,228,454,True,180.28,353.1,5,592,5.582918414781872,41.35898202014723,5.582918414781872
T2_B3_N9_D_s800_n3,T2_B3_N9_D,800,-280,455,False,682.22,101.0,13,1303,56.88793456499019,196.45827688875832,56.88793456499016
T2_B3_N9_D_s800_n4,T2_B3_N9_D,800,-267,-715,False,1299.27,37.0,10,461,564.4150542845871,600.5572192869266,564.4150542845871
T2_B3_N9_D_s800_n5,T2_B3_N9_D,800,-20,-972,False,1434.85,31.4,6,237,650.974188248095,1932.1033657323355,1932.1033657323355
T2_B3_N9_D_s800_n6,T2_B3_N9_D,800,307,717,True,330.36,297.3,8,629,334.8438938505575,145.56455801066994,334.8438938505575
T2_B3_N9_D_s800_n7,T2_B3_N9_D,800,-435,-427,False,1175.23,46.0,12,873,640.1396212740412,201.70388049916744,201.70388049916747
T4_B1_N18_A_s1000_n0,T4_B1_N18_A,1000,1077,-602,False,1243.92,56.9,15,1220,108.96657233568858,114.93801928399306,108.96657233568858
T4_B1_N18_A_s1000_n1,T4_B1_N18_A,1000,-346,-350,False,1199.26,57.2,16,1521,84.75154681471885,115.4820722662395,84.75154681471885
T4_B1_N18_A_s1000_n2,T4_B1_N18_A,1000,-109,-570,False,1231.17,56.0,15,1544,130.07458741657285,125.25898155424726,130.07458741657285
T4_B1_N18_A_s1000_n3,T4_B1_N18_A,1000,187,833,True,457.01,352.4,15,1145,2.656697690094504,19.020420436857258,2.656697690094504
T4_B1_N18_A_s1000_n4,T4_B1_N18_A,1000,1133,-831,False,1473.86,43.8,13,871,112.42525807880672,127.48795849599414,112.42525807880672
T4_B1_N18_A_s1000_n5,T4_B1_N18_A,1000,-346,-564,False,1359.34,45.5,13,1173,174.015612278139,188.3533939179013,174.015612278139
T4_B1_N18_A_s1000_n6,T4_B1_N18_A,1000,724,-673,False,1194.2,65.2,15,1439,244.6299106668378,321.0809818648039,244.62991066683773
T4_B1_N18_A_s1000_n7,T4_B1_N18_A,1000,1509,582,False,1012.33,83.7,17,1545,393.1901143966693,484.8175148372793,393.1901143966696
T4_B1_N18_A_s1200_n0,T4_B1_N18_A,1200,1032,-649,False,1321.6,70.9,15,1498,182.36650547530144,202.525156874528,182.36650547530147
T4_B1_N18_A_s1200_n1,T4_B1_N18_A,1200,-146,43,False,931.0,95.9,20,2433,14.345841901780624,197.0009184723294,14.345841901780624
T4_B1_N18_A_s1200_n2,T4_B1_N18_A,1200,120,895,True,563.4,352.2,22,1880,2.6566976900914394,22.795313441903257,2.65669769009144
T4_B1_N18_A_s1200_n3,T4_B1_N18_A,1200,-146,-204,False,1096.78,73.9,19,2222,42.87975284075875,211.997407536436,42.87975284075875
T4_B1_N18_A_s1200_n4,T4_B1_N18_A,1200,1435,-41,False,1052.67,77.3,19,1997,62.90551420744161,211.13631585961045,62.90551420744161
T4_B1_N18_A_s1200_n5,T4_B1_N18_A,1200,1013,856,True,485.91,357.2,22,1522,2.656697690073629,24.486346293372133,2.656697690073635
T4_B1_N18_A_s1200_n6,T4_B1_N18_A,1200,865,-135,False,781.31,138.9,20,2214,85.86837377717083,151.77644244479094,85.86837377717083
T4_B1_N18_A_s1200_n7,T4_B1_N18_A,1200,164,-265,False,968.67,97.0,18,2362,117.80190825261344,130.2675437850482,117.80190825261344
T4_B1_N18_A_s400_n1,T4_B1_N18_A,400,-76,-1065,False,1294.76,20.4,10,516,1078.6823519716445,454.1264387038626,454.1264387038626
T4_B1_N18_A_s400_n2,T4_B1_N18_A,400,106,-827,False,1031.29,24.2,9,228,908.7589666563904,274.9043233766015,908.7589666563904
T4_B1_N18_A_s400_n3,T4_B1_N18_A,400,133,1465,False,1266.77,20.2,10,452,389.4057628853772,404.05573174265,389.4057628853772
T4_B1_N18_A_s400_n4,T4_B1_N18_A,400,1038,-222,False,938.26,27.3,8,151,1203.125993319305,189.816008625862,1203.125993319305
T4_B1_N18_A_s400_n5,T4_B1_N18_A,400,1381,-57,False,1208.64,21.0,11,529,174.5732162499811,387.6930646003164,387.6930646003164
T4_B1_N18_A_s400_n6,T4_B1_N18_A,400,20,-317,False,547.44,50.8,5,143,58.41130541615704,67.56172380376749,58.41130541615704
T4_B1_N18_A_s400_n7,T4_B1_N18_A,400,-348,257,False,550.96,53.2,5,158,74.3657206813004,78.97269189484892,74.3657206813004
T4_B1_N18_A_s600_n0,T4_B1_N18_A,600,-344,306,False,644.03,76.4,8,332,66.68611725138355,42.07842044208756,66.68611725138355
T4_B1_N18_A_s600_n1,T4_B1_N18_A,600,-492,461,False,808.2,54.4,11,353,140.09632895841233,73.59008162936878,140.09632895841233
T4_B1_N18_A_s600_n2,T4_B1_N18_A,600,141,598,True,337.76,176.8,9,464,2.743344045361709,12.781599214199677,2.743344045361709
T4_B1_N18_A_s600_n3,T4_B1_N18_A,600,-434,573,False,783.13,54.4,11,340,173.12458552763687,97.4458942126927,173.12458552763687
T4_B1_N18_A_s600_n4,T4_B1_N18_A,600,574,-871,False,1202.63,33.0,12,777,540.2920223924478,541.0504266130894,540.2920223924478
T4_B1_N18_A_s600_n5,T4_B1_N18_A,600,292,463,True,163.2,352.4,6,541,2.656697690018759,4.99652590499815,2.656697690018759
T4_B1_N18_A_s600_n6,T4_B1_N18_A,600,399,428,True,161.82,352.8,6,521,2.6566976899792865,12.409055374900412,2.6566976899792865
T4_B1_N18_A_s600_n7,T4_B1_N18_A,600,493,232,True,204.63,354.0,6,490,2.65669768971594,11.39729604938706,2.65669768971594
T4_B1_N18_A_s800_n0,T4_B1_N18_A,800,1163,38,False,844.52,66.6,18,810,292.6455059079447,176.4004361316895,292.6455059079447
T4_B1_N18_A_s800_n1,T4_B1_N18_A,800,757,707,True,470.85,342.0,11,653,2.6566976900648203,27.671113968681915,2.6566976900648203
T4_B1_N18_A_s800_n2,T4_B1_N18_A,800,288,140,True,283.1,352.3,9,805,2.6566976900914505,21.34419969277296,2.6566976900914505
T4_B1_N18_A_s800_n3,T4_B1_N18_A,800,200,-524,False,945.4,66.6,16,1365,120.99715569676756,146.01921070833416,120.99715569676754
T4_B1_N18_A_s800_n4,T4_B1_N18_A,800,476,-403,False,806.59,81.8,13,610,148.6247923550725,144.99821458773954,148.62479235507251
T4_B1_N18_A_s800_n5,T4_B1_N18_A,800,497,-377,False,783.03,88.3,12,575,151.84204054122836,132.99006994095228,151.84204054122836
T4_B1_N18_A_s800_n6,T4_B1_N18_A,800,616,703,True,372.11,352.4,10,735,2.656697690067023,21.055769667809287,2.656697690067023
T4_B1_N18_A_s800_n7,T4_B1_N18_A,800,674,430,True,275.64,354.0,9,752,2.6566976900048704,11.00440813934502,2.656697690004814
T4_B1_N18_B_s1000_n0,T4_B1_N18_B,1000,1426,1148,False,1130.21,62.2,16,1677,48.626212416757376,66.63055776543675,48.626212416757376
T4_B1_N18_B_s1000_n1,T4_B1_N18_B,1000,1122,-230,False,959.05,71.8,18,1984,102.72573994057782,124.63441208538516,102.72573994057782
T4_B1_N18_B_s1000_n2,T4_B1_N18_B,1000,17,1669,False,1264.85,55.7,14,1093,132.45048750513064,194.10035310997452,132.45048750513064
T4_B1_N18_B_s1000_n3,T4_B1_N18_B,1000,259,784,True,372.47,357.7,12,1064,6.813373785464793,7.774825676493839,6.813373785464793
T4_B1_N18_B_s1000_n4,T4_B1_N18_B,1000,723,1811,False,1329.83,59.6,12,1019,218.7425502459752,216.67041785114543,218.74255024597517
T4_B1_N18_B_s1000_n5,T4_B1_N18_B,1000,254,972,True,532.26,285.5,19,1082,6.81846858925968,16.887965354626697,6.818468589259623
T4_B1_N18_B_s1000_n6,T4_B1_N18_B,1000,-422,619,False,929.65,90.0,16,1607,189.95502001790555,179.30873039049015,189.95502001790555
T4_B1_N18_B_s1000_n7,T4_B1_N18_B,1000,271,1218,False,753.63,110.9,18,1328,19.96291486054752,46.65508733136111,19.96291486054757
T4_B1_N18_B_s1200_n0,T4_B1_N18_B,1200,864,1580,False,1014.94,102.8,17,1600,157.31311196781675,109.25831178840184,157.31311196781675
T4_B1_N18_B_s1200_n1,T4_B1_N18_B,1200,-212,800,False,836.27,131.1,18,2164,15.486321656440309,25.02588200098712,15.486321656440309
T4_B1_N18_B_s1200_n2,T4_B1_N18_B,1200,941,1158,True,653.95,345.3,20,1759,6.813373785469448,26.139328939783766,6.813373785469351
T4_B1_N18_B_s1200_n3,T4_B1_N18_B,1200,447,1035,True,461.12,357.7,20,1636,6.813373785468808,21.881679553411725,6.813373785468808
T4_B1_N18_B_s1200_n4,T4_B1_N18_B,1200,-214,1023,False,917.35,114.7,18,2067,10.407408865343683,179.02863311848336,10.407408865343683
T4_B1_N18_B_s1200_n5,T4_B1_N18_B,1200,840,1425,False,859.2,127.2,18,1749,39.98657536225846,76.81343672071355,39.98657536225846
T4_B1_N18_B_s1200_n6,T4_B1_N18_B,1200,-86,864,False,735.05,155.0,19,2296,5.068545612714334,22.640422365397168,5.068545612714334
T4_B1_N18_B_s1200_n7,T4_B1_N18_B,1200,-222,886,False,870.33,127.8,18,2112,8.61170293343401,48.62449158927439,8.61170293343401
T4_B1_N18_B_s400_n0,T4_B1_N18_B,400,701,1406,False,1305.92,20.8,8,402,54.65940789442247,109.34573079096954,109.34573079096954
T4_B1_N18_B_s400_n2,T4_B1_N18_B,400,-39,-335,False,585.96,43.1,5,124,237.05642196683013,52.47452741444508,237.05642196683013
T4_B1_N18_B_s400_n3,T4_B1_N18_B,400,-337,-317,False,745.42,36.8,7,147,382.1780569521992,197.81715084836264,197.81715084836264
T4_B1_N18_B_s400_n4,T4_B1_N18_B,400,797,490,False,663.71,40.7,5,113,80.42397697611209,51.72238443474374,80.42397697611209
T4_B1_N18_B_s400_n5,T4_B1_N18_B,400,372,-166,False,404.4,66.7,3,114,39.60438652190596,21.749731067644625,39.60438652190596
T4_B1_N18_B_s400_n6,T4_B1_N18_B,400,968,-560,False,1080.47,27.6,12,520,284.11993828341133,337.3003313710641,284.11993828341133
T4_B1_N18_B_s400_n7,T4_B1_N18_B,400,-27,-227,False,483.59,57.6,5,142,28.474130152395897,31.692338060769508,28.474130152395897
T4_B1_N18_B_s600_n0,T4_B1_N18_B,600,-81,289,False,381.16,144.4,6,397,11.087020970055306,23.575802440767287,11.087020970055306
T4_B1_N18_B_s600_n2,T4_B1_N18_B,600,483,447,True,234.73,347.1,5,478,6.813373785445546,19.499952484085984,6.813373785445546
T4_B1_N18_B_s600_n3,T4_B1_N18_B,600,-370,-315,False,909.46,48.7,15,1084,35.47239495465745,160.92267066957874,35.47239495465745
T4_B1_N18_B_s600_n4,T4_B1_N18_B,600,-215,198,False,525.0,94.5,7,354,69.69206382539028,80.27737936528858,69.69206382539028
T4_B1_N18_B_s600_n5,T4_B1_N18_B,600,174,-293,False,606.24,77.2,8,276,68.91600335658696,58.05681427456147,58.05681427456147
T4_B1_N18_B_s600_n6,T4_B1_N18_B,600,-345,203,False,652.25,74.1,8,353,29.96030398843317,45.56301372999315,29.96030398843317
T4_B1_N18_B_s600_n7,T4_B1_N18_B,600,248,-421,False,722.87,62.0,9,321,95.84540310311604,103.71296179644484,95.84540310311604
T4_B1_N18_B_s800_n0,T4_B1_N18_B,800,-347,161,False,784.3,81.7,17,1291,42.60252844363666,88.28580088118007,42.60252844363666
T4_B1_N18_B_s800_n1,T4_B1_N18_B,800,1288,-759,False,1460.08,25.9,11,594,470.2687306907545,503.73521523018087,470.2687306907545
T4_B1_N18_B_s800_n2,T4_B1_N18_B,800,-349,768,False,834.52,66.5,17,1241,27.50183776578737,215.39668535259727,27.50183776578737
T4_B1_N18_B_s800_n3,T4_B1_N18_B,800,714,-566,False,1015.75,57.9,15,1191,208.15270162705303,156.86954424571587,208.15270162705303
T4_B1_N18_B_s800_n4,T4_B1_N18_B,800,480,146,True,266.3,358.0,7,735,6.813373785793829,23.52776666404242,6.8133737857938765
T4_B1_N18_B_s800_n5,T4_B1_N18_B,800,-430,540,False,841.72,75.7,16,1262,194.5827992649307,201.57480514184417,194.58279926493069
T4_B1_N18_B_s800_n6,T4_B1_N18_B,800,-345,-446,False,1127.27,49.1,15,1364,159.9144996407322,382.6979182199021,159.9144996407322
T4_B1_N18_B_s800_n7,T4_B1_N18_B,800,137,1385,False,1019.51,58.7,15,926,52.9057568482003,80.14019911670317,52.9057568482003
T4_B1_N18_C_s1000_n0,T4_B1_N18_C,1000,526,664,True,166.05,356.7,7,965,11.20772064441898,2.846182583731081,11.20772064441898
T4_B1_N18_C_s1000_n1,T4_B1_N18_C,1000,-140,1081,False,864.38,77.3,17,1522,76.56927576103732,129.06633838096838,76.56927576103732
T4_B1_N18_C_s1000_n2,T4_B1_N18_C,1000,195,997,True,583.12,179.6,18,1041,1229.9586445679488,53.152758608487886,1229.9586445679488
T4_B1_N18_C_s1000_n3,T4_B1_N18_C,1000,845,-206,False,785.79,108.5,17,2057,14.963622903285696,12.639702400795226,14.963622903285696
T4_B1_N18_C_s1000_n4,T4_B1_N18_C,1000,1343,751,False,879.57,95.3,16,1572,41.45690972064246,121.85136183030636,41.45690972064246
T4_B1_N18_C_s1000_n5,T4_B1_N18_C,1000,1274,-133,False,999.88,69.6,16,2206,175.17861803863306,68.12877635371643,175.17861803863306
T4_B1_N18_C_s1000_n6,T4_B1_N18_C,1000,822,-6,False,599.77,176.6,18,1375,29.018428524165387,32.95065037123464,29.018428524165387
T4_B1_N18_C_s1000_n7,T4_B1_N18_C,1000,1335,788,False,883.27,95.6,16,1566,52.94800411293205,117.1770990660096,52.94800411293205
T4_B1_N18_C_s1200_n0,T4_B1_N18_C,1200,460,73,True,545.28,240.8,18,2220,12.382120755490496,22.687663685462883,12.382120755490496
T4_B1_N18_C_s1200_n1,T4_B1_N18_C,1200,1320,723,False,730.43,151.8,18,2298,24.202652971107245,85.63478836464837,24.202652971107355
T4_B1_N18_C_s1200_n2,T4_B1_N18_C,1200,1381,613,False,781.11,142.1,17,2350,32.69116866060084,50.52332650891365,32.69116866060084
T4_B1_N18_C_s1200_n3,T4_B1_N18_C,1200,245,733,True,379.1,356.4,14,1466,1172.819252459187,23.92231424673464,1172.819252459187
T4_B1_N18_C_s1200_n4,T4_B1_N18_C,1200,194,-996,False,1646.83,43.6,9,942,81.09581672750133,21.89911789044214,81.09581672750133
T4_B1_N18_C_s1200_n5,T4_B1_N18_C,1200,1234,481,False,645.07,171.7,18,2644,20.254556827449253,86.22489815428334,20.254556827449253
T4_B1_N18_C_s1200_n6,T4_B1_N18_C,1200,1228,-562,False,1320.84,61.3,14,1801,137.7636994621292,106.7837329704848,137.7636994621292
T4_B1_N18_C_s1200_n7,T4_B1_N18_C,1200,-209,283,False,868.89,123.2,17,2495,28.6437667529452,61.13281794413761,28.6437667529452
T4_B1_N18_C_s400_n1,T4_B1_N18_C,400,121,-279,False,485.47,58.0,4,149,593.0942393071218,58.77912867968929,593.0942393071218
T4_B1_N18_C_s400_n2,T4_B1_N18_C,400,-616,539,False,883.62,30.9,6,151,171.94006766253145,264.080856481663,171.94006766253148
T4_B1_N18_C_s400_n3,T4_B1_N18_C,400,-282,-377,False,751.83,36.4,6,179,503.80503091753474,84.50015481866038,84.50015481866038
T4_B1_N18_C_s400_n5,T4_B1_N18_C,400,290,-369,False,576.07,43.1,5,172,60.70562623690698,45.34969943432007,60.70562623690698
T4_B1_N18_C_s400_n6,T4_B1_N18_C,400,468,1454,False,1282.32,19.8,7,356,673.6811281710714,297.1258351064989,673.6811281710714
T4_B1_N18_C_s400_n7,T4_B1_N18_C,400,483,-847,False,1084.57,24.9,11,596,853.3302348424262,82.86835540511132,82.86835540511132
T4_B1_N18_C_s600_n1,T4_B1_N18_C,600,1327,372,False,1029.52,40.4,12,799,307.8108743257785,123.50202241422372,307.81087432577857
T4_B1_N18_C_s600_n2,T4_B1_N18_C,600,508,-83,False,435.84,120.3,7,382,28.716280067046952,52.33165587933519,28.716280067046966
T4_B1_N18_C_s600_n3,T4_B1_N18_C,600,1058,958,False,1003.76,44.5,14,720,156.9009469376044,135.7553625992505,156.90094693760432
T4_B1_N18_C_s600_n4,T4_B1_N18_C,600,-292,-697,False,1159.51,37.5,12,846,97.62174562030212,103.351102866962,97.62174562030212
T4_B1_N18_C_s600_n5,T4_B1_N18_C,600,107,196,True,219.24,285.2,5,391,554.304127092036,25.633830968164336,554.304127092036
T4_B1_N18_C_s600_n6,T4_B1_N18_C,600,-173,624,False,573.33,70.9,7,319,30.203328773971943,51.90690324188131,30.203328773971943
T4_B1_N18_C_s600_n7,T4_B1_N18_C,600,-457,562,False,801.06,52.6,10,371,1154.4123914748122,99.39871600537992,1154.4123914748122
T4_B1_N18_C_s800_n0,T4_B1_N18_C,800,361,1511,False,1111.68,56.9,12,965,81.14985025070789,126.9429151193081,81.14985025070774
T4_B1_N18_C_s800_n1,T4_B1_N18_C,800,-2,-1091,False,1544.24,23.4,7,412,1115.2133477686982,171.34460983052327,171.34460983052327
T4_B1_N18_C_s800_n3,T4_B1_N18_C,800,-63,269,False,481.18,159.1,9,711,22.009804471757818,26.57430140393056,22.009804471757818
T4_B1_N18_C_s800_n4,T4_B1_N18_C,800,-661,-34,False,1146.33,49.0,13,1332,88.5778758585634,163.09113779265533,88.5778758585634
T4_B1_N18_C_s800_n5,T4_B1_N18_C,800,1138,906,False,894.81,63.5,16,1103,350.14966732249263,42.832455980440685,350.14966732249263
T4_B1_N18_C_s800_n6,T4_B1_N18_C,800,945,991,False,803.93,69.1,16,897,77.63616411777538,16.18485598551624,77.63616411777545
T4_B1_N18_C_s800_n7,T4_B1_N18_C,800,246,-988,False,1396.52,42.1,9,946,65.09981010623325,56.52859756948991,65.09981010623324
T4_B1_N18_D_s1000_n0,T4_B1_N18_D,1000,-347,-700,False,1468.81,31.3,9,362,251.49294268308967,255.0830655695391,251.49294268308972
T4_B1_N18_D_s1000_n2,T4_B1_N18_D,1000,865,492,True,365.09,298.5,9,1240,18.57717700918911,27.144374608620097,18.57717700918911
T4_B1_N18_D_s1000_n3,T4_B1_N18_D,1000,-11,318,False,542.44,175.8,16,1635,14.111470320588166,23.056818666326425,14.111470320588166
T4_B1_N18_D_s1000_n4,T4_B1_N18_D,1000,-17,1398,False,1036.19,67.4,13,1230,43.23355341923049,68.97889887056277,43.23355341923049
T4_B1_N18_D_s1000_n5,T4_B1_N18_D,1000,330,-633,False,1145.68,69.7,11,1084,34.90578747055961,45.15382713928898,34.90578747055961
T4_B1_N18_D_s1000_n6,T4_B1_N18_D,1000,701,-366,False,889.02,97.0,14,1378,48.06977819034521,34.88402047511301,48.06977819034526
T4_B1_N18_D_s1000_n7,T4_B1_N18_D,1000,1008,-575,False,1188.99,58.9,12,979,151.03729177228865,196.00272612213303,151.03729177228865
T4_B1_N18_D_s1200_n0,T4_B1_N18_D,1200,709,559,True,116.46,358.9,8,1741,28.49115892576024,33.55166958302212,28.49115892576024
T4_B1_N18_D_s1200_n1,T4_B1_N18_D,1200,1065,-527,False,1219.16,74.8,12,1190,126.36683790435204,172.77851199977783,126.36683790435204
T4_B1_N18_D_s1200_n2,T4_B1_N18_D,1200,1366,-605,False,1427.86,48.4,11,737,98.2132395084948,184.8120040818665,98.2132395084948
T4_B1_N18_D_s1200_n3,T4_B1_N18_D,1200,85,-264,False,1005.84,92.3,15,1646,76.59759000272174,139.46616579962648,76.59759000272174
T4_B1_N18_D_s1200_n4,T4_B1_N18_D,1200,1132,-842,False,1537.01,43.3,9,605,82.2493759984249,95.83271798414218,82.2493759984249
T4_B1_N18_D_s1200_n5,T4_B1_N18_D,1200,691,-714,False,1317.15,77.7,10,1192,29.248258394554693,31.09305637416855,29.248258394554693
T4_B1_N18_D_s1200_n6,T4_B1_N18_D,1200,-147,-482,False,1314.81,54.8,12,912,190.63774586155583,217.70519357423723,190.63774586155583
T4_B1_N18_D_s400_n0,T4_B1_N18_D,400,396,119,True,212.08,149.9,4,284,9.40070031378777,28.07306019336396,9.400700313787716
T4_B1_N18_D_s400_n2,T4_B1_N18_D,400,-326,-167,False,641.38,44.1,6,200,728.6866425773571,154.28393460365166,728.6866425773571
T4_B1_N18_D_s400_n3,T4_B1_N18_D,400,968,947,False,1071.37,28.3,9,322,354.5588931631718,366.6985868184739,354.5588931631718
T4_B1_N18_D_s400_n4,T4_B1_N18_D,400,1438,549,False,1286.25,19.1,5,162,269.1443452877649,308.9197151714823,269.1443452877649
T4_B1_N18_D_s400_n5,T4_B1_N18_D,400,516,1132,False,984.11,28.0,10,386,277.65461718155814,210.27150608604512,277.65461718155814
T4_B1_N18_D_s400_n6,T4_B1_N18_D,400,1196,-426,False,1176.39,22.1,8,251,1123.2595490840115,137.8662557838822,137.8662557838822
T4_B1_N18_D_s400_n7,T4_B1_N18_D,400,85,-51,False,276.09,110.9,4,257,9.258472842186002,30.59604619945379,9.258472842186002
T4_B1_N18_D_s600_n0,T4_B1_N18_D,600,-171,438,False,490.8,91.2,6,382,150.34059777066503,131.17851113695016,150.34059777066503
T4_B1_N18_D_s600_n1,T4_B1_N18_D,600,1396,478,False,1110.36,37.3,9,489,55.28152007477824,103.8060298956624,55.28152007477824
T4_B1_N18_D_s600_n2,T4_B1_N18_D,600,208,-313,False,619.87,81.3,7,403,45.37867889137429,26.1550672317998,45.3786788913743
T4_B1_N18_D_s600_n3,T4_B1_N18_D,600,-302,-398,False,921.74,48.0,12,700,250.9078048804097,268.0601210920684,250.9078048804097
T4_B1_N18_D_s600_n4,T4_B1_N18_D,600,502,577,True,342.83,139.3,6,445,7.065928400334972,23.205248781933832,7.065928400334972
T4_B1_N18_D_s600_n5,T4_B1_N18_D,600,-746,572,False,1080.79,38.0,10,556,285.31186272304643,306.2292895587426,285.31186272304643
T4_B1_N18_D_s600_n6,T4_B1_N18_D,600,-253,-396,False,888.95,49.7,13,683,279.8866624303918,274.08104359491773,279.8866624303918
T4_B1_N18_D_s600_n7,T4_B1_N18_D,600,-633,1055,False,1200.21,32.3,10,509,258.13058135046015,55.5556726099723,258.13058135046015
T4_B1_N18_D_s800_n0,T4_B1_N18_D,800,557,599,True,253.48,357.4,6,813,20.80825303532985,20.928976376818166,20.80825303532985
T4_B1_N18_D_s800_n1,T4_B1_N18_D,800,350,1039,False,640.95,104.3,11,640,111.07045187257424,116.83672543712588,111.07045187257432
T4_B1_N18_D_s800_n2,T4_B1_N18_D,800,-67,1190,False,917.71,60.4,13,945,69.77082245730578,74.8138722626858,69.77082245730578
T4_B1_N18_D_s800_n3,T4_B1_N18_D,800,-28,1350,False,1041.96,54.5,12,808,116.849814193894,128.19762569540583,116.849814193894
T4_B1_N18_D_s800_n4,T4_B1_N18_D,800,-474,1369,False,1304.93,35.1,10,499,224.569572643596,167.4108686179733,224.56957264359596
T4_B1_N18_D_s800_n5,T4_B1_N18_D,800,301,-283,False,690.14,96.0,15,1145,44.71493257865549,24.8965194250504,44.71493257865549
T4_B1_N18_D_s800_n6,T4_B1_N18_D,800,694,-456,False,905.08,66.2,13,1011,74.41467091504207,67.75499424730162,74.41467091504207
T4_B1_N18_D_s800_n7,T4_B1_N18_D,800,-304,-203,False,926.94,61.4,14,1090,127.43682592791434,119.33357556550166,127.43682592791434
T4_B1_N9_A_s1000_n0,T4_B1_N9_A,1000,1182,241,False,729.52,123.7,20,1821,57.378574019616565,97.02980682588772,57.378574019616565
T4_B1_N9_A_s1000_n1,T4_B1_N9_A,1000,-398,920,False,991.36,75.1,18,1505,109.79298587555006,180.9077952714329,109.79298587555006
T4_B1_N9_A_s1000_n2,T4_B1_N9_A,1000,32,1757,False,1341.3,53.7,13,1099,47.98219274709467,82.86693607033138,47.98219274709467
T4_B1_N9_A_s1000_n3,T4_B1_N9_A,1000,569,-389,False,891.67,99.2,17,1449,17.52854950335868,57.646680762704506,17.52854950335868
T4_B1_N9_A_s1000_n4,T4_B1_N9_A,1000,619,1176,False,686.39,136.0,20,1640,38.17606683175636,15.272975119384425,38.17606683175636
T4_B1_N9_A_s1000_n5,T4_B1_N9_A,1000,1435,-203,False,1169.8,58.9,16,1413,486.420327252927,75.997067571151,486.420327252927
T4_B1_N9_A_s1000_n6,T4_B1_N9_A,1000,1212,1021,False,882.26,76.8,19,1753,57.46105854842738,93.01627949828956,57.46105854842738
T4_B1_N9_A_s1000_n7,T4_B1_N9_A,1000,1290,504,False,790.01,111.2,18,1826,112.56331480536568,101.0641929705192,112.56331480536568
T4_B1_N9_A_s1200_n0,T4_B1_N9_A,1200,-198,-757,False,1574.25,40.5,12,817,220.8351216061796,242.3280853131905,220.8351216061796
T4_B1_N9_A_s1200_n1,T4_B1_N9_A,1200,1418,665,False,820.58,135.4,19,2229,67.05777115339369,75.66514408944462,67.05777115339369
T4_B1_N9_A_s1200_n2,T4_B1_N9_A,1200,11,794,True,620.13,189.1,21,2422,24.312959925653168,75.81483540128484,24.312959925653168
T4_B1_N9_A_s1200_n3,T4_B1_N9_A,1200,845,641,True,248.41,358.4,12,1526,28.052469178546808,21.3794705742804,28.052469178546808
T4_B1_N9_A_s1200_n4,T4_B1_N9_A,1200,34,1667,False,1207.83,70.0,17,1661,79.07892814966122,165.85908456217163,79.07892814966122
T4_B1_N9_A_s1200_n5,T4_B1_N9_A,1200,907,1766,False,1205.74,82.2,15,1432,31.795793367153507,18.709336013743908,31.795793367153507
T4_B1_N9_A_s1200_n6,T4_B1_N9_A,1200,1012,-616,False,1283.9,72.8,14,1538,97.11924429576936,101.8156646687192,97.11924429576936
T4_B1_N9_A_s1200_n7,T4_B1_N9_A,1200,143,-203,False,923.94,112.8,19,2227,17.896714550296632,123.36472106987924,17.896714550296632
T4_B1_N9_A_s400_n0,T4_B1_N9_A,400,1025,-432,False,1039.25,29.6,12,463,415.63487150458457,490.84960418798767,415.63487150458457
T4_B1_N9_A_s400_n1,T4_B1_N9_A,400,-115,172,False,316.24,100.4,6,205,28.38708953525324,30.58883288513636,30.58883288513636
T4_B1_N9_A_s400_n2,T4_B1_N9_A,400,637,-892,False,1176.19,23.9,11,498,992.3308483741596,114.45891768750724,992.3308483741596
T4_B1_N9_A_s400_n3,T4_B1_N9_A,400,1352,-672,False,1444.81,4.7,2,37,1124.6088674031917,1331.76314971461,1124.6088674031917
T4_B1_N9_A_s400_n4,T4_B1_N9_A,400,1027,-825,False,1317.02,15.3,9,202,853.7210788429938,1044.3851409194267,853.7210788429938
T4_B1_N9_A_s400_n6,T4_B1_N9_A,400,3,741,False,575.75,45.3,6,170,27.616472065725688,18.354296093502395,27.616472065725688
T4_B1_N9_A_s400_n7,T4_B1_N9_A,400,-141,140,False,346.24,91.8,5,201,36.43866012557059,31.30491509550725,36.43866012557061
T4_B1_N9_A_s600_n0,T4_B1_N9_A,600,723,1537,False,1307.32,30.7,10,466,199.2037627881458,166.22766605206135,199.2037627881458
T4_B1_N9_A_s600_n1,T4_B1_N9_A,600,-504,647,False,875.69,47.5,16,595,202.86384256009185,313.99546871123255,202.86384256009185
T4_B1_N9_A_s600_n2,T4_B1_N9_A,600,35,19,True,386.25,116.5,9,441,27.37583263049409,34.74730439112432,34.74730439112432
T4_B1_N9_A_s600_n4,T4_B1_N9_A,600,585,1414,False,1149.88,36.1,12,618,63.805090663736046,35.00319293057603,63.805090663736046
T4_B1_N9_A_s600_n6,T4_B1_N9_A,600,448,-230,False,550.28,93.4,8,312,27.49746895327476,63.230624262704495,27.49746895327476
T4_B1_N9_A_s600_n7,T4_B1_N9_A,600,437,-421,False,733.9,63.3,9,266,410.46510487810616,54.28714024496691,54.28714024496691
T4_B1_N9_A_s800_n0,T4_B1_N9_A,800,1107,818,False,821.32,65.9,18,1080,68.20110975213889,135.782402139534,68.20110975213889
T4_B1_N9_A_s800_n1,T4_B1_N9_A,800,217,-523,False,940.97,68.1,15,985,238.78790516754097,304.8663644447022,238.78790516754097
T4_B1_N9_A_s800_n2,T4_B1_N9_A,800,201,1340,False,960.83,64.4,15,1077,160.95355687127594,50.439937508555005,160.95355687127594
T4_B1_N9_A_s800_n3,T4_B1_N9_A,800,-299,1591,False,1380.97,35.1,11,692,678.873459387972,308.0472295086706,678.873459387972
T4_B1_N9_A_s800_n4,T4_B1_N9_A,800,453,-1143,False,1543.91,35.2,6,378,123.87873160757148,129.59280360880993,123.87873160757132
T4_B1_N9_A_s800_n5,T4_B1_N9_A,800,-262,1012,False,901.55,63.2,18,1151,177.29728903919553,283.0635303861786,177.29728903919548
T4_B1_N9_A_s800_n6,T4_B1_N9_A,800,-55,1110,False,843.28,64.9,18,1114,61.43381763111911,116.0942490992419,61.43381763111911
T4_B1_N9_A_s800_n7,T4_B1_N9_A,800,-127,-626,False,1153.43,49.3,14,1085,153.9338765920916,198.9084438024872,153.9338765920916
T4_B1_N9_B_s1000_n0,T4_B1_N9_B,1000,-2,8,False,702.9,92.4,19,2436,11.453182359853868,69.71087411002466,69.71087411002466
T4_B1_N9_B_s1000_n1,T4_B1_N9_B,1000,615,-279,False,787.44,114.8,16,1835,26.42730675352924,30.43936079420221,26.427306753529237
T4_B1_N9_B_s1000_n2,T4_B1_N9_B,1000,408,1255,False,760.58,121.6,16,2285,61.03659331339784,77.3981313326967,61.03659331339784
T4_B1_N9_B_s1000_n3,T4_B1_N9_B,1000,-101,-74,False,831.07,77.5,18,1999,19.00310889563667,67.49688908716077,19.00310889563667
T4_B1_N9_B_s1000_n4,T4_B1_N9_B,1000,694,95,True,449.07,353.2,19,2830,7.766633871083153,18.61131991983596,7.766633871083153
T4_B1_N9_B_s1000_n5,T4_B1_N9_B,1000,649,718,True,264.05,358.4,19,2477,11.708755502363314,38.28177014627363,11.708755502363314
T4_B1_N9_B_s1000_n6,T4_B1_N9_B,1000,456,1185,False,686.41,134.8,17,2373,61.78554047148581,80.7541719743849,61.78554047148581
T4_B1_N9_B_s1000_n7,T4_B1_N9_B,1000,-101,612,False,611.35,153.1,18,2820,29.00478285119193,75.38408591967188,29.00478285119193
T4_B1_N9_B_s1200_n0,T4_B1_N9_B,1200,99,-173,False,921.16,101.7,18,2062,187.21304651704,75.92405696979775,187.21304651704
T4_B1_N9_B_s1200_n1,T4_B1_N9_B,1200,163,-163,False,879.28,122.1,18,2235,44.68056271987925,76.74569472118229,44.68056271987925
T4_B1_N9_B_s1200_n2,T4_B1_N9_B,1200,524,1002,True,409.12,356.4,19,3926,12.567828362899515,50.999177123975805,12.567828362899515
T4_B1_N9_B_s1200_n3,T4_B1_N9_B,1200,965,-173,False,854.84,125.4,18,2112,187.2130465168136,24.347115492145207,187.21304651681356
T4_B1_N9_B_s1200_n4,T4_B1_N9_B,1200,730,1271,False,683.48,164.4,19,3190,14.8713302125697,80.40232053542138,14.8713302125697
T4_B1_N9_B_s1200_n5,T4_B1_N9_B,1200,947,458,True,374.93,357.2,19,3973,11.426500085449304,25.933469252524983,11.42650008544929
T4_B1_N9_B_s1200_n6,T4_B1_N9_B,1200,742,737,True,197.31,358.8,19,4345,12.54840847393186,44.06562853684141,12.54840847393186
T4_B1_N9_B_s1200_n7,T4_B1_N9_B,1200,754,516,True,175.42,359.0,19,4436,11.686073511290656,26.91061953602741,11.686073511290656
T4_B1_N9_B_s400_n0,T4_B1_N9_B,400,-332,-355,False,768.8,38.3,12,730,59.32765679636991,83.5461952195481,59.32765679636991
T4_B1_N9_B_s400_n1,T4_B1_N9_B,400,-32,174,False,233.45,150.3,6,335,7.802465369750849,14.404985739920592,7.802465369750853
T4_B1_N9_B_s400_n2,T4_B1_N9_B,400,-391,563,False,693.58,41.7,13,644,169.08264099163554,123.68922694465816,169.08264099163554
T4_B1_N9_B_s400_n4,T4_B1_N9_B,400,706,221,False,506.44,59.3,12,510,43.43826499861207,14.389179311788723,43.43826499861207
T4_B1_N9_B_s600_n0,T4_B1_N9_B,600,881,270,False,581.77,86.4,16,1312,56.50343409663228,67.75052923604186,56.5034340966324
T4_B1_N9_B_s600_n1,T4_B1_N9_B,600,-464,-265,False,950.22,35.1,11,652,108.59541824315124,178.06729948011852,108.59541824315124
T4_B1_N9_B_s600_n2,T4_B1_N9_B,600,-408,-201,False,867.33,44.7,13,910,74.11235559154368,103.42500322004854,74.11235559154369
T4_B1_N9_B_s600_n3,T4_B1_N9_B,600,49,202,True,269.45,253.0,10,740,18.33530169174887,23.908000719084583,18.33530169174887
T4_B1_N9_B_s600_n4,T4_B1_N9_B,600,535,-353,False,694.0,64.3,15,933,56.45443633239928,68.7598308386369,56.45443633239928
T4_B1_N9_B_s600_n5,T4_B1_N9_B,600,155,970,False,685.51,67.8,15,1267,29.29256881183329,65.38880653095194,29.292568811833192
T4_B1_N9_B_s600_n6,T4_B1_N9_B,600,135,-156,False,484.93,102.1,18,1197,37.87748442919657,32.258670906748286,37.8774844291966
T4_B1_N9_B_s600_n7,T4_B1_N9_B,600,1015,-35,False,789.59,54.0,13,1056,50.604322322977424,42.288857878382125,50.604322322977424
T4_B1_N9_B_s800_n0,T4_B1_N9_B,800,181,212,True,288.63,356.3,19,1564,13.440751757789284,24.98986468421073,13.440751757789284
T4_B1_N9_B_s800_n1,T4_B1_N9_B,800,256,42,True,385.88,239.1,19,2061,7.408785306496547,26.276594627777243,7.408785306496547
T4_B1_N9_B_s800_n2,T4_B1_N9_B,800,-301,631,False,738.08,88.4,16,1969,71.92020776219502,120.27362208760552,71.92020776219502
T4_B1_N9_B_s800_n3,T4_B1_N9_B,800,637,1306,False,936.49,64.2,13,1124,99.98171506034478,128.54839601794245,99.98171506034478
T4_B1_N9_B_s800_n4,T4_B1_N9_B,800,454,671,True,276.33,353.3,16,1379,110.33454333535668,26.646278620266614,110.33454333535668
T4_B1_N9_B_s800_n5,T4_B1_N9_B,800,405,387,True,13.93,358.8,8,1385,6.928748913964592,13.804932772562196,6.928748913964592
T4_B1_N9_B_s800_n6,T4_B1_N9_B,800,175,-475,False,903.47,71.3,13,1191,94.05899923054092,98.19820024518997,94.05899923054092
T4_B1_N9_B_s800_n7,T4_B1_N9_B,800,-247,1187,False,1018.81,47.5,13,1319,67.44368093342841,82.91803554604813,67.44368093342838
T4_B1_N9_C_s1000_n0,T4_B1_N9_C,1000,-181,423,False,685.34,133.2,16,1658,85.42319396489727,124.64478791183446,85.42319396489728
T4_B1_N9_C_s1000_n1,T4_B1_N9_C,1000,677,-364,False,881.94,98.3,15,1265,54.73464367245396,91.1807957223804,54.73464367245396
T4_B1_N9_C_s1000_n2,T4_B1_N9_C,1000,323,542,True,181.91,357.5,8,954,11.678905207834951,19.001741098663064,11.678905207834951
T4_B1_N9_C_s1000_n3,T4_B1_N9_C,1000,1387,801,False,936.68,84.0,15,1270,188.3460375417822,208.8662803511133,188.3460375417822
T4_B1_N9_C_s1000_n4,T4_B1_N9_C,1000,1046,-166,False,861.2,77.5,17,1613,107.04151546858752,46.51095189889692,107.04151546858752
T4_B1_N9_C_s1000_n5,T4_B1_N9_C,1000,10,-259,False,903.43,74.7,16,1740,107.99937015762303,115.29302310435376,107.99937015762303
T4_B1_N9_C_s1000_n6,T4_B1_N9_C,1000,923,532,True,424.21,306.9,12,1011,1007.155366662621,88.46143571212785,1007.155366662621
T4_B1_N9_C_s1000_n7,T4_B1_N9_C,1000,576,1343,False,846.42,105.7,15,1284,73.64192810633082,76.83684707139564,73.64192810633082
T4_B1_N9_C_s1200_n1,T4_B1_N9_C,1200,973,1636,False,1101.1,87.4,14,1386,76.08340079869384,120.35359165610988,76.08340079869384
T4_B1_N9_C_s1200_n2,T4_B1_N9_C,1200,1092,942,True,599.19,353.0,18,1543,15.885192767162778,121.68746929792032,15.885192767162778
T4_B1_N9_C_s1200_n3,T4_B1_N9_C,1200,1306,37,False,903.0,94.5,17,2041,34.86334283603041,147.59648626442132,34.86334283603041
T4_B1_N9_C_s1200_n4,T4_B1_N9_C,1200,1043,1096,True,665.03,353.0,18,1571,12.867164804807045,82.96969797356407,12.867164804806816
T4_B1_N9_C_s1200_n5,T4_B1_N9_C,1200,-8,927,False,690.36,175.9,18,1865,8.91637697592613,37.738768623360194,8.916376975926124
T4_B1_N9_C_s1200_n6,T4_B1_N9_C,1200,1165,1285,False,887.95,99.9,18,1755,35.51806120081481,170.98385170798963,35.51806120081481
T4_B1_N9_C_s1200_n7,T4_B1_N9_C,1200,1001,-848,False,1502.5,55.6,10,626,119.7034720613454,101.73324735838835,119.70347206134548
T4_B1_N9_C_s400_n1,T4_B1_N9_C,400,-294,256,False,497.16,53.0,4,123,54.68388293000072,70.59605348983469,54.68388293000072
T4_B1_N9_C_s400_n2,T4_B1_N9_C,400,-6,182,False,206.78,173.6,4,168,8.89736021012235,6.340941489222421,8.89736021012235
T4_B1_N9_C_s400_n3,T4_B1_N9_C,400,24,-228,False,462.77,49.7,4,128,105.27394159282596,91.9015345865114,105.27394159282596
T4_B1_N9_C_s400_n4,T4_B1_N9_C,400,171,-185,False,386.09,78.4,4,139,37.518572175688966,67.77124272071656,37.518572175688966
T4_B1_N9_C_s400_n7,T4_B1_N9_C,400,-209,417,False,463.0,57.5,4,99,168.3363540133565,150.8492712152704,168.3363540133565
T4_B1_N9_C_s600_n1,T4_B1_N9_C,600,503,-396,False,725.0,60.3,11,426,94.9282822423234,109.05317013391084,94.9282822423234
T4_B1_N9_C_s600_n4,T4_B1_N9_C,600,-683,718,False,1068.18,37.8,11,491,80.96624315811984,69.38684674027165,80.96624315811984
T4_B1_N9_C_s600_n6,T4_B1_N9_C,600,986,1604,False,1473.44,18.7,7,188,347.683706902346,386.3420516760517,347.683706902346
T4_B1_N9_C_s600_n7,T4_B1_N9_C,600,733,1582,False,1353.15,29.5,8,361,238.89874094347007,194.6536046483465,194.65360464834652
T4_B1_N9_C_s800_n0,T4_B1_N9_C,800,-594,190,False,1015.94,60.3,13,1089,131.72528392760418,170.36228348321347,131.72528392760418
T4_B1_N9_C_s800_n1,T4_B1_N9_C,800,516,-744,False,1149.87,50.8,11,694,60.40472441109876,65.04678032634581,60.40472441109876
T4_B1_N9_C_s800_n2,T4_B1_N9_C,800,1279,-803,False,1489.92,21.0,8,184,736.687451091901,119.90262428203224,736.687451091901
T4_B1_N9_C_s800_n3,T4_B1_N9_C,800,-447,345,False,848.78,77.1,15,1126,200.27627898137067,202.2027469641274,200.2762789813707
T4_B1_N9_C_s800_n4,T4_B1_N9_C,800,118,1398,False,1037.08,56.2,13,990,79.48609314106055,104.12498940228808,79.48609314106055
T4_B1_N9_C_s800_n5,T4_B1_N9_C,800,574,-665,False,1079.12,57.2,12,713,58.51370545919423,108.62648029006778,58.51370545919423
T4_B1_N9_C_s800_n6,T4_B1_N9_C,800,-295,590,False,720.5,84.2,15,835,177.60483907477942,157.6566340091275,177.60483907477942
T4_B1_N9_C_s800_n7,T4_B1_N9_C,800,-248,218,False,673.07,95.6,16,1144,262.33868723876395,148.06755523717888,148.06755523717888
T4_B1_N9_D_s1000_n0,T4_B1_N9_D,1000,-428,-214,False,1170.89,57.8,12,994,204.2837679188368,127.54802102935172,204.2837679188368
T4_B1_N9_D_s1000_n1,T4_B1_N9_D,1000,-273,-241,False,1070.8,64.7,13,1223,143.78205391759397,104.5048405071654,143.78205391759397
T4_B1_N9_D_s1000_n2,T4_B1_N9_D,1000,90,-156,False,773.59,102.4,16,1534,116.74257670977092,130.0432148547957,116.74257670977094
T4_B1_N9_D_s1000_n3,T4_B1_N9_D,1000,262,-842,False,1362.94,56.5,8,651,859.9174324889342,451.20393671567024,451.20393671567024
T4_B1_N9_D_s1000_n4,T4_B1_N9_D,1000,855,457,True,357.59,352.1,11,1057,4.420851104189363,22.60423811420167,4.42085110418931
T4_B1_N9_D_s1000_n5,T4_B1_N9_D,1000,69,1441,False,1035.01,72.3,13,1043,215.48127491628583,226.880815764888,215.48127491628583
T4_B1_N9_D_s1000_n6,T4_B1_N9_D,1000,-428,649,False,939.89,90.3,13,1254,174.80945709249718,213.6529275182088,174.80945709249718
T4_B1_N9_D_s1000_n7,T4_B1_N9_D,1000,-78,-942,False,1553.53,31.3,5,245,206.1761634799745,317.0704578342126,206.1761634799745
T4_B1_N9_D_s1200_n0,T4_B1_N9_D,1200,-84,-471,False,1270.79,62.8,13,1052,120.76969678597216,161.66136999374922,120.76969678597216
T4_B1_N9_D_s1200_n1,T4_B1_N9_D,1200,-228,44,False,997.36,85.8,15,1762,81.25459635361925,113.16017215672632,81.25459635361925
T4_B1_N9_D_s1200_n2,T4_B1_N9_D,1200,192,811,True,459.33,352.2,17,1582,65.5258552007833,75.49635011533739,65.5258552007833
T4_B1_N9_D_s1200_n3,T4_B1_N9_D,1200,-228,863,False,868.77,125.5,15,1622,181.26830475782572,235.4025246248244,181.26830475782575
T4_B1_N9_D_s1200_n4,T4_B1_N9_D,1200,4,-194,False,992.8,80.9,16,1713,163.86133849323332,111.52982058577255,111.52982058577255
T4_B1_N9_D_s1200_n5,T4_B1_N9_D,1200,-173,-404,False,1267.1,61.6,13,1058,146.2242531030301,124.9802858028844,146.2242531030301
T4_B1_N9_D_s1200_n6,T4_B1_N9_D,1200,-228,1167,False,1003.53,83.5,15,1401,162.49055794291945,204.25768485933853,162.49055794291945
T4_B1_N9_D_s1200_n7,T4_B1_N9_D,1200,675,-60,False,664.25,166.7,16,1811,35.44840306390135,33.00681096340193,35.44840306390135
T4_B1_N9_D_s400_n0,T4_B1_N9_D,400,-154,-119,False,476.53,55.5,5,171,216.3234736839612,244.4428356071291,244.4428356071291
T4_B1_N9_D_s400_n2,T4_B1_N9_D,400,147,-174,False,377.74,79.1,5,193,205.29217901161627,192.22366005512268,205.29217901161627
T4_B1_N9_D_s400_n4,T4_B1_N9_D,400,-104,-336,False,616.21,44.4,6,201,316.1287464931563,337.63303979899985,337.63303979899985
T4_B1_N9_D_s400_n5,T4_B1_N9_D,400,-406,216,False,606.21,45.7,5,140,300.1970472880813,126.5677559783395,300.1970472880813
T4_B1_N9_D_s400_n6,T4_B1_N9_D,400,-106,-298,False,584.5,47.8,7,202,295.70891707015085,327.93018393286155,327.93018393286155
T4_B1_N9_D_s600_n0,T4_B1_N9_D,600,-355,248,False,657.06,73.1,8,399,1002.1790982560138,195.28332212164912,1002.1790982560138
T4_B1_N9_D_s600_n1,T4_B1_N9_D,600,426,-37,False,359.78,157.2,7,388,13.505193384964707,93.20290353003196,13.505193384964707
T4_B1_N9_D_s600_n2,T4_B1_N9_D,600,-359,1149,False,1074.75,41.0,11,408,146.36910152592066,320.1990050646165,146.36910152592043
T4_B1_N9_D_s600_n3,T4_B1_N9_D,600,-445,-143,False,866.76,48.0,12,578,206.42936064263708,156.5601822978276,206.42936064263708
T4_B1_N9_D_s600_n4,T4_B1_N9_D,600,-495,429,False,805.4,55.1,7,384,163.232242423165,220.8474764184533,163.232242423165
T4_B1_N9_D_s600_n5,T4_B1_N9_D,600,856,875,False,799.85,53.9,14,463,252.29269608588112,130.70356895871268,252.29269608588112
T4_B1_N9_D_s600_n6,T4_B1_N9_D,600,-365,-481,False,1025.76,43.2,11,617,567.2258933100138,200.6809723080991,200.6809723080991
T4_B1_N9_D_s600_n7,T4_B1_N9_D,600,1072,277,False,772.34,59.2,13,450,39.56733629001342,340.3040695992244,39.5673362900134
T4_B1_N9_D_s800_n0,T4_B1_N9_D,800,-140,-222,False,823.7,68.3,15,1084,222.60613593574809,172.92451413892002,172.92451413891996
T4_B1_N9_D_s800_n1,T4_B1_N9_D,800,914,-848,False,1349.7,37.0,8,335,349.05270659683185,155.53864433810213,349.05270659683185
T4_B1_N9_D_s800_n2,T4_B1_N9_D,800,185,27,True,430.53,239.5,10,752,6.1529752853023565,26.8097183927251,6.152975285302351
T4_B1_N9_D_s800_n3,T4_B1_N9_D,800,-115,-119,False,731.15,74.6,15,987,183.3785878961949,160.45182247776626,160.45182247776626
T4_B1_N9_D_s800_n5,T4_B1_N9_D,800,864,-8,False,617.87,84.4,13,645,187.8949260432916,77.37555984652047,187.8949260432916
T4_B1_N9_D_s800_n6,T4_B1_N9_D,800,-103,1547,False,1252.44,44.6,10,561,743.8602948305881,183.4054825392772,743.8602948305881
T4_B1_N9_D_s800_n7,T4_B1_N9_D,800,407,-1025,False,1425.02,41.5,4,193,166.89785192247484,149.53998474376897,166.89785192247484
T4_B2_N23_A_s1000_n0,T4_B2_N23_A,1000,1021,707,False,560.62,170.7,22,1578,4.781289058480395,75.37150417980946,4.781289058480395
T4_B2_N23_A_s1000_n1,T4_B2_N23_A,1000,183,-756,False,1295.39,59.1,14,1151,122.05636934410586,143.9806156308799,122.05636934410586
T4_B2_N23_A_s1000_n2,T4_B2_N23_A,1000,-519,635,False,1027.9,78.1,17,1985,73.23079746462847,91.95343579232888,73.23079746462847
T4_B2_N23_A_s1000_n3,T4_B2_N23_A,1000,-449,947,False,1049.0,67.2,17,1843,48.357322984499454,140.15759036004025,48.35732298449955
T4_B2_N23_A_s1000_n4,T4_B2_N23_A,1000,-519,-599,False,1498.72,37.3,14,950,361.5475237960113,359.7628281475501,361.5475237960113
T4_B2_N23_A_s1000_n5,T4_B2_N23_A,1000,-142,1393,False,1099.82,64.0,17,1519,186.9550699403384,368.5210720973634,186.9550699403384
T4_B2_N23_A_s1000_n6,T4_B2_N23_A,1000,1229,-936,False,1610.45,22.5,10,393,231.32936531214767,284.5901789713954,231.32936531214767
T4_B2_N23_A_s1000_n7,T4_B2_N23_A,1000,168,-181,False,757.62,113.5,20,1696,63.5996975287524,168.9585697767044,63.5996975287524
T4_B2_N23_A_s1200_n0,T4_B2_N23_A,1200,214,1238,False,745.68,165.0,22,1731,9.39573708504524,111.8011804030784,9.39573708504524
T4_B2_N23_A_s1200_n1,T4_B2_N23_A,1200,340,1131,True,591.24,350.4,15,1540,1.8127375933243577,64.75131696613059,1.812737593324528
T4_B2_N23_A_s1200_n2,T4_B2_N23_A,1200,-51,-828,False,1569.39,46.8,13,1005,181.03626433221484,171.86495554754126,181.0362643322148
T4_B2_N23_A_s1200_n3,T4_B2_N23_A,1200,-319,929,False,976.12,107.4,19,2463,78.21467773244831,100.76233098075696,78.21467773244835
T4_B2_N23_A_s1200_n4,T4_B2_N23_A,1200,1261,1028,False,787.47,145.8,21,2253,17.603753696256437,206.478461713874,17.603753696256437
T4_B2_N23_A_s1200_n5,T4_B2_N23_A,1200,-319,-427,False,1378.15,55.7,16,1601,181.375950827614,189.9211583003429,181.375950827614
T4_B2_N23_A_s1200_n6,T4_B2_N23_A,1200,383,237,True,422.92,357.8,17,2033,51.555906671736174,55.17335360279963,51.555906671736174
T4_B2_N23_A_s1200_n7,T4_B2_N23_A,1200,228,828,True,436.31,358.3,13,1888,13.036031856808684,51.54605214125786,13.036031856808684
T4_B2_N23_A_s400_n0,T4_B2_N23_A,400,-111,1135,False,985.37,27.2,5,99,246.1423172736005,445.060577083837,246.1423172736005
T4_B2_N23_A_s400_n1,T4_B2_N23_A,400,-120,371,False,362.82,71.2,5,227,53.615642349113145,52.14088255924501,53.615642349113145
T4_B2_N23_A_s400_n2,T4_B2_N23_A,400,709,-112,False,597.01,46.6,7,232,927.2331025701628,46.31095530371597,927.2331025701628
T4_B2_N23_A_s400_n3,T4_B2_N23_A,400,-395,-129,False,679.9,38.9,6,189,376.53715502624834,36.20871552388735,36.20871552388735
T4_B2_N23_A_s400_n5,T4_B2_N23_A,400,404,-155,False,409.44,64.6,5,235,42.20569614796796,69.35343268433635,42.205696147968
T4_B2_N23_A_s400_n6,T4_B2_N23_A,400,961,-659,False,1147.61,23.3,11,396,492.6313305693063,514.3550162451604,492.6313305693063
T4_B2_N23_A_s400_n7,T4_B2_N23_A,400,598,-544,False,843.77,32.2,10,204,138.68461001798562,328.7263779969168,138.68461001798562
T4_B2_N23_A_s600_n0,T4_B2_N23_A,600,728,-232,False,682.79,61.9,13,491,174.53364268252065,121.88285228327048,174.53364268252065
T4_B2_N23_A_s600_n1,T4_B2_N23_A,600,-396,475,False,717.66,65.4,7,422,70.14782161130057,197.78399262511047,70.14782161130057
T4_B2_N23_A_s600_n2,T4_B2_N23_A,600,1072,1345,False,1299.23,32.1,12,595,352.4541813954679,371.9575012661984,352.4541813954678
T4_B2_N23_A_s600_n3,T4_B2_N23_A,600,362,361,True,86.98,358.0,6,772,1.643256199571852,12.168240805819243,1.643256199571852
T4_B2_N23_A_s600_n4,T4_B2_N23_A,600,-27,358,False,332.1,166.3,7,560,2.463745788748323,46.49820671058768,2.463745788748323
T4_B2_N23_A_s600_n5,T4_B2_N23_A,600,671,1584,False,1336.52,30.2,12,556,585.3784931979455,640.9147347869531,585.3784931979454
T4_B2_N23_A_s600_n7,T4_B2_N23_A,600,597,-205,False,585.86,69.5,10,472,61.16223786037363,80.64839200697529,61.16223786037363
T4_B2_N23_A_s800_n0,T4_B2_N23_A,800,-380,-302,False,1049.38,55.5,17,1496,169.53162103777944,177.99401437340794,169.53162103777944
T4_B2_N23_A_s800_n1,T4_B2_N23_A,800,656,-18,False,490.16,168.5,13,945,10.677526212952277,64.92383174180962,10.677526212952277
T4_B2_N23_A_s800_n2,T4_B2_N23_A,800,1129,941,False,907.81,61.4,18,1154,112.50268812999548,209.63429698764523,112.50268812999548
T4_B2_N23_A_s800_n3,T4_B2_N23_A,800,-719,327,False,1121.38,53.2,15,1508,85.21566083025381,231.67790282350336,85.21566083025381
T4_B2_N23_A_s800_n4,T4_B2_N23_A,800,1132,1185,False,1073.34,53.7,16,1006,340.6567531132282,291.77989815116194,340.6567531132283
T4_B2_N23_A_s800_n5,T4_B2_N23_A,800,336,-482,False,884.32,70.9,17,1154,135.42474949484972,187.6750956784278,135.42474949484972
T4_B2_N23_A_s800_n6,T4_B2_N23_A,800,-381,649,False,819.73,75.3,14,765,1303.1296374950748,133.23418495105005,1303.1296374950748
T4_B2_N23_A_s800_n7,T4_B2_N23_A,800,1243,-852,False,1509.36,18.2,10,287,461.0835899361935,580.4970921048559,461.0835899361935
T4_B2_N23_B_s1000_n0,T4_B2_N23_B,1000,-69,629,False,583.44,157.3,14,1058,20.81296514197244,108.7878859064942,20.812965141972438
T4_B2_N23_B_s1000_n1,T4_B2_N23_B,1000,462,-430,False,930.78,93.6,16,1364,17.758258430033894,63.43925980064965,17.75825843003394
T4_B2_N23_B_s1000_n2,T4_B2_N23_B,1000,1045,1137,False,838.33,79.5,18,1288,34.09915613008834,85.92101446163454,34.09915613008834
T4_B2_N23_B_s1000_n3,T4_B2_N23_B,1000,843,686,True,390.19,358.5,12,1286,2.319329949260862,21.919857233318613,2.319329949260862
T4_B2_N23_B_s1000_n4,T4_B2_N23_B,1000,-375,258,False,907.85,91.9,17,1482,135.5857376590596,211.6496943411467,135.5857376590596
T4_B2_N23_B_s1000_n5,T4_B2_N23_B,1000,865,-808,False,1357.97,51.1,12,716,67.02381565101904,38.72244217910835,67.02381565101904
T4_B2_N23_B_s1000_n6,T4_B2_N23_B,1000,1373,-618,False,1418.47,36.3,12,524,199.80794142884605,68.25270291534665,199.80794142884605
T4_B2_N23_B_s1000_n7,T4_B2_N23_B,1000,60,616,True,455.03,351.7,11,1140,2.3193299492235733,56.57495248651932,2.3193299492235733
T4_B2_N23_B_s1200_n0,T4_B2_N23_B,1200,124,-600,False,1290.96,69.3,14,1247,67.05698539017851,62.73467977055822,67.05698539017851
T4_B2_N23_B_s1200_n1,T4_B2_N23_B,1200,-179,603,False,779.01,140.6,18,1941,70.83192427746437,124.65305219722578,70.83192427746437
T4_B2_N23_B_s1200_n2,T4_B2_N23_B,1200,744,-363,False,973.71,113.7,17,1669,8.19749355884237,33.92573654691045,8.19749355884237
T4_B2_N23_B_s1200_n3,T4_B2_N23_B,1200,94,-650,False,1348.53,63.5,14,1136,74.98020551583532,67.944738215325,74.98020551583532
T4_B2_N23_B_s1200_n4,T4_B2_N23_B,1200,-149,327,False,797.2,138.2,18,2070,81.273611289319,165.56230781400316,81.273611289319
T4_B2_N23_B_s1200_n5,T4_B2_N23_B,1200,961,718,True,379.8,358.5,19,1794,1191.9859407145773,28.92392567360189,28.923925673601936
T4_B2_N23_B_s1200_n7,T4_B2_N23_B,1200,1058,-105,False,840.71,121.7,19,2033,7.953406218663034,55.35637766642843,7.9534062186630194
T4_B2_N23_B_s400_n0,T4_B2_N23_B,400,-101,295,False,315.64,109.8,4,238,26.91196533695248,37.969870532464704,26.911965336952527
T4_B2_N23_B_s400_n2,T4_B2_N23_B,400,679,-62,False,545.97,47.0,5,170,65.34907017016039,58.18381126522166,65.34907017016039
T4_B2_N23_B_s400_n3,T4_B2_N23_B,400,150,632,False,434.88,69.7,4,177,23.71844534560844,21.72641768263709,23.71844534560844
T4_B2_N23_B_s400_n5,T4_B2_N23_B,400,-78,-104,False,411.95,66.4,4,177,9.932195339883478,18.22888594226399,9.932195339883478
T4_B2_N23_B_s400_n6,T4_B2_N23_B,400,92,-223,False,436.57,69.8,5,187,615.0840935013018,38.13398025057099,615.0840935013018
T4_B2_N23_B_s400_n7,T4_B2_N23_B,400,717,377,False,546.46,50.2,5,157,26.99601626478637,7.41903611222582,26.99601626478637
T4_B2_N23_B_s600_n0,T4_B2_N23_B,600,-338,143,False,657.03,69.8,9,372,61.858869235302166,68.79580845738042,61.858869235302166
T4_B2_N23_B_s600_n1,T4_B2_N23_B,600,289,236,True,64.94,358.4,4,657,2.319329950149661,5.091875118979655,2.319329950149646
T4_B2_N23_B_s600_n2,T4_B2_N23_B,600,-378,-417,False,986.8,45.4,14,720,101.85864494758783,80.14149875782438,101.8586449475878
T4_B2_N23_B_s600_n3,T4_B2_N23_B,600,37,591,True,392.24,161.9,7,413,2.137304361516133,42.2124930591208,2.137304361516133
T4_B2_N23_B_s600_n4,T4_B2_N23_B,600,-659,30,False,996.28,42.1,14,787,229.50634239553332,238.713283628402,229.50634239553335
T4_B2_N23_B_s600_n5,T4_B2_N23_B,600,84,249,True,221.94,351.7,6,580,2.31932994982823,12.61835878171427,2.319329949828215
T4_B2_N23_B_s600_n6,T4_B2_N23_B,600,592,152,True,327.37,195.8,7,521,2.3360774241453965,8.311385687084586,2.3360774241453965
T4_B2_N23_B_s600_n7,T4_B2_N23_B,600,213,294,True,87.21,358.2,4,650,2.3193299498604176,5.6890175970627626,2.3193299498604176
T4_B2_N23_B_s800_n0,T4_B2_N23_B,800,-379,177,False,810.29,79.3,17,1023,146.32964219327076,205.43401240044568,146.32964219327076
T4_B2_N23_B_s800_n1,T4_B2_N23_B,800,380,125,True,275.73,352.2,8,975,2.319329950459036,3.8939802698043295,2.319329950459036
T4_B2_N23_B_s800_n2,T4_B2_N23_B,800,-423,-655,False,1338.04,34.2,12,581,804.3093508075013,11.99990658639287,11.99990658639287
T4_B2_N23_B_s800_n3,T4_B2_N23_B,800,70,704,True,448.68,350.2,9,722,2.319329949226968,53.08024786588694,2.319329949226968
T4_B2_N23_B_s800_n4,T4_B2_N23_B,800,-185,318,False,590.72,116.9,11,678,28.98747093220799,63.3026470671428,28.98747093220799
T4_B2_N23_B_s800_n5,T4_B2_N23_B,800,1102,689,False,759.16,80.2,17,900,59.70427746457364,55.30777785350859,59.70427746457364
T4_B2_N23_B_s800_n6,T4_B2_N23_B,800,207,742,True,392.7,350.2,9,778,2.319329949240577,30.542394572172,2.319329949240577
T4_B2_N23_B_s800_n7,T4_B2_N23_B,800,1091,1502,False,1300.72,39.9,13,561,96.72452999597324,123.52079368798732,96.72452999597324
T4_B2_N23_C_s1000_n0,T4_B2_N23_C,1000,-338,122,False,919.31,80.6,9,426,247.1381810329739,276.0507724232634,276.05077242326337
T4_B2_N23_C_s1000_n1,T4_B2_N23_C,1000,610,432,True,129.32,358.5,4,703,5.990185626321638,2.4245883651287987,5.990185626321638
T4_B2_N23_C_s1000_n2,T4_B2_N23_C,1000,873,-785,False,1338.04,53.1,12,601,1884.085863539628,302.1838934592844,1884.085863539628
T4_B2_N23_C_s1000_n3,T4_B2_N23_C,1000,790,89,True,503.01,253.1,6,606,7.659959880874177,18.598072081754687,7.659959880874191
T4_B2_N23_C_s1000_n4,T4_B2_N23_C,1000,1206,-866,False,1537.66,47.0,14,783,339.9486586628085,252.2260622604196,339.9486586628085
T4_B2_N23_C_s1000_n5,T4_B2_N23_C,1000,424,616,True,138.68,357.2,4,674,2.982590456529202,2.3459803504282,2.982590456529202
T4_B2_N23_C_s1000_n6,T4_B2_N23_C,1000,536,561,True,70.83,358.5,4,718,8.702519649718264,4.78603665301279,8.702519649718264
T4_B2_N23_C_s1000_n7,T4_B2_N23_C,1000,1231,-417,False,1172.71,58.3,11,498,428.40500587136086,30.372974835925405,428.40500587136086
T4_B2_N23_C_s1200_n0,T4_B2_N23_C,1200,318,1829,False,1260.94,76.4,15,797,81.37393576883342,112.31021846689475,81.37393576883342
T4_B2_N23_C_s1200_n1,T4_B2_N23_C,1200,-507,-1103,False,2031.17,38.2,11,551,174.74656210019037,264.6702832155682,174.74656210019026
T4_B2_N23_C_s1200_n2,T4_B2_N23_C,1200,269,-894,False,1530.23,57.6,14,926,16.409167944851927,93.28576207933529,16.409167944851927
T4_B2_N23_C_s1200_n3,T4_B2_N23_C,1200,-122,-1390,False,2116.93,38.5,10,548,208.3113246651256,442.3781609125065,208.3113246651256
T4_B2_N23_C_s1200_n4,T4_B2_N23_C,1200,1473,-960,False,1787.66,48.0,13,969,286.95596780867976,267.3135284854602,286.95596780867976
T4_B2_N23_C_s1200_n5,T4_B2_N23_C,1200,1946,1520,False,1630.37,53.3,14,786,33.06317171333454,33.96405846104019,33.06317171333454
T4_B2_N23_C_s1200_n6,T4_B2_N23_C,1200,2033,544,False,1434.09,68.5,14,946,143.0480735990471,280.8642820212432,143.0480735990471
T4_B2_N23_C_s1200_n7,T4_B2_N23_C,1200,1408,1476,False,1191.74,69.4,16,694,31.622653419229827,36.66165351235773,31.622653419229827
T4_B2_N23_C_s400_n0,T4_B2_N23_C,400,-69,37,False,314.53,90.8,3,135,6.060772159829052,8.783657636521111,8.783657636521111
T4_B2_N23_C_s400_n1,T4_B2_N23_C,400,-78,1012,False,858.27,29.7,3,67,222.3701115812583,214.4757116642633,222.3701115812583
T4_B2_N23_C_s400_n2,T4_B2_N23_C,400,-1040,1426,False,1743.75,17.0,8,131,473.1700364473456,460.0509488907349,473.1700364473456
T4_B2_N23_C_s400_n3,T4_B2_N23_C,400,-197,-83,False,487.54,56.4,2,103,28.87904141587081,22.561741138846024,28.87904141587081
T4_B2_N23_C_s400_n4,T4_B2_N23_C,400,1932,-418,False,1838.95,14.8,8,203,1832.53353061318,1023.7663986323856,1023.7663986323856
T4_B2_N23_C_s400_n5,T4_B2_N23_C,400,307,263,True,124.17,254.6,2,94,6.347238579838681,3.023194735422045,6.347238579838681
T4_B2_N23_C_s400_n7,T4_B2_N23_C,400,7,-165,False,412.88,60.9,2,118,35.91427881173216,79.30408498118067,35.91427881173216
T4_B2_N23_C_s600_n0,T4_B2_N23_C,600,-1243,576,False,1567.49,24.3,11,346,137.56314186474296,235.13150499388576,235.1315049938856
T4_B2_N23_C_s600_n1,T4_B2_N23_C,600,-199,401,False,509.12,88.1,3,193,7.801236843797627,9.71988969077806,7.801236843797627
T4_B2_N23_C_s600_n2,T4_B2_N23_C,600,450,584,True,321.18,183.8,3,244,1.1537885870491733,7.373275651045379,1.1537885870491733
T4_B2_N23_C_s600_n3,T4_B2_N23_C,600,581,-564,False,908.55,41.5,4,173,90.15737028652676,48.90010892896875,90.1573702865268
T4_B2_N23_C_s600_n4,T4_B2_N23_C,600,1574,-895,False,1746.74,25.7,10,353,91.1948952862704,45.80415104491344,91.1948952862706
T4_B2_N23_C_s600_n5,T4_B2_N23_C,600,739,-780,False,1165.81,34.2,5,195,70.43622570144584,146.41636453398348,70.43622570144584
T4_B2_N23_C_s600_n6,T4_B2_N23_C,600,1641,882,False,1461.85,26.8,8,168,289.5249741588263,262.05180907515194,289.5249741588263
T4_B2_N23_C_s600_n7,T4_B2_N23_C,600,598,2309,False,2030.98,18.8,6,137,125.25347386512232,270.8194521940801,270.8194521940801
T4_B2_N23_C_s800_n0,T4_B2_N23_C,800,557,-324,False,740.83,78.8,6,349,126.08315880266548,56.793127193653056,126.08315880266544
T4_B2_N23_C_s800_n1,T4_B2_N23_C,800,702,-1803,False,2223.6,23.5,5,248,147.7752865569575,143.77127518875082,143.77127518875076
T4_B2_N23_C_s800_n2,T4_B2_N23_C,800,1643,-377,False,1465.87,38.2,11,367,365.42369240386415,252.0927042979328,365.42369240386415
T4_B2_N23_C_s800_n5,T4_B2_N23_C,800,-223,-506,False,1099.53,49.9,7,264,221.4765656577873,174.4946690558947,221.4765656577873
T4_B2_N23_C_s800_n6,T4_B2_N23_C,800,1331,26,False,1003.31,56.1,6,301,100.5317549506954,109.4522234424218,100.53175495069536
T4_B2_N23_C_s800_n7,T4_B2_N23_C,800,285,-583,False,989.7,61.7,5,277,38.06910818522332,66.6642764251912,38.06910818522332
T4_B2_N23_D_s1000_n0,T4_B2_N23_D,1000,520,1686,False,1186.17,62.3,9,379,1596.8115991048066,744.8360730910852,1596.8115991048066
T4_B2_N23_D_s1000_n1,T4_B2_N23_D,1000,587,587,True,123.04,358.4,4,660,14.175855777345182,43.41483917113191,14.175855777345182
T4_B2_N23_D_s1000_n2,T4_B2_N23_D,1000,299,438,True,210.34,354.7,5,600,32.10410110840071,41.399372900115424,32.10410110840071
T4_B2_N23_D_s1000_n3,T4_B2_N23_D,1000,1536,-849,False,1700.91,42.1,11,590,961.7105022180835,914.5232756194516,961.7105022180835
T4_B2_N23_D_s1000_n4,T4_B2_N23_D,1000,466,-716,False,1216.48,64.9,12,534,164.3803088555368,184.847562905548,164.3803088555368
T4_B2_N23_D_s1000_n5,T4_B2_N23_D,1000,368,2020,False,1525.72,48.7,12,697,1127.5865550470576,920.969602594181,1127.5865550470576
T4_B2_N23_D_s1000_n7,T4_B2_N23_D,1000,-249,1871,False,1562.26,46.9,12,699,1021.1961947415656,752.6018476463823,1021.1961947415656
T4_B2_N23_D_s1200_n0,T4_B2_N23_D,1200,1828,-741,False,1818.31,46.3,11,706,1147.1926861140048,1108.8850324310415,1147.1926861140048
T4_B2_N23_D_s1200_n1,T4_B2_N23_D,1200,250,-583,False,1233.69,76.9,13,692,173.75929828530428,260.03311326237,173.75929828530428
T4_B2_N23_D_s1200_n2,T4_B2_N23_D,1200,818,1256,False,691.27,164.5,6,512,32.44084345976247,201.72741335029687,32.44084345976247
T4_B2_N23_D_s1200_n3,T4_B2_N23_D,1200,1205,-390,False,1160.23,71.0,12,594,329.52836518605056,719.206373398191,329.52836518605056
T4_B2_N23_D_s1200_n4,T4_B2_N23_D,1200,2311,142,False,1771.24,47.8,11,807,816.4355229416822,857.2726103526617,816.4355229416822
T4_B2_N23_D_s1200_n5,T4_B2_N23_D,1200,-486,315,False,1122.77,90.4,13,782,200.09279885795647,98.9574504279013,200.09279885795647
T4_B2_N23_D_s1200_n6,T4_B2_N23_D,1200,1589,2457,False,2103.94,39.7,11,545,1182.5742603731835,1084.029012007327,1182.5742603731835
T4_B2_N23_D_s1200_n7,T4_B2_N23_D,1200,339,-829,False,1452.64,66.2,12,614,147.04287247461798,174.43966008660882,147.04287247461795
T4_B2_N23_D_s400_n0,T4_B2_N23_D,400,-144,888,False,769.21,28.9,2,53,1162.1239638545037,820.8806326917901,820.8806326917901
T4_B2_N23_D_s400_n2,T4_B2_N23_D,400,156,254,True,69.66,325.5,2,86,208.65107259361056,13.495068219247733,208.65107259361056
T4_B2_N23_D_s400_n3,T4_B2_N23_D,400,614,247,False,416.66,67.0,2,99,44.64136446255919,80.1895305758511,44.64136446255919
T4_B2_N23_D_s400_n4,T4_B2_N23_D,400,94,252,True,118.07,253.9,2,101,12.912455345609503,13.09193019846434,12.912455345609503
T4_B2_N23_D_s400_n5,T4_B2_N23_D,400,-95,-959,False,1195.95,22.2,4,59,482.0212396858039,427.48072129508057,482.0212396858039
T4_B2_N23_D_s400_n6,T4_B2_N23_D,400,443,-132,False,411.43,61.6,2,96,52.6927242110793,69.9641328781829,52.69272421107933
T4_B2_N23_D_s400_n7,T4_B2_N23_D,400,149,40,True,167.93,166.5,2,88,14.546468499705842,30.65970943359458,14.546468499705842
T4_B2_N23_D_s600_n0,T4_B2_N23_D,600,170,589,True,316.89,184.8,4,266,14.030444092088944,49.7462979137771,14.03044409208892
T4_B2_N23_D_s600_n1,T4_B2_N23_D,600,-378,-556,False,1091.98,38.7,7,140,91.09935761948616,226.5837819595048,91.09935761948616
T4_B2_N23_D_s600_n2,T4_B2_N23_D,600,775,-1032,False,1414.16,30.5,7,222,4423.389770761132,1084.876755466131,1084.876755466131
T4_B2_N23_D_s600_n3,T4_B2_N23_D,600,-496,-30,False,861.69,48.2,5,136,92.72754810015122,92.6652207950796,92.72754810015122
T4_B2_N23_D_s600_n4,T4_B2_N23_D,600,563,-313,False,667.04,60.5,4,139,56.201926720864,116.8815572295144,56.201926720864
T4_B2_N23_D_s600_n5,T4_B2_N23_D,600,271,-45,False,346.22,151.9,4,205,38.74614641456221,44.82496068017479,38.74614641456221
T4_B2_N23_D_s600_n6,T4_B2_N23_D,600,52,-291,False,640.93,67.4,5,137,85.11356859844959,105.39315685119298,85.11356859844959
T4_B2_N23_D_s600_n7,T4_B2_N23_D,600,573,1890,False,1613.27,21.8,9,254,1007.8589490547258,1533.3407699214747,1007.8589490547256
T4_B2_N23_D_s800_n0,T4_B2_N23_D,800,-440,-517,False,1243.58,46.0,12,410,268.87425081856907,227.2991762303349,268.87425081856907
T4_B2_N23_D_s800_n1,T4_B2_N23_D,800,-516,734,False,974.99,55.1,10,285,153.69455348083014,525.1981424318277,153.69455348083014
T4_B2_N23_D_s800_n3,T4_B2_N23_D,800,-528,-402,False,1226.53,47.9,12,412,324.9093958729144,226.5754811273528,324.9093958729144
T4_B2_N23_D_s800_n4,T4_B2_N23_D,800,-798,81,False,1239.74,45.2,11,435,233.4820119138525,125.43121243533888,233.4820119138525
T4_B2_N23_D_s800_n5,T4_B2_N23_D,800,-506,98,False,955.01,58.3,8,266,73.47859572208085,108.39785162294056,73.47859572208085
T4_B2_N23_D_s800_n6,T4_B2_N23_D,800,-104,1305,False,1035.88,47.2,6,213,473.4659800035468,643.445896670636,473.4659800035468
T4_B2_N23_D_s800_n7,T4_B2_N23_D,800,550,746,True,377.12,216.6,4,361,36.0531492842393,74.03362225158877,36.0531492842393
T4_B2_N24_A_s1000_n0,T4_B2_N24_A,1000,615,1729,False,1234.37,64.2,10,780,1684.214728788978,124.49175472748315,124.49175472748315
T4_B2_N24_A_s1000_n1,T4_B2_N24_A,1000,-719,-93,False,1355.58,53.2,16,1073,256.78835837565805,139.10760080389937,256.78835837565805
T4_B2_N24_A_s1000_n2,T4_B2_N24_A,1000,2121,933,False,1677.83,40.9,14,1080,1301.416464857408,669.6810665171206,1301.416464857408
T4_B2_N24_A_s1000_n3,T4_B2_N24_A,1000,965,1479,False,1083.82,64.0,10,720,9.358371586761356,294.3489301579072,9.358371586761356
T4_B2_N24_A_s1000_n4,T4_B2_N24_A,1000,81,935,True,603.98,122.6,9,473,21.89627398725977,57.56585214856375,21.89627398725967
T4_B2_N24_A_s1000_n5,T4_B2_N24_A,1000,-601,1534,False,1510.42,48.4,16,766,200.1591829181305,332.57848888411667,200.15918291813077
T4_B2_N24_A_s1000_n6,T4_B2_N24_A,1000,610,2328,False,1831.31,37.0,12,1006,184.9124296667488,250.00155289910265,184.9124296667488
T4_B2_N24_A_s1000_n7,T4_B2_N24_A,1000,624,2446,False,1949.95,36.2,10,916,108.427388957914,257.5388609841569,108.427388957914
T4_B2_N24_A_s1200_n0,T4_B2_N24_A,1200,189,-131,False,838.62,120.6,11,737,165.89110332680994,191.73736988348065,191.73736988348065
T4_B2_N24_A_s1200_n1,T4_B2_N24_A,1200,757,-893,False,1501.23,61.2,16,1298,231.2064571498459,455.0616930121595,231.2064571498459
T4_B2_N24_A_s1200_n2,T4_B2_N24_A,1200,1017,729,True,436.5,355.1,9,830,34.15487235348669,3.807920643779331,34.15487235348669
T4_B2_N24_A_s1200_n3,T4_B2_N24_A,1200,322,1370,False,818.65,131.4,10,754,100.69616623663,166.90924424488898,100.69616623663
T4_B2_N24_A_s1200_n4,T4_B2_N24_A,1200,1236,2835,False,2323.73,32.3,9,682,972.4022849372964,237.28988941339472,972.4022849372968
T4_B2_N24_A_s1200_n5,T4_B2_N24_A,1200,-808,363,False,1427.81,65.4,16,1658,120.86789256456072,66.6149370650589,120.86789256456072
T4_B2_N24_A_s1200_n6,T4_B2_N24_A,1200,2142,-1060,False,2265.69,31.0,11,825,696.0387181600076,690.2285928142267,696.0387181600076
T4_B2_N24_A_s1200_n7,T4_B2_N24_A,1200,967,372,True,432.06,340.0,8,766,26.35613367381622,39.64886394371715,26.356133673816103
T4_B2_N24_A_s400_n1,T4_B2_N24_A,400,308,174,True,111.09,285.9,2,97,30.45776091333213,26.87014683607415,30.45776091333213
T4_B2_N24_A_s400_n3,T4_B2_N24_A,400,73,1418,False,1224.6,19.2,3,68,234.70354743694327,690.5041821720347,690.5041821720347
T4_B2_N24_A_s400_n5,T4_B2_N24_A,400,377,-646,False,864.32,30.9,2,61,313.3053028028854,198.44556741068808,313.3053028028854
T4_B2_N24_A_s400_n6,T4_B2_N24_A,400,-398,7,False,628.37,43.3,3,79,684.6789780891527,393.090040031767,684.6789780891527
T4_B2_N24_A_s400_n7,T4_B2_N24_A,400,50,-126,False,358.85,76.5,3,89,82.56534343843988,81.30129387073805,81.30129387073805
T4_B2_N24_A_s600_n0,T4_B2_N24_A,600,428,120,True,220.87,320.1,4,260,25.570552177410768,24.08950013109948,25.570552177410768
T4_B2_N24_A_s600_n3,T4_B2_N24_A,600,-113,-588,False,979.34,40.7,5,149,1240.6382516625963,379.5589176174901,1240.6382516625963
T4_B2_N24_A_s600_n4,T4_B2_N24_A,600,-405,-270,False,906.6,47.5,6,175,410.8427712461876,193.6158718802629,193.6158718802629
T4_B2_N24_A_s600_n5,T4_B2_N24_A,600,-256,-98,False,683.77,59.1,5,161,464.907594937974,100.7596937039637,464.907594937974
T4_B2_N24_A_s600_n6,T4_B2_N24_A,600,-347,-172,False,800.87,49.1,5,168,253.0037587966463,183.74028742092332,253.0037587966463
T4_B2_N24_A_s600_n7,T4_B2_N24_A,600,472,-122,False,455.71,100.5,4,179,42.02493035606875,70.79465708084996,42.02493035606875
T4_B2_N24_A_s800_n0,T4_B2_N24_A,800,536,1592,False,1199.73,49.8,8,541,1662.412546251816,93.28211333191676,93.28211333191686
T4_B2_N24_A_s800_n1,T4_B2_N24_A,800,1848,1730,False,1966.11,29.0,11,510,1520.1295448499925,1194.4776994851582,1520.1295448499925
T4_B2_N24_A_s800_n2,T4_B2_N24_A,800,35,2300,False,1934.74,26.2,10,505,372.9360186407363,776.9106063824562,372.9360186407363
T4_B2_N24_A_s800_n3,T4_B2_N24_A,800,716,691,True,429.58,274.4,6,406,28.189028349533324,21.195155224735466,28.189028349533324
T4_B2_N24_A_s800_n4,T4_B2_N24_A,800,-1162,1082,False,1704.4,33.2,13,723,663.2706016271949,491.3976213449008,663.2706016271949
T4_B2_N24_A_s800_n5,T4_B2_N24_A,800,1692,-94,False,1383.22,39.5,9,313,1224.3471092704333,238.01933231645305,1224.3471092704333
T4_B2_N24_A_s800_n6,T4_B2_N24_A,800,678,-402,False,848.82,67.7,6,267,1272.1910399360038,69.40903574923576,1272.1910399360038
T4_B2_N24_A_s800_n7,T4_B2_N24_A,800,-537,1970,False,1828.35,32.5,12,552,1390.7817188627266,675.4697776632838,1390.7817188627266
T4_B2_N24_B_s1000_n0,T4_B2_N24_B,1000,418,-360,False,863.9,103.9,9,555,87.85389414539972,132.50173738127512,87.85389414539972
T4_B2_N24_B_s1000_n1,T4_B2_N24_B,1000,1794,2110,False,2065.56,33.4,11,497,482.3327201210067,353.62942053363787,482.3327201210067
T4_B2_N24_B_s1000_n2,T4_B2_N24_B,1000,-107,916,False,735.87,106.0,9,664,108.49285007088392,94.64380534250785,108.49285007088392
T4_B2_N24_B_s1000_n3,T4_B2_N24_B,1000,-497,1554,False,1450.84,49.4,15,813,230.5680307503767,281.8598830285956,230.5680307503767
T4_B2_N24_B_s1000_n4,T4_B2_N24_B,1000,722,2860,False,2370.42,29.0,7,333,646.0135189084266,645.2717581799664,646.0135189084266
T4_B2_N24_B_s1000_n5,T4_B2_N24_B,1000,475,-912,False,1412.22,53.3,14,733,143.959808905543,139.23359942334434,143.959808905543
T4_B2_N24_B_s1000_n6,T4_B2_N24_B,1000,692,-94,False,624.26,137.7,7,582,70.14572054022177,62.78065818628823,70.14572054022177
T4_B2_N24_B_s1000_n7,T4_B2_N24_B,1000,874,669,True,410.41,255.5,5,542,66.50946970844554,54.66089701691275,66.50946970844554
T4_B2_N24_B_s1200_n0,T4_B2_N24_B,1200,1489,2448,False,2050.71,41.2,12,664,492.5838858454259,506.22722123556986,492.5838858454256
T4_B2_N24_B_s1200_n1,T4_B2_N24_B,1200,-841,1040,False,1506.68,59.9,15,1044,150.7848391719134,168.21265019533578,150.7848391719135
T4_B2_N24_B_s1200_n2,T4_B2_N24_B,1200,451,435,True,222.32,355.0,6,879,23.200076036999736,23.04035679450274,23.200076036999736
T4_B2_N24_B_s1200_n3,T4_B2_N24_B,1200,307,839,True,378.11,354.1,7,879,56.91246311524439,49.08214239110198,56.91246311524439
T4_B2_N24_B_s1200_n4,T4_B2_N24_B,1200,1875,674,False,1277.15,78.6,16,903,1987.3487067604144,138.8539459125328,138.8539459125328
T4_B2_N24_B_s1200_n5,T4_B2_N24_B,1200,-363,2252,False,1912.19,44.8,12,807,235.7512528027802,209.7395218790589,235.7512528027802
T4_B2_N24_B_s1200_n6,T4_B2_N24_B,1200,433,-907,False,1516.22,63.1,14,1044,143.75506207280543,154.38464923774072,143.75506207280543
T4_B2_N24_B_s1200_n7,T4_B2_N24_B,1200,809,546,True,215.86,355.9,5,853,26.39886411487672,36.45769673542329,26.39886411487672
T4_B2_N24_B_s400_n1,T4_B2_N24_B,400,403,1447,False,1263.42,18.7,3,88,308.9859540677341,442.4205028379112,308.9859540677341
T4_B2_N24_B_s400_n2,T4_B2_N24_B,400,-1565,-61,False,1784.19,13.9,8,183,985.3385144092005,1194.6052112751695,985.3385144092005
T4_B2_N24_B_s400_n3,T4_B2_N24_B,400,-52,-325,False,582.35,47.0,3,115,220.4279082412041,151.33594812151406,220.4279082412041
T4_B2_N24_B_s400_n4,T4_B2_N24_B,400,-433,-900,False,1269.13,20.2,4,82,1829.321829079011,89.248759159283,1829.321829079011
T4_B2_N24_B_s400_n5,T4_B2_N24_B,400,1702,60,False,1508.51,16.0,5,78,868.8305932654938,931.1443716213802,868.8305932654938
T4_B2_N24_B_s400_n6,T4_B2_N24_B,400,79,-272,False,487.26,57.7,3,137,179.1339795768793,198.6322252637797,179.1339795768793
T4_B2_N24_B_s600_n0,T4_B2_N24_B,600,94,1851,False,1564.62,25.0,7,206,1493.1386291460635,446.6279938952653,1493.1386291460635
T4_B2_N24_B_s600_n2,T4_B2_N24_B,600,602,-447,False,805.74,49.3,5,176,67.97861841764129,141.8971953104456,67.97861841764129
T4_B2_N24_B_s600_n3,T4_B2_N24_B,600,-14,367,False,321.07,169.5,4,202,105.80035287354814,60.94191810246729,105.80035287354814
T4_B2_N24_B_s600_n4,T4_B2_N24_B,600,-126,-532,False,934.72,44.2,7,216,334.31848875992546,412.7207697366868,412.7207697366868
T4_B2_N24_B_s600_n5,T4_B2_N24_B,600,913,2230,False,2025.01,19.9,9,248,655.7932897329608,962.9342832579156,655.7932897329608
T4_B2_N24_B_s600_n6,T4_B2_N24_B,600,882,1081,False,974.0,43.4,5,210,187.82383912404543,171.45064487225923,187.82383912404543
T4_B2_N24_B_s600_n7,T4_B2_N24_B,600,179,-573,False,881.35,44.8,5,186,261.21256206797,291.7740299683532,261.21256206797
T4_B2_N24_B_s800_n0,T4_B2_N24_B,800,1938,-589,False,1828.54,32.5,11,474,1556.4557276516036,402.5428069072812,402.5428069072812
T4_B2_N24_B_s800_n1,T4_B2_N24_B,800,-1215,-961,False,2112.0,17.9,7,171,790.6145498948774,328.9207289543717,790.6145498948774
T4_B2_N24_B_s800_n2,T4_B2_N24_B,800,-489,-752,False,1455.14,40.8,13,524,217.0165336106196,509.353080040759,217.0165336106196
T4_B2_N24_B_s800_n3,T4_B2_N24_B,800,-880,2301,False,2291.77,10.7,7,107,1482.787938378983,1283.815758729662,1482.7879383789832
T4_B2_N24_B_s800_n4,T4_B2_N24_B,800,1944,1966,False,2199.16,19.7,9,230,1153.3814973678725,540.622217004045,1153.3814973678725
T4_B2_N24_B_s800_n6,T4_B2_N24_B,800,-736,-409,False,1394.62,41.8,14,545,343.37265279995586,59.492006819342286,343.37265279995586
T4_B2_N24_B_s800_n7,T4_B2_N24_B,800,145,-663,False,1093.16,55.3,8,327,27.55633242176636,115.8554266409092,27.556332421766346
T4_B2_N24_C_s1000_n0,T4_B2_N24_C,1000,-915,-35,False,1512.76,45.2,13,559,238.6473618851576,187.79740993457384,238.6473618851578
T4_B2_N24_C_s1000_n1,T4_B2_N24_C,1000,502,-696,False,1196.0,68.4,8,322,57.26408821279127,95.42825214503452,57.26408821279127
T4_B2_N24_C_s1000_n2,T4_B2_N24_C,1000,-410,-316,False,1222.27,56.6,13,401,181.3862628842584,253.47556946000265,181.38626288425837
T4_B2_N24_C_s1000_n3,T4_B2_N24_C,1000,266,-1647,False,2159.71,31.8,8,376,93.02999332758104,98.29535692281551,93.02999332758108
T4_B2_N24_C_s1000_n4,T4_B2_N24_C,1000,210,-560,False,1098.95,70.1,8,302,121.19909794195594,170.30110719274052,121.19909794195594
T4_B2_N24_C_s1000_n5,T4_B2_N24_C,1000,-506,248,False,1037.08,72.0,8,360,156.8846612005788,121.20673509222186,156.8846612005788
T4_B2_N24_C_s1000_n6,T4_B2_N24_C,1000,-221,593,False,726.97,120.2,7,385,13.10874927142972,35.62097337702599,13.10874927142972
T4_B2_N24_C_s1000_n7,T4_B2_N24_C,1000,506,-275,False,775.02,104.9,6,299,46.76567109994459,44.38370971025213,46.76567109994454
T4_B2_N24_C_s1200_n0,T4_B2_N24_C,1200,614,2,True,598.16,180.3,8,505,2.5340587510388204,29.0604584568024,2.5340587510388204
T4_B2_N24_C_s1200_n1,T4_B2_N24_C,1200,1015,515,True,423.62,351.8,6,543,6.6629043500710665,17.42067548790752,6.6629043500710665
T4_B2_N24_C_s1200_n2,T4_B2_N24_C,1200,433,-96,False,715.75,150.0,9,493,41.61275206607868,33.66797016505434,41.61275206607868
T4_B2_N24_C_s1200_n3,T4_B2_N24_C,1200,645,-465,False,1065.95,98.1,9,428,63.332529194936605,78.98852395164337,63.332529194936605
T4_B2_N24_C_s1200_n4,T4_B2_N24_C,1200,2023,990,False,1475.48,61.5,14,685,135.26000152722173,122.83894020718864,135.2600015272213
T4_B2_N24_C_s1200_n5,T4_B2_N24_C,1200,939,1896,False,1339.6,70.5,15,582,58.24078607600187,49.65076080299984,58.240786076001925
T4_B2_N24_C_s1200_n6,T4_B2_N24_C,1200,-569,194,False,1237.5,74.8,15,762,170.7571727866985,91.05320326488112,170.7571727866985
T4_B2_N24_C_s1200_n7,T4_B2_N24_C,1200,-421,-625,False,1594.7,54.4,14,669,241.201010089534,274.0554794249327,241.201010089534
T4_B2_N24_C_s400_n0,T4_B2_N24_C,400,1003,-391,False,997.04,28.3,3,48,268.225848387664,91.36462229924904,268.225848387664
T4_B2_N24_C_s400_n1,T4_B2_N24_C,400,725,-233,False,680.52,39.6,3,54,237.7688443929721,159.41436311718752,237.7688443929721
T4_B2_N24_C_s400_n2,T4_B2_N24_C,400,-167,399,False,417.48,56.8,2,57,21.26980743370104,17.66146399840713,21.26980743370104
T4_B2_N24_C_s400_n4,T4_B2_N24_C,400,-383,895,False,907.15,30.6,4,65,445.23908967681314,208.672831771006,445.23908967681314
T4_B2_N24_C_s400_n5,T4_B2_N24_C,400,-131,136,False,337.13,87.2,2,69,5.625307613895286,20.737596055157866,5.625307613895286
T4_B2_N24_C_s400_n6,T4_B2_N24_C,400,-278,-175,False,607.54,39.0,3,64,148.29293415647032,122.96276051066718,148.2929341564703
T4_B2_N24_C_s400_n7,T4_B2_N24_C,400,153,74,True,134.48,271.7,2,88,6.632539919242581,5.450230767886982,6.632539919242581
T4_B2_N24_C_s600_n0,T4_B2_N24_C,600,1132,2179,False,2054.96,19.3,7,128,460.4179692169358,419.6787997271832,460.4179692169358
T4_B2_N24_C_s600_n1,T4_B2_N24_C,600,-1243,-633,False,1803.15,23.1,9,206,127.7970340664936,159.9229018618917,159.92290186189186
T4_B2_N24_C_s600_n2,T4_B2_N24_C,600,-46,1291,False,1049.67,38.5,5,114,483.59669103759177,25.07034094084564,483.59669103759177
T4_B2_N24_C_s600_n3,T4_B2_N24_C,600,2220,1363,False,2194.62,11.0,5,63,1116.3724380426825,724.6644553014207,1116.3724380426825
T4_B2_N24_C_s600_n4,T4_B2_N24_C,600,85,-517,False,844.82,46.4,4,107,38.1287595336584,85.10032588966784,38.1287595336584
T4_B2_N24_C_s600_n5,T4_B2_N24_C,600,593,1737,False,1466.57,27.2,6,116,88.04257790784406,287.8781430315787,88.04257790784406
T4_B2_N24_C_s600_n6,T4_B2_N24_C,600,-1098,-1240,False,2079.9,13.5,5,55,337.3280753025037,391.6738576327735,337.3280753025037
T4_B2_N24_C_s600_n7,T4_B2_N24_C,600,499,-18,False,375.13,153.4,4,150,9.700036289472576,19.24961523817176,9.700036289472576
T4_B2_N24_C_s800_n0,T4_B2_N24_C,800,1054,-1191,False,1720.17,32.1,11,376,327.4674155168005,451.31173349420754,327.46741551680054
T4_B2_N24_C_s800_n1,T4_B2_N24_C,800,-123,1726,False,1425.41,37.3,10,193,507.02498284067633,356.5203415345691,507.0249828406761
T4_B2_N24_C_s800_n2,T4_B2_N24_C,800,761,409,True,361.11,221.1,4,250,4.414404108103735,12.85159399065287,4.414404108103735
T4_B2_N24_C_s800_n4,T4_B2_N24_C,800,27,1874,False,1520.46,33.6,12,241,1890.4872195720943,297.5146236086631,1890.4872195720943
T4_B2_N24_C_s800_n5,T4_B2_N24_C,800,499,1631,False,1234.97,47.1,7,187,1634.2889764846368,79.09708574576226,79.09708574576226
T4_B2_N24_C_s800_n6,T4_B2_N24_C,800,2202,-859,False,2198.25,21.5,7,217,300.6490372507028,363.345311197521,300.64903725070263
T4_B2_N24_C_s800_n7,T4_B2_N24_C,800,1850,741,False,1489.56,37.3,11,259,810.9321999235684,341.0204997257267,810.9321999235684
T4_B2_N24_D_s1000_n0,T4_B2_N24_D,1000,1064,2470,False,2049.15,33.8,8,233,204.67919780605905,160.9261810924051,204.67919780605905
T4_B2_N24_D_s1000_n1,T4_B2_N24_D,1000,-575,1706,False,1615.57,45.5,11,378,181.73691473686324,218.42610618375053,181.73691473686324
T4_B2_N24_D_s1000_n3,T4_B2_N24_D,1000,-1084,-927,False,2131.99,26.4,8,188,78.29212483266099,102.56452981339127,78.29212483266099
T4_B2_N24_D_s1000_n4,T4_B2_N24_D,1000,1781,-775,False,1807.37,40.4,10,310,126.85924971142138,117.11922732493244,126.85924971142138
T4_B2_N24_D_s1000_n5,T4_B2_N24_D,1000,-307,-740,False,1479.48,48.5,12,377,222.64814082191705,226.9750584254461,222.64814082191705
T4_B2_N24_D_s1000_n6,T4_B2_N24_D,1000,321,-1109,False,1618.93,45.1,11,365,227.00832898271105,335.508266211994,227.00832898271108
T4_B2_N24_D_s1000_n7,T4_B2_N24_D,1000,463,-163,False,664.03,142.1,6,383,36.706352393717566,87.38694245159243,36.706352393717566
T4_B2_N24_D_s1200_n0,T4_B2_N24_D,1200,-191,2037,False,1640.32,51.5,12,465,174.6319754392055,193.7777356718457,174.63197543920566
T4_B2_N24_D_s1200_n1,T4_B2_N24_D,1200,-543,316,False,1177.75,81.1,13,474,27.640070521818867,11.450592748502247,27.640070521818867
T4_B2_N24_D_s1200_n2,T4_B2_N24_D,1200,1842,1921,False,1813.18,46.6,10,411,169.81615601282638,145.79188779898502,169.8161560128266
T4_B2_N24_D_s1200_n3,T4_B2_N24_D,1200,-869,747,False,1476.34,67.0,12,566,63.35182608567603,128.8760917125154,63.35182608567603
T4_B2_N24_D_s1200_n4,T4_B2_N24_D,1200,-119,-182,False,1062.3,76.4,13,457,1793.2263094571983,4.503381742971786,1793.2263094571983
T4_B2_N24_D_s1200_n5,T4_B2_N24_D,1200,809,774,True,271.95,358.4,6,661,37.1762891346164,36.58811908295524,37.1762891346164
T4_B2_N24_D_s1200_n6,T4_B2_N24_D,1200,-258,1034,False,961.52,97.1,9,430,41.90653976623327,119.50937651916054,41.90653976623325
T4_B2_N24_D_s1200_n7,T4_B2_N24_D,1200,612,-981,False,1581.05,59.3,12,474,259.4406130860874,281.0069792416642,259.4406130860874
T4_B2_N24_D_s400_n0,T4_B2_N24_D,400,-176,365,False,410.61,64.5,2,88,68.7253619818671,56.57441712660452,68.7253619818671
T4_B2_N24_D_s400_n1,T4_B2_N24_D,400,-40,198,False,240.01,142.1,2,70,24.698387534200368,21.25598646498318,24.69838753420034
T4_B2_N24_D_s400_n3,T4_B2_N24_D,400,-1345,357,False,1552.96,15.6,5,62,526.812513276842,764.5714156304265,764.5714156304265
T4_B2_N24_D_s400_n5,T4_B2_N24_D,400,-1487,63,False,1692.55,13.9,8,131,475.0174661215775,663.853884412699,663.853884412699
T4_B2_N24_D_s400_n6,T4_B2_N24_D,400,-79,-157,False,453.09,55.9,2,84,26.43252092503392,82.50056781369847,26.43252092503392
T4_B2_N24_D_s400_n7,T4_B2_N24_D,400,364,-52,False,300.67,86.1,3,90,24.51076901821052,33.51578520412388,24.51076901821056
T4_B2_N24_D_s600_n0,T4_B2_N24_D,600,-425,-1047,False,1529.72,27.9,7,137,642.8153711645793,558.8851647229166,642.8153711645793
T4_B2_N24_D_s600_n1,T4_B2_N24_D,600,-221,-444,False,908.28,42.6,4,95,221.70461146208555,19.822389591403248,221.70461146208555
T4_B2_N24_D_s600_n2,T4_B2_N24_D,600,1521,-1098,False,1856.14,23.4,8,124,1325.6703219555804,202.39744602445464,1325.6703219555804
T4_B2_N24_D_s600_n3,T4_B2_N24_D,600,-335,119,False,660.29,70.6,4,142,40.48757882273213,54.70669622322204,40.48757882273213
T4_B2_N24_D_s600_n4,T4_B2_N24_D,600,380,408,True,134.4,348.5,3,179,26.40441326975641,27.775393892615007,26.40441326975641
T4_B2_N24_D_s600_n5,T4_B2_N24_D,600,-236,-454,False,925.1,42.9,4,91,278.6950421515628,10.69498053079967,278.6950421515628
T4_B2_N24_D_s600_n6,T4_B2_N24_D,600,453,-879,False,1188.89,32.3,4,112,486.7902742990502,432.5728791987523,486.7902742990502
T4_B2_N24_D_s600_n7,T4_B2_N24_D,600,1013,1613,False,1494.1,26.7,9,137,868.5299553399697,340.2422365177612,868.5299553399697
T4_B2_N24_D_s800_n0,T4_B2_N24_D,800,207,1899,False,1511.37,35.5,9,208,133.56194926030054,115.9146330053596,133.56194926030057
T4_B2_N24_D_s800_n1,T4_B2_N24_D,800,419,738,True,338.53,215.5,4,324,24.55330896918852,29.43722651625011,24.553308969188517
T4_B2_N24_D_s800_n2,T4_B2_N24_D,800,-613,-683,False,1482.92,38.8,12,270,426.3143543237306,301.27751044845576,426.3143543237306
T4_B2_N24_D_s800_n3,T4_B2_N24_D,800,-464,-227,False,1067.53,50.1,6,153,147.26860158241078,124.66715491223736,147.26860158241078
T4_B2_N24_D_s800_n4,T4_B2_N24_D,800,-517,-55,False,1023.68,53.7,6,158,107.08210898250644,70.3257149977253,70.3257149977253
T4_B2_N24_D_s800_n5,T4_B2_N24_D,800,245,-168,False,588.77,115.8,4,245,66.96589552301327,65.50409932345323,66.96589552301327
T4_B2_N24_D_s800_n6,T4_B2_N24_D,800,667,-328,False,775.42,79.5,6,225,79.71435811219185,119.22204624175689,79.71435811219185
T4_B2_N24_D_s800_n7,T4_B2_N24_D,800,-385,734,False,853.1,61.3,5,173,151.81662423949365,119.5162744890406,151.81662423949365
T4_B3_N14_A_s1000_n0,T4_B3_N14_A,1000,411,-395,False,899.41,96.6,10,453,107.44419903775288,107.33286463728864,107.4441990377528
T4_B3_N14_A_s1000_n1,T4_B3_N14_A,1000,21,-157,False,813.07,83.0,12,566,28.14391035969935,123.99932736783704,123.99932736783704
T4_B3_N14_A_s1000_n2,T4_B3_N14_A,1000,-283,101,False,878.8,86.0,13,582,30.868940969491927,96.95362334184574,30.868940969491927
T4_B3_N14_A_s1000_n3,T4_B3_N14_A,1000,-519,2123,False,1916.37,29.4,11,807,1559.687924715829,1372.6347404725052,1559.687924715829
T4_B3_N14_A_s1000_n4,T4_B3_N14_A,1000,944,243,True,513.02,231.3,8,581,15.553305108285889,84.60506191770736,15.553305108285777
T4_B3_N14_A_s1000_n5,T4_B3_N14_A,1000,-404,307,False,924.37,92.1,12,569,51.6072679911968,71.06880121550934,51.6072679911968
T4_B3_N14_A_s1000_n6,T4_B3_N14_A,1000,-402,1482,False,1333.39,53.1,16,866,1071.4609710017812,955.9531834456568,1071.4609710017812
T4_B3_N14_A_s1000_n7,T4_B3_N14_A,1000,557,-852,False,1353.2,57.5,15,974,291.3782648503634,309.2817290650696,291.3782648503634
T4_B3_N14_A_s1200_n0,T4_B3_N14_A,1200,1930,-486,False,1717.06,49.7,15,1281,181.5626307571424,504.0799981755844,181.5626307571424
T4_B3_N14_A_s1200_n1,T4_B3_N14_A,1200,78,1125,True,740.34,159.9,16,760,1584.111506038686,56.65903338716706,1584.111506038686
T4_B3_N14_A_s1200_n2,T4_B3_N14_A,1200,-379,753,False,990.88,105.5,19,1254,52.05734549550658,64.5032757104848,52.05734549550658
T4_B3_N14_A_s1200_n3,T4_B3_N14_A,1200,-208,307,False,859.48,126.7,20,955,1135.9570393185363,60.14736892188733,1135.9570393185363
T4_B3_N14_A_s1200_n4,T4_B3_N14_A,1200,-212,1119,False,963.69,95.7,20,954,62.40930129535427,123.8902541981724,62.40930129535427
T4_B3_N14_A_s1200_n5,T4_B3_N14_A,1200,271,-826,False,1463.46,64.8,15,1212,169.69463317631758,201.18146796601752,169.69463317631758
T4_B3_N14_A_s1200_n6,T4_B3_N14_A,1200,189,397,True,458.4,352.4,10,994,14.829214162137063,43.2930353114544,14.829214162137063
T4_B3_N14_A_s1200_n7,T4_B3_N14_A,1200,1901,-982,False,2048.25,33.0,11,758,455.0965137432135,610.1527854696526,455.0965137432135
T4_B3_N14_A_s400_n0,T4_B3_N14_A,400,1699,435,False,1517.31,15.5,4,60,792.6403965197673,794.7397046863508,792.6403965197671
T4_B3_N14_A_s400_n1,T4_B3_N14_A,400,1992,-513,False,1928.64,9.8,5,194,1704.4549590500026,1952.401901725916,1704.4549590500026
T4_B3_N14_A_s400_n2,T4_B3_N14_A,400,323,-35,False,265.24,123.7,3,107,14.76479899560894,49.16581546649288,14.76479899560894
T4_B3_N14_A_s400_n3,T4_B3_N14_A,400,1456,-411,False,1396.73,17.7,4,45,224.0219916361772,483.5859481984968,483.5859481984966
T4_B3_N14_A_s400_n4,T4_B3_N14_A,400,-269,-278,False,669.66,42.7,4,115,66.96610828040086,33.35778670307915,66.96610828040086
T4_B3_N14_A_s400_n5,T4_B3_N14_A,400,-167,-324,False,639.74,44.1,5,123,92.47625782413913,165.5122165536893,92.47625782413913
T4_B3_N14_A_s400_n6,T4_B3_N14_A,400,-1454,14,False,1664.43,14.9,8,352,531.8193618574243,661.7305864127848,661.7305864127848
T4_B3_N14_A_s400_n7,T4_B3_N14_A,400,645,-1384,False,1645.32,15.1,10,371,183.09786700371603,860.777303236158,860.777303236158
T4_B3_N14_A_s600_n1,T4_B3_N14_A,600,-473,1912,False,1787.76,21.4,10,648,1205.7835919345318,1360.708785341946,1205.7835919345318
T4_B3_N14_A_s600_n2,T4_B3_N14_A,600,1196,1436,False,1446.83,28.1,6,114,1004.4404819602432,517.321586173968,1004.4404819602432
T4_B3_N14_A_s600_n3,T4_B3_N14_A,600,1573,-840,False,1708.84,27.1,11,550,945.9488478791036,1036.4328232602786,945.9488478791036
T4_B3_N14_A_s600_n4,T4_B3_N14_A,600,2198,1124,False,2069.15,16.8,8,419,1129.158566923022,1081.4488098680526,1129.158566923022
T4_B3_N14_A_s600_n5,T4_B3_N14_A,600,191,-81,False,396.29,123.0,6,294,28.802902733834173,57.77622943620094,28.802902733834173
T4_B3_N14_A_s600_n6,T4_B3_N14_A,600,126,339,True,178.32,352.4,4,278,4.27797096052286,6.048539262864573,4.27797096052286
T4_B3_N14_A_s600_n7,T4_B3_N14_A,600,492,-275,False,606.21,66.3,5,218,101.16800555384776,94.67275293038976,101.16800555384776
T4_B3_N14_A_s800_n0,T4_B3_N14_A,800,-145,-745,False,1268.09,43.3,15,525,157.51530213393502,154.7181569336732,157.51530213393502
T4_B3_N14_A_s800_n1,T4_B3_N14_A,800,-535,1401,False,1369.75,44.1,15,627,1041.737441961752,1438.5986902673276,1041.737441961752
T4_B3_N14_A_s800_n2,T4_B3_N14_A,800,670,-358,False,804.65,79.6,7,330,123.69218400563764,105.22550239352682,123.69218400563764
T4_B3_N14_A_s800_n3,T4_B3_N14_A,800,-539,-227,False,1129.09,51.2,17,439,1702.7282663175297,82.63476644094035,1702.7282663175297
T4_B3_N14_A_s800_n4,T4_B3_N14_A,800,1545,-726,False,1605.9,37.9,13,816,621.7181503805348,799.734236703984,621.7181503805348
T4_B3_N14_A_s800_n5,T4_B3_N14_A,800,715,-329,False,794.14,75.5,7,329,108.2201652175993,114.70175563484712,108.2201652175993
T4_B3_N14_A_s800_n6,T4_B3_N14_A,800,576,296,True,204.43,354.0,4,378,4.277970960334183,34.052091896898936,4.277970960334183
T4_B3_N14_A_s800_n7,T4_B3_N14_A,800,499,-613,False,1017.83,61.8,8,263,126.46781516568905,115.78497668306844,126.46781516568905
T4_B3_N14_B_s1000_n0,T4_B3_N14_B,1000,1730,-1001,False,1940.59,27.6,10,474,340.2387135417164,140.67540513281895,340.2387135417164
T4_B3_N14_B_s1000_n1,T4_B3_N14_B,1000,-526,-213,False,1249.42,57.0,16,931,71.85528438776083,141.1837083425448,71.85528438776083
T4_B3_N14_B_s1000_n2,T4_B3_N14_B,1000,-714,757,False,1240.9,59.5,15,962,141.79138148578005,390.1427150225376,141.79138148578005
T4_B3_N14_B_s1000_n3,T4_B3_N14_B,1000,935,-1476,False,2023.31,30.3,8,370,256.8455810304214,308.72041607736776,256.8455810304212
T4_B3_N14_B_s1000_n4,T4_B3_N14_B,1000,1472,987,False,1087.18,64.4,17,517,45.70542821958629,210.87857618777684,45.70542821958629
T4_B3_N14_B_s1000_n5,T4_B3_N14_B,1000,1212,1159,False,970.17,68.5,18,393,1782.2366318924355,37.59900693890813,37.59900693890813
T4_B3_N14_B_s1000_n6,T4_B3_N14_B,1000,-627,-617,False,1586.76,44.1,13,915,357.16988982552783,670.2794314262293,357.16988982552783
T4_B3_N14_B_s1000_n7,T4_B3_N14_B,1000,-164,-258,False,1007.7,68.7,18,597,86.85830817136176,57.39693284135327,57.39693284135327
T4_B3_N14_B_s1200_n0,T4_B3_N14_B,1200,1502,-716,False,1595.45,53.5,15,1025,112.68730076655775,59.871114578941054,112.68730076655775
T4_B3_N14_B_s1200_n1,T4_B3_N14_B,1200,1062,548,True,464.92,348.9,8,548,3.59172140318222,9.371454179242887,3.59172140318222
T4_B3_N14_B_s1200_n2,T4_B3_N14_B,1200,1873,1249,False,1428.89,59.6,15,951,252.26287364151085,212.99260009202905,252.26287364151085
T4_B3_N14_B_s1200_n3,T4_B3_N14_B,1200,-493,-188,False,1347.44,63.5,16,1325,182.5208128832137,207.7214836999748,182.5208128832137
T4_B3_N14_B_s1200_n4,T4_B3_N14_B,1200,-272,38,False,1037.41,80.6,18,1021,81.79053407739663,37.36784174041927,81.79053407739663
T4_B3_N14_B_s1200_n5,T4_B3_N14_B,1200,1083,-114,False,862.02,114.4,18,489,1649.4172199407535,26.765405234025422,1649.4172199407535
T4_B3_N14_B_s1200_n6,T4_B3_N14_B,1200,1687,1620,False,1490.63,58.0,15,989,118.41935231200604,100.13757598842064,118.41935231200604
T4_B3_N14_B_s1200_n7,T4_B3_N14_B,1200,1015,1609,False,1091.01,87.6,18,873,83.16594724245395,74.95638759706307,83.16594724245395
T4_B3_N14_B_s400_n0,T4_B3_N14_B,400,-342,288,False,549.1,50.9,3,87,124.23698098584926,123.01547255435317,124.23698098584926
T4_B3_N14_B_s400_n1,T4_B3_N14_B,400,1687,187,False,1487.06,16.5,11,228,218.55162747487384,776.1783053030193,776.1783053030192
T4_B3_N14_B_s400_n2,T4_B3_N14_B,400,1974,28,False,1782.32,13.8,6,166,541.9101356551531,629.1709930111986,629.1709930111986
T4_B3_N14_B_s400_n4,T4_B3_N14_B,400,-1158,-614,False,1583.28,18.2,9,313,320.3457698936098,505.45392736021694,505.45392736021694
T4_B3_N14_B_s400_n5,T4_B3_N14_B,400,-325,-370,False,774.94,32.7,4,62,27.131143166900067,104.77530097571535,27.131143166900067
T4_B3_N14_B_s400_n6,T4_B3_N14_B,400,-542,739,False,917.11,28.6,3,43,32.51244645074371,101.8098535303186,32.51244645074371
T4_B3_N14_B_s400_n7,T4_B3_N14_B,400,780,-1545,False,1838.87,8.9,3,71,1076.8899561939832,706.5609481983828,1076.8899561939832
T4_B3_N14_B_s600_n0,T4_B3_N14_B,600,882,-813,False,1255.98,33.3,10,143,1703.3910444725568,280.8980096648697,1703.3910444725568
T4_B3_N14_B_s600_n1,T4_B3_N14_B,600,525,-187,False,536.46,86.4,5,130,40.63719434367008,22.19547224326432,40.63719434367008
T4_B3_N14_B_s600_n2,T4_B3_N14_B,600,-263,193,False,573.08,73.2,5,194,802.6440468276242,55.939868258698894,802.6440468276242
T4_B3_N14_B_s600_n3,T4_B3_N14_B,600,-615,789,False,1037.47,39.1,5,101,82.8454425093771,177.96232288153885,82.8454425093771
T4_B3_N14_B_s600_n4,T4_B3_N14_B,600,1039,356,False,741.12,62.3,4,97,60.63702631727199,105.0607678667075,60.63702631727188
T4_B3_N14_B_s600_n5,T4_B3_N14_B,600,-131,421,False,447.66,121.8,4,190,31.264307625915382,22.741441591011466,31.264307625915325
T4_B3_N14_B_s600_n6,T4_B3_N14_B,600,-178,-326,False,787.63,52.7,6,146,327.90892888384303,83.18417494462754,83.18417494462754
T4_B3_N14_B_s600_n7,T4_B3_N14_B,600,-576,-136,False,978.5,43.0,7,148,1452.5817796136978,31.18880643145437,1452.5817796136978
T4_B3_N14_B_s800_n0,T4_B3_N14_B,800,282,-728,False,1134.16,51.5,12,229,76.76306456269408,58.71846867480666,76.76306456269408
T4_B3_N14_B_s800_n1,T4_B3_N14_B,800,-187,154,False,636.46,110.0,7,349,35.223610610586334,8.464301625489039,35.22361061058636
T4_B3_N14_B_s800_n2,T4_B3_N14_B,800,-563,546,False,974.0,62.5,8,249,63.50658036483029,290.9419346665327,63.50658036483029
T4_B3_N14_B_s800_n3,T4_B3_N14_B,800,631,-694,False,1118.12,47.7,11,207,1572.4032415276592,91.77224285549232,1572.4032415276592
T4_B3_N14_B_s800_n5,T4_B3_N14_B,800,-284,993,False,905.27,59.5,8,191,34.63805497542916,47.45302137244933,34.63805497542916
T4_B3_N14_B_s800_n6,T4_B3_N14_B,800,1515,-1332,False,2059.87,11.9,7,150,980.5874903175612,1211.175873122072,980.5874903175612
T4_B3_N14_B_s800_n7,T4_B3_N14_B,800,723,1603,False,1245.61,44.5,15,406,122.4673251195494,110.99488164704164,122.4673251195496
T4_B3_N14_C_s1000_n0,T4_B3_N14_C,1000,489,-669,False,1169.05,63.9,15,658,192.01196539092933,190.38971357573024,192.01196539092933
T4_B3_N14_C_s1000_n1,T4_B3_N14_C,1000,-358,151,False,926.26,79.3,7,245,316.1956089927153,306.89567081640587,316.1956089927153
T4_B3_N14_C_s1000_n2,T4_B3_N14_C,1000,424,398,True,127.2,354.0,4,364,18.964717635525023,54.30843630118178,18.964717635525023
T4_B3_N14_C_s1000_n3,T4_B3_N14_C,1000,161,-587,False,1138.64,64.7,15,495,309.9979440984671,422.75750672221096,309.9979440984671
T4_B3_N14_C_s1000_n4,T4_B3_N14_C,1000,1665,-1142,False,2013.3,19.5,9,236,316.31813496335326,86.96618343185739,316.3181349633534
T4_B3_N14_C_s1000_n5,T4_B3_N14_C,1000,1975,194,False,1506.41,46.9,12,502,28.14812646122817,142.36072333107958,28.148126461227942
T4_B3_N14_C_s1000_n6,T4_B3_N14_C,1000,713,142,True,416.57,349.8,6,364,18.9647176350899,76.5887407987863,18.964717635089887
T4_B3_N14_C_s1000_n7,T4_B3_N14_C,1000,1239,532,False,739.69,102.9,7,300,186.59122133328208,123.4151792234654,186.5912213332821
T4_B3_N14_C_s1200_n0,T4_B3_N14_C,1200,1765,-1185,False,2131.54,21.6,9,239,120.84008973929755,95.74851228529177,120.84008973929733
T4_B3_N14_C_s1200_n1,T4_B3_N14_C,1200,-62,-17,False,904.95,84.6,12,405,48.79463652041142,254.2548124751054,254.2548124751054
T4_B3_N14_C_s1200_n2,T4_B3_N14_C,1200,321,700,True,296.38,354.0,5,448,18.96471763561188,42.38372007210142,18.964717635611876
T4_B3_N14_C_s1200_n3,T4_B3_N14_C,1200,70,-1205,False,1881.2,44.9,10,688,466.7797194061496,420.5862701472458,466.7797194061493
T4_B3_N14_C_s1200_n4,T4_B3_N14_C,1200,1162,-692,False,1408.94,59.6,14,804,67.03855319891284,68.75446679195142,67.03855319891284
T4_B3_N14_C_s1200_n5,T4_B3_N14_C,1200,-559,-307,False,1471.71,59.1,15,1088,342.7453643739972,307.5056548311367,342.7453643739972
T4_B3_N14_C_s1200_n6,T4_B3_N14_C,1200,-237,887,False,884.84,116.6,8,323,72.62307160383686,105.96890291403469,72.62307160383686
T4_B3_N14_C_s1200_n7,T4_B3_N14_C,1200,-110,-752,False,1527.09,54.0,14,889,279.9003270282728,266.32692419726766,279.9003270282728
T4_B3_N14_C_s400_n1,T4_B3_N14_C,400,-213,296,False,424.01,67.3,2,47,445.5483751882446,187.2009106842788,445.5483751882446
T4_B3_N14_C_s400_n2,T4_B3_N14_C,400,271,-265,False,470.39,60.7,3,56,37.80031887761245,31.9117720668292,37.80031887761245
T4_B3_N14_C_s400_n3,T4_B3_N14_C,400,-1111,1293,False,1706.86,17.0,9,192,277.84061657159486,614.4939662017802,614.4939662017802
T4_B3_N14_C_s400_n4,T4_B3_N14_C,400,434,-764,False,991.99,23.1,4,43,95.76962564252764,113.1860514903804,95.76962564252764
T4_B3_N14_C_s400_n5,T4_B3_N14_C,400,45,173,True,157.33,223.0,2,84,19.49666024420365,23.170701954834904,19.49666024420365
T4_B3_N14_C_s400_n6,T4_B3_N14_C,400,286,-190,False,399.37,67.9,2,59,49.90357116215488,36.25512877072693,49.90357116215488
T4_B3_N14_C_s400_n7,T4_B3_N14_C,400,-246,25,False,479.1,47.3,2,38,160.24352962733684,336.3755479226421,336.3755479226421
T4_B3_N14_C_s600_n1,T4_B3_N14_C,600,329,881,False,581.72,81.4,4,103,811.7494092045162,293.51673567935336,811.7494092045162
T4_B3_N14_C_s600_n2,T4_B3_N14_C,600,-32,-559,False,920.93,42.8,5,83,326.01661731294854,347.8907557565461,326.01661731294854
T4_B3_N14_C_s600_n3,T4_B3_N14_C,600,-921,1430,False,1663.65,27.9,11,358,253.13040993303707,409.1637014680151,253.13040993303707
T4_B3_N14_C_s600_n4,T4_B3_N14_C,600,-169,-448,False,882.87,45.1,4,76,189.61110617830585,202.74640130222383,189.61110617830585
T4_B3_N14_C_s600_n6,T4_B3_N14_C,600,979,-960,False,1431.31,30.6,11,324,197.66974064565727,70.57716664981679,197.66974064565727
T4_B3_N14_C_s600_n7,T4_B3_N14_C,600,-486,424,False,795.72,42.0,4,75,632.4276779833725,436.35929479466,632.4276779833725
T4_B3_N14_C_s800_n0,T4_B3_N14_C,800,-1266,1154,False,1828.68,30.8,10,524,383.5674653740821,476.6664464787828,383.5674653740821
T4_B3_N14_C_s800_n1,T4_B3_N14_C,800,812,1863,False,1519.91,35.7,13,464,117.68762811381104,323.3398042209354,117.68762811381104
T4_B3_N14_C_s800_n2,T4_B3_N14_C,800,-3,423,False,403.66,176.6,4,186,19.358589361402093,47.684144724812775,19.358589361402093
T4_B3_N14_C_s800_n3,T4_B3_N14_C,800,723,1857,False,1492.37,35.9,13,506,174.83015982278073,390.7694262089227,174.83015982278073
T4_B3_N14_C_s800_n4,T4_B3_N14_C,800,-893,-397,False,1518.9,36.8,13,520,422.8936497557283,471.76441071692807,422.8936497557284
T4_B3_N14_C_s800_n5,T4_B3_N14_C,800,1550,919,False,1261.69,44.7,14,440,258.3407702757819,41.61303473582351,258.3407702757819
T4_B3_N14_C_s800_n6,T4_B3_N14_C,800,-395,1456,False,1321.8,43.7,14,363,808.5266389539769,395.7528427016912,808.5266389539769
T4_B3_N14_C_s800_n7,T4_B3_N14_C,800,467,1940,False,1541.46,35.5,12,573,165.3526823229988,388.010401663895,165.3526823229988
T4_B3_N14_D_s1000_n0,T4_B3_N14_D,1000,795,-560,False,1100.28,69.8,13,757,95.70264019394445,196.86596998705028,95.70264019394445
T4_B3_N14_D_s1000_n1,T4_B3_N14_D,1000,718,-219,False,751.32,118.9,9,433,33.33173559578338,38.7705943993461,33.33173559578338
T4_B3_N14_D_s1000_n2,T4_B3_N14_D,1000,-850,-729,False,1825.63,25.9,8,328,479.1179042423044,509.8182777777493,479.1179042423044
T4_B3_N14_D_s1000_n3,T4_B3_N14_D,1000,-350,-1044,False,1762.51,31.9,9,358,2060.720577660636,2218.700088626568,2060.720577660636
T4_B3_N14_D_s1000_n4,T4_B3_N14_D,1000,-473,336,False,986.72,85.6,13,543,243.5499676626991,296.2474723925146,243.54996766269912
T4_B3_N14_D_s1000_n5,T4_B3_N14_D,1000,-327,-989,False,1703.25,35.6,10,415,1569.0351880600113,1825.258165297648,1569.0351880600113
T4_B3_N14_D_s1000_n6,T4_B3_N14_D,1000,1087,-746,False,1377.35,50.4,12,688,769.1672277527334,110.27906286310318,769.1672277527334
T4_B3_N14_D_s1000_n7,T4_B3_N14_D,1000,-744,-717,False,1740.29,30.2,9,393,409.93702234927576,431.5821408533872,409.9370223492758
T4_B3_N14_D_s1200_n0,T4_B3_N14_D,1200,-650,96,False,1347.78,66.1,12,917,233.81987294792071,258.832425032166,233.8198729479208
T4_B3_N14_D_s1200_n1,T4_B3_N14_D,1200,-650,654,False,1251.17,79.7,12,823,300.8798027674444,347.5808200005249,300.8798027674444
T4_B3_N14_D_s1200_n2,T4_B3_N14_D,1200,737,413,True,231.81,357.7,6,719,24.77796791636408,24.153450152455413,24.777967916364076
T4_B3_N14_D_s1200_n3,T4_B3_N14_D,1200,-569,916,False,1210.96,75.8,13,843,70.37009523639283,101.93237240159796,70.37009523639283
T4_B3_N14_D_s1200_n4,T4_B3_N14_D,1200,816,-1163,False,1776.18,51.3,9,589,286.2316269153915,266.4803222810389,286.2316269153915
T4_B3_N14_D_s1200_n5,T4_B3_N14_D,1200,-501,1401,False,1361.54,60.4,13,928,242.54582062232143,246.7004170515985,242.54582062232143
T4_B3_N14_D_s1200_n6,T4_B3_N14_D,1200,1356,-1108,False,1867.83,35.1,9,392,304.8126634175061,301.26868626922175,304.8126634175061
T4_B3_N14_D_s1200_n7,T4_B3_N14_D,1200,940,158,True,557.64,351.3,10,656,28.61678518073948,37.13739705691294,28.61678518073948
T4_B3_N14_D_s400_n0,T4_B3_N14_D,400,-100,-224,False,519.4,51.0,3,67,24.76939456234426,88.11104689225867,24.76939456234426
T4_B3_N14_D_s400_n1,T4_B3_N14_D,400,1129,-951,False,1479.14,20.0,8,196,1095.0009545101668,206.92361939616964,1095.0009545101668
T4_B3_N14_D_s400_n2,T4_B3_N14_D,400,84,-137,False,356.41,89.6,3,86,23.7231488150096,66.86278498856718,23.723148815009587
T4_B3_N14_D_s400_n3,T4_B3_N14_D,400,148,-201,False,404.36,73.0,3,92,98.8329259699814,80.23655991492444,98.83292596998136
T4_B3_N14_D_s400_n4,T4_B3_N14_D,400,34,-398,False,620.61,40.2,3,58,42.62787202336106,61.82286740914568,42.62787202336106
T4_B3_N14_D_s400_n5,T4_B3_N14_D,400,1554,941,False,1543.5,7.9,4,78,812.9732837723728,819.0292333450338,812.9732837723728
T4_B3_N14_D_s400_n6,T4_B3_N14_D,400,-346,-304,False,743.06,38.8,3,57,199.1247627957098,92.20156231650245,199.1247627957098
T4_B3_N14_D_s400_n7,T4_B3_N14_D,400,594,1149,False,1027.54,25.9,5,74,180.20304891541969,308.12398745244377,180.20304891541963
T4_B3_N14_D_s600_n0,T4_B3_N14_D,600,-348,-436,False,980.61,42.6,6,140,269.92661209805044,101.9228965439989,269.9266120980504
T4_B3_N14_D_s600_n1,T4_B3_N14_D,600,-197,1715,False,1499.74,25.8,8,281,549.92312239551,539.8428538107355,549.92312239551
T4_B3_N14_D_s600_n2,T4_B3_N14_D,600,881,-620,False,1088.1,39.7,11,214,1454.5533003620897,193.6253320325,1454.5533003620897
T4_B3_N14_D_s600_n3,T4_B3_N14_D,600,1383,1331,False,1495.28,21.4,8,208,271.1231992635325,323.2025609385124,271.1231992635325
T4_B3_N14_D_s600_n4,T4_B3_N14_D,600,-63,274,False,363.93,147.6,4,172,26.904957788856287,34.936889292430926,26.904957788856287
T4_B3_N14_D_s600_n5,T4_B3_N14_D,600,-391,1017,False,995.78,40.1,7,136,689.0304177517528,376.5765044955135,689.0304177517528
T4_B3_N14_D_s600_n6,T4_B3_N14_D,600,989,3,False,750.29,50.0,5,147,77.7477030011392,125.00631147369236,77.7477030011392
T4_B3_N14_D_s600_n7,T4_B3_N14_D,600,-782,1414,False,1552.97,22.4,8,196,491.7668217353363,548.8033823004736,491.7668217353362
T4_B3_N14_D_s800_n0,T4_B3_N14_D,800,1005,1731,False,1462.05,36.6,10,385,230.4997741340788,195.8288090574717,230.49977413407876
T4_B3_N14_D_s800_n1,T4_B3_N14_D,800,-19,862,False,623.7,83.2,7,231,38.7375433146598,72.48345490322494,38.7375433146598
T4_B3_N14_D_s800_n2,T4_B3_N14_D,800,224,305,True,200.0,352.4,4,333,25.05942965988709,23.84719373078032,25.059429659887147
T4_B3_N14_D_s800_n3,T4_B3_N14_D,800,680,-612,False,1050.02,55.4,12,351,684.7796944996517,81.36468330436605,684.7796944996517
T4_B3_N14_D_s800_n4,T4_B3_N14_D,800,241,-1063,False,1471.61,37.1,10,462,586.5400703504062,615.4560861566084,586.5400703504062
T4_B3_N14_D_s800_n5,T4_B3_N14_D,800,1371,1314,False,1333.51,41.4,11,537,171.39346066411488,197.0894369300262,171.39346066411488
T4_B3_N14_D_s800_n6,T4_B3_N14_D,800,-638,-473,False,1356.31,44.3,11,649,379.77377131868735,363.1324798378242,379.77377131868735
T4_B3_N14_D_s800_n7,T4_B3_N14_D,800,-762,1036,False,1324.67,42.8,11,562,133.88476618176043,124.2725869913573,133.88476618176043
T4_B3_N1_A_s1000_n0,T4_B3_N1_A,1000,439,-715,False,1216.53,64.3,16,497,303.48201555484445,236.1588536442925,303.4820155548445
T4_B3_N1_A_s1000_n1,T4_B3_N1_A,1000,777,651,True,315.48,351.5,7,538,7.802248684605888,23.9775012281286,7.802248684605888
T4_B3_N1_A_s1000_n2,T4_B3_N1_A,1000,1536,386,False,1042.25,79.6,10,384,130.51667398307472,151.4533117338653,130.51667398307472
T4_B3_N1_A_s1000_n3,T4_B3_N1_A,1000,1175,-662,False,1343.83,51.9,17,559,91.29458764599016,306.46245971095647,91.29458764599016
T4_B3_N1_A_s1000_n4,T4_B3_N1_A,1000,-593,-1327,False,2128.99,21.9,9,249,133.23089377004965,210.0158669578984,133.23089377004965
T4_B3_N1_A_s1000_n5,T4_B3_N1_A,1000,832,710,True,392.84,351.5,7,536,1.5766047084170556,24.434338324674865,1.5766047084170556
T4_B3_N1_A_s1000_n6,T4_B3_N1_A,1000,1526,183,False,1073.86,67.8,11,380,216.4613882752521,188.7640524003577,216.4613882752521
T4_B3_N1_A_s1000_n7,T4_B3_N1_A,1000,-497,1246,False,1245.2,57.6,16,415,1861.7051488891937,351.30077567331404,1861.7051488891937
T4_B3_N1_A_s1200_n0,T4_B3_N1_A,1200,66,1400,False,961.85,89.8,14,570,8.867465899791396,43.668973855865424,8.867465899791396
T4_B3_N1_A_s1200_n1,T4_B3_N1_A,1200,968,-292,False,964.93,101.7,16,604,232.30108483754609,113.68811254066716,232.30108483754609
T4_B3_N1_A_s1200_n2,T4_B3_N1_A,1200,1675,1570,False,1447.94,59.9,18,757,138.00203398484734,192.20916472732483,138.00203398484734
T4_B3_N1_A_s1200_n3,T4_B3_N1_A,1200,477,-590,False,1196.34,83.5,18,874,212.25000261234388,204.2237824674077,212.25000261234396
T4_B3_N1_A_s1200_n4,T4_B3_N1_A,1200,390,738,True,251.28,357.8,8,818,1.5766047084285388,24.508284489316893,1.5766047084285766
T4_B3_N1_A_s1200_n5,T4_B3_N1_A,1200,569,1658,False,1058.45,97.4,13,586,65.79277414522419,63.14919212625623,65.79277414522419
T4_B3_N1_A_s1200_n6,T4_B3_N1_A,1200,1996,-1410,False,2447.23,10.7,4,41,487.5474179145436,714.6015606912699,487.5474179145437
T4_B3_N1_A_s1200_n7,T4_B3_N1_A,1200,-60,-1545,False,2244.24,27.2,8,247,341.66934406305404,114.49183036041268,341.66934406305404
T4_B3_N1_A_s400_n0,T4_B3_N1_A,400,1704,-806,False,1809.43,15.5,8,140,528.5604017518239,561.5354467955879,561.5354467955879
T4_B3_N1_A_s400_n1,T4_B3_N1_A,400,261,-1499,False,1700.09,13.4,9,135,647.1325814423664,856.6280281790191,856.6280281790191
T4_B3_N1_A_s400_n2,T4_B3_N1_A,400,379,1378,False,1191.52,20.3,4,57,705.3253725386195,960.5847862052032,705.3253725386195
T4_B3_N1_A_s400_n3,T4_B3_N1_A,400,-112,102,False,327.03,105.7,3,113,8.648510199656593,59.26843552492882,8.64851019965658
T4_B3_N1_A_s400_n4,T4_B3_N1_A,400,252,-83,False,287.74,109.1,3,113,6.145671852533168,44.96225942594696,6.145671852533168
T4_B3_N1_A_s400_n5,T4_B3_N1_A,400,-1256,1109,False,1716.45,16.3,10,158,922.2629599401608,813.4001857849075,922.2629599401608
T4_B3_N1_A_s400_n6,T4_B3_N1_A,400,437,-352,False,600.73,37.9,3,65,13.011530803755768,26.052785778455974,13.011530803755711
T4_B3_N1_A_s400_n7,T4_B3_N1_A,400,-382,-54,False,635.01,39.6,4,78,183.02149532954607,36.68921894511322,36.68921894511322
T4_B3_N1_A_s600_n0,T4_B3_N1_A,600,1616,50,False,1339.54,27.6,9,165,563.8076903753372,520.853022054036,563.8076903753372
T4_B3_N1_A_s600_n1,T4_B3_N1_A,600,1509,-1080,False,1834.69,21.3,9,184,176.72870700126552,686.7688737780467,176.72870700126563
T4_B3_N1_A_s600_n4,T4_B3_N1_A,600,34,-290,False,647.19,67.2,5,163,71.29082002908882,51.34385104918964,71.29082002908879
T4_B3_N1_A_s600_n5,T4_B3_N1_A,600,1745,-639,False,1723.3,25.8,11,299,157.51206530821622,221.2278246954766,157.51206530821622
T4_B3_N1_A_s600_n6,T4_B3_N1_A,600,881,1989,False,1786.14,22.6,11,210,578.6871771423338,684.7221786181964,578.6871771423338
T4_B3_N1_A_s600_n7,T4_B3_N1_A,600,-334,38,False,686.0,61.4,5,159,99.59591046877983,42.537391862716966,99.59591046877986
T4_B3_N1_A_s800_n0,T4_B3_N1_A,800,398,-945,False,1345.0,42.3,14,331,352.210306364895,373.5690411516124,352.210306364895
T4_B3_N1_A_s800_n2,T4_B3_N1_A,800,744,-676,False,1129.65,48.1,10,257,32.39277201509222,6.424721279266339,32.39277201509222
T4_B3_N1_A_s800_n3,T4_B3_N1_A,800,-500,-209,False,1086.68,53.2,11,405,411.8519050025794,143.3787672805877,143.3787672805877
T4_B3_N1_A_s800_n4,T4_B3_N1_A,800,43,530,True,379.93,272.9,7,382,2.222915101006994,22.9783656725968,2.222915101006994
T4_B3_N1_A_s800_n5,T4_B3_N1_A,800,-784,-494,False,1483.61,39.6,15,593,548.1978682683081,125.8772564841104,548.1978682683081
T4_B3_N1_A_s800_n6,T4_B3_N1_A,800,1033,1871,False,1601.41,35.8,14,359,401.7161224934757,435.2596652442267,401.7161224934757
T4_B3_N1_A_s800_n7,T4_B3_N1_A,800,-934,1026,False,1473.58,38.4,14,395,37.90888429334072,151.4165154103412,37.90888429334063
T4_B3_N1_B_s1000_n0,T4_B3_N1_B,1000,1243,27,False,880.78,78.7,9,370,65.1627329389253,111.48007286306677,65.1627329389253
T4_B3_N1_B_s1000_n1,T4_B3_N1_B,1000,1642,807,False,1182.55,64.4,16,688,243.7932600055576,217.63448627031127,243.79326000555764
T4_B3_N1_B_s1000_n2,T4_B3_N1_B,1000,574,-476,False,978.8,83.9,9,348,68.12015004081232,29.75777726819648,68.12015004081232
T4_B3_N1_B_s1000_n3,T4_B3_N1_B,1000,1341,789,False,889.27,93.6,12,468,63.68483669217946,78.85001576090785,63.68483669217946
T4_B3_N1_B_s1000_n4,T4_B3_N1_B,1000,56,-904,False,1472.53,46.6,15,502,192.8592749388396,94.74189992310455,192.8592749388396
T4_B3_N1_B_s1000_n5,T4_B3_N1_B,1000,74,-235,False,849.53,83.8,9,361,119.01844996829963,110.04307131835532,119.01844996829963
T4_B3_N1_B_s1000_n6,T4_B3_N1_B,1000,923,-221,False,835.92,84.4,9,350,119.15012746899852,145.31715954816525,119.15012746899852
T4_B3_N1_B_s1000_n7,T4_B3_N1_B,1000,293,990,True,531.93,183.6,9,485,0.4721919367880453,20.25949926448326,0.4721919367879681
T4_B3_N1_B_s1200_n0,T4_B3_N1_B,1200,1473,698,False,878.48,117.4,16,692,32.26569905214652,88.75947258344583,32.26569905214652
T4_B3_N1_B_s1200_n1,T4_B3_N1_B,1200,20,997,True,702.86,216.9,15,652,2.9064107474858654,53.88301958874122,2.906410747485752
T4_B3_N1_B_s1200_n2,T4_B3_N1_B,1200,1564,1402,False,1253.99,66.2,17,961,65.80154982214536,135.78001961187314,65.80154982214538
T4_B3_N1_B_s1200_n3,T4_B3_N1_B,1200,1559,-223,False,1263.73,65.8,17,788,209.5408659122156,242.2115680071236,209.54086591221557
T4_B3_N1_B_s1200_n4,T4_B3_N1_B,1200,252,482,True,367.46,353.4,8,565,3.2387214082918545,49.16676281730805,3.23872140829183
T4_B3_N1_B_s1200_n5,T4_B3_N1_B,1200,1484,-696,False,1568.78,54.8,16,733,193.92481613799745,195.3332547565479,193.92481613799745
T4_B3_N1_B_s1200_n6,T4_B3_N1_B,1200,148,-814,False,1484.49,59.4,15,632,157.834334766753,71.09236947757663,157.834334766753
T4_B3_N1_B_s1200_n7,T4_B3_N1_B,1200,352,159,True,505.95,347.1,9,550,3.238721408180693,65.82700628023903,3.2387214081807074
T4_B3_N1_B_s400_n0,T4_B3_N1_B,400,299,97,True,142.86,347.1,2,80,3.238721408260733,4.023863911799503,3.238721408260733
T4_B3_N1_B_s400_n2,T4_B3_N1_B,400,-564,820,False,983.92,29.5,5,68,185.71139204291964,252.45099762591505,185.71139204291964
T4_B3_N1_B_s400_n3,T4_B3_N1_B,400,-561,1075,False,1159.63,23.8,6,77,606.7653486972207,196.6818773747997,606.7653486972207
T4_B3_N1_B_s400_n4,T4_B3_N1_B,400,-893,-154,False,1148.9,21.7,4,67,175.00337603603094,535.3100328215552,175.00337603603094
T4_B3_N1_B_s400_n5,T4_B3_N1_B,400,58,-353,False,570.94,43.7,3,56,78.15559510414239,139.0436299286282,78.15559510414239
T4_B3_N1_B_s400_n6,T4_B3_N1_B,400,-949,605,False,1218.29,22.6,5,66,125.99872966452156,214.40356298249424,214.40356298249424
T4_B3_N1_B_s400_n7,T4_B3_N1_B,400,-1432,214,False,1632.06,13.4,9,136,240.15947645784632,782.4467543204242,782.4467543204242
T4_B3_N1_B_s600_n0,T4_B3_N1_B,600,492,505,True,280.87,348.6,4,189,3.238721408272093,5.2059476543680345,3.238721408272093
T4_B3_N1_B_s600_n1,T4_B3_N1_B,600,-1234,1177,False,1767.0,20.2,8,163,1059.003311079414,244.04245119359783,1059.003311079414
T4_B3_N1_B_s600_n2,T4_B3_N1_B,600,-292,-64,False,694.95,57.7,5,134,128.2572562694173,107.26498408165908,128.2572562694173
T4_B3_N1_B_s600_n4,T4_B3_N1_B,600,258,-888,False,1188.74,34.1,7,144,116.75836409659406,31.951907204108423,116.75836409659406
T4_B3_N1_B_s600_n6,T4_B3_N1_B,600,-389,300,False,689.0,59.3,5,144,61.26070419971029,203.5898125533941,61.26070419971029
T4_B3_N1_B_s600_n7,T4_B3_N1_B,600,-1118,-943,False,1885.68,22.9,9,180,212.12714242238377,284.96502906027115,212.12714242238383
T4_B3_N1_B_s800_n0,T4_B3_N1_B,800,-265,-807,False,1378.07,40.7,15,297,358.9356194095231,162.78468085662126,162.78468085662126
T4_B3_N1_B_s800_n1,T4_B3_N1_B,800,-382,-721,False,1366.81,42.0,15,281,479.1281036761081,231.4337254182824,231.43372541828236
T4_B3_N1_B_s800_n2,T4_B3_N1_B,800,-837,-42,False,1313.6,38.8,12,278,1296.235536535134,368.98358897368473,1296.235536535134
T4_B3_N1_B_s800_n3,T4_B3_N1_B,800,42,-1549,False,1981.61,25.6,8,208,422.82134538232697,433.71904023821634,433.7190402382161
T4_B3_N1_B_s800_n4,T4_B3_N1_B,800,-842,-27,False,1313.35,40.0,11,275,294.75928534371536,376.9608444523376,294.75928534371536
T4_B3_N1_B_s800_n5,T4_B3_N1_B,800,680,-543,False,983.69,55.7,8,223,189.82138508043337,169.16452820906696,189.8213850804333
T4_B3_N1_B_s800_n6,T4_B3_N1_B,800,-1069,321,False,1471.12,37.2,13,380,231.3176608685281,256.7294956451357,231.31766086852812
T4_B3_N1_B_s800_n7,T4_B3_N1_B,800,203,619,True,294.57,347.2,5,294,3.238721408278084,11.056777941833998,3.2387214082780837
T4_B3_N1_C_s1000_n0,T4_B3_N1_C,1000,-442,-490,False,1366.55,54.0,14,777,306.2807523831358,386.41753400373926,306.2807523831358
T4_B3_N1_C_s1000_n1,T4_B3_N1_C,1000,641,-65,False,582.33,158.8,10,478,17.878867561839996,38.68908047603593,17.878867561839996
T4_B3_N1_C_s1000_n2,T4_B3_N1_C,1000,312,689,True,266.58,355.4,6,415,911.7588033981506,19.552138900778832,911.7588033981508
T4_B3_N1_C_s1000_n3,T4_B3_N1_C,1000,884,682,True,424.95,321.0,7,488,10.232734063009596,22.479115092620724,10.232734063009596
T4_B3_N1_C_s1000_n4,T4_B3_N1_C,1000,430,1311,False,814.02,100.0,8,401,75.50453632444004,91.03368574554383,75.50453632444004
T4_B3_N1_C_s1000_n5,T4_B3_N1_C,1000,1253,-919,False,1606.42,39.0,10,478,32.7307122481624,50.74455540774105,32.7307122481624
T4_B3_N1_C_s1000_n6,T4_B3_N1_C,1000,-893,316,False,1405.1,53.3,12,621,68.44635920434926,86.14248944060655,68.44635920434926
T4_B3_N1_C_s1000_n7,T4_B3_N1_C,1000,552,444,True,76.42,356.3,5,458,13.001519491641943,16.03863260562273,13.001519491641943
T4_B3_N1_C_s1200_n0,T4_B3_N1_C,1200,-220,-32,False,1035.29,77.4,17,906,120.26936345428896,186.8664073093732,186.8664073093732
T4_B3_N1_C_s1200_n1,T4_B3_N1_C,1200,98,-990,False,1667.36,52.3,10,608,317.1928600815665,295.4613264873714,317.1928600815665
T4_B3_N1_C_s1200_n2,T4_B3_N1_C,1200,-344,-592,False,1520.53,55.1,13,859,302.9528395363337,283.012519896505,302.9528395363337
T4_B3_N1_C_s1200_n3,T4_B3_N1_C,1200,431,1175,True,599.32,199.5,9,605,7.838717380226159,11.097245248361212,7.838717380226159
T4_B3_N1_C_s1200_n4,T4_B3_N1_C,1200,-394,244,False,1055.83,89.5,16,893,59.46606607189897,72.86631586903604,59.46606607189897
T4_B3_N1_C_s1200_n5,T4_B3_N1_C,1200,410,1039,True,478.35,350.9,8,613,13.030337161493902,15.022635998574504,13.030337161493902
T4_B3_N1_C_s1200_n6,T4_B3_N1_C,1200,405,-293,False,914.04,114.4,16,1090,224.6705635482757,128.52107201484256,224.67056354827577
T4_B3_N1_C_s1200_n7,T4_B3_N1_C,1200,-665,1668,False,1655.55,50.4,13,742,243.6676512043109,211.8085905317349,243.66765120431103
T4_B3_N1_C_s400_n1,T4_B3_N1_C,400,1489,301,False,1292.95,19.7,10,242,109.77571244884608,206.122946388214,206.12294638821376
T4_B3_N1_C_s400_n2,T4_B3_N1_C,400,-172,304,False,386.26,71.7,2,40,13.915243873333802,24.05513738528542,13.915243873333802
T4_B3_N1_C_s400_n3,T4_B3_N1_C,400,-388,-128,False,673.3,39.6,3,75,208.30423207171617,197.9180511438836,208.3042320717162
T4_B3_N1_C_s400_n4,T4_B3_N1_C,400,16,-180,False,422.2,65.1,3,61,42.530561800168186,58.94681448457596,42.530561800168186
T4_B3_N1_C_s400_n5,T4_B3_N1_C,400,82,-257,False,471.99,62.6,4,62,17.09764366414086,24.853486853706418,17.09764366414086
T4_B3_N1_C_s400_n6,T4_B3_N1_C,400,535,-796,False,1050.83,25.8,5,79,107.44633554769848,89.88503098532202,107.44633554769848
T4_B3_N1_C_s400_n7,T4_B3_N1_C,400,-397,259,False,599.91,41.5,3,53,104.80521815023975,79.54972524963833,104.80521815023972
T4_B3_N1_C_s600_n0,T4_B3_N1_C,600,425,286,True,125.78,353.6,3,213,8.551980302046825,11.483869900453378,8.551980302046825
T4_B3_N1_C_s600_n1,T4_B3_N1_C,600,-584,1442,False,1444.17,31.0,11,286,530.1792096748183,456.8687120542991,530.1792096748183
T4_B3_N1_C_s600_n2,T4_B3_N1_C,600,105,193,True,222.43,276.9,3,150,8.175139780384649,10.84934912219394,8.175139780384649
T4_B3_N1_C_s600_n3,T4_B3_N1_C,600,-713,1101,False,1291.42,33.6,9,167,670.2265644483332,335.14572407575315,670.2265644483332
T4_B3_N1_C_s600_n4,T4_B3_N1_C,600,-170,512,False,515.6,82.1,4,122,20.9057698347903,84.51743426276424,20.9057698347903
T4_B3_N1_C_s600_n5,T4_B3_N1_C,600,216,981,False,686.16,62.3,5,138,34.367911100097366,70.81657449055584,34.36791110009745
T4_B3_N1_C_s600_n6,T4_B3_N1_C,600,246,67,True,239.18,237.0,4,145,8.950531621345872,9.687754351305896,8.950531621345872
T4_B3_N1_C_s600_n7,T4_B3_N1_C,600,-419,-139,False,842.43,49.3,6,191,53.20138974365717,110.50021072088396,53.20138974365717
T4_B3_N1_C_s800_n0,T4_B3_N1_C,800,-456,1346,False,1275.79,45.1,14,367,275.030038317924,332.38456604116635,275.030038317924
T4_B3_N1_C_s800_n1,T4_B3_N1_C,800,447,207,True,198.64,352.1,4,310,8.55198030210708,15.113646843678511,8.55198030210708
T4_B3_N1_C_s800_n2,T4_B3_N1_C,800,335,-711,False,1112.9,53.1,13,585,230.64205200717893,218.2012279591127,230.64205200717896
T4_B3_N1_C_s800_n3,T4_B3_N1_C,800,-214,40,False,711.76,80.5,8,297,41.8913820448547,86.77589756531987,41.8913820448547
T4_B3_N1_C_s800_n4,T4_B3_N1_C,800,876,-598,False,1105.7,49.4,14,559,28.753314070901773,36.606166930872966,28.753314070901773
T4_B3_N1_C_s800_n5,T4_B3_N1_C,800,1300,875,False,1017.66,54.0,15,390,182.45402509809628,184.44820338938115,182.45402509809628
T4_B3_N1_C_s800_n6,T4_B3_N1_C,800,-218,756,False,713.2,77.1,7,228,50.22589578836416,121.57611325645556,50.22589578836416
T4_B3_N1_C_s800_n7,T4_B3_N1_C,800,316,-134,False,540.57,130.1,7,262,45.19785185874188,86.4926940369945,45.19785185874188
T4_B3_N1_D_s1000_n0,T4_B3_N1_D,1000,-230,1435,False,1186.22,57.9,14,545,382.6019148492117,390.3288712494664,382.6019148492117
T4_B3_N1_D_s1000_n1,T4_B3_N1_D,1000,-933,-206,False,1597.47,44.0,10,576,600.9686658074008,994.9020985575888,600.9686658074007
T4_B3_N1_D_s1000_n2,T4_B3_N1_D,1000,922,-707,False,1278.64,57.2,12,739,103.82143615902694,287.2445573877887,103.82143615902694
T4_B3_N1_D_s1000_n3,T4_B3_N1_D,1000,-457,-1018,False,1794.48,28.1,8,399,828.8882662633233,1017.4816943008428,828.8882662633233
T4_B3_N1_D_s1000_n4,T4_B3_N1_D,1000,120,-693,False,1252.06,57.9,12,714,156.28329484148247,331.7078547610045,156.28329484148247
T4_B3_N1_D_s1000_n5,T4_B3_N1_D,1000,-448,449,False,949.37,86.9,12,513,80.90453339054062,67.49155842006552,80.90453339054062
T4_B3_N1_D_s1000_n6,T4_B3_N1_D,1000,-15,161,False,616.56,172.4,10,566,1247.541187766281,42.28216091364068,1247.5411877662812
T4_B3_N1_D_s1000_n7,T4_B3_N1_D,1000,-883,1905,False,1971.48,23.9,8,222,696.4765815764165,671.6018675752356,696.4765815764165
T4_B3_N1_D_s1200_n0,T4_B3_N1_D,1200,-733,618,False,1333.12,75.4,12,671,160.8279481529582,73.54661518531381,160.8279481529582
T4_B3_N1_D_s1200_n1,T4_B3_N1_D,1200,375,103,True,545.56,264.0,9,798,15.054169728382368,24.203916919736965,15.054169728382368
T4_B3_N1_D_s1200_n2,T4_B3_N1_D,1200,-674,-500,False,1683.17,46.5,11,693,1462.5619811165775,1679.023619883354,1462.5619811165775
T4_B3_N1_D_s1200_n3,T4_B3_N1_D,1200,-292,1008,False,980.88,105.8,15,865,26.966087078228444,135.2173757345787,26.966087078228444
T4_B3_N1_D_s1200_n4,T4_B3_N1_D,1200,-530,987,False,1194.43,77.6,13,798,243.49412890332485,195.4917239548445,243.49412890332485
T4_B3_N1_D_s1200_n5,T4_B3_N1_D,1200,377,-296,False,923.33,116.8,15,976,13.605334084187218,15.235063844702262,13.605334084187218
T4_B3_N1_D_s1200_n6,T4_B3_N1_D,1200,417,1815,False,1228.7,77.4,13,837,893.2803178416054,956.8768486025674,893.2803178416054
T4_B3_N1_D_s1200_n7,T4_B3_N1_D,1200,999,82,True,653.85,241.9,11,709,17.724001729102973,15.984888039472027,17.724001729102874
T4_B3_N1_D_s400_n0,T4_B3_N1_D,400,-982,-764,False,1525.26,19.5,7,242,1625.938244449636,1676.3102613205604,1625.9382444496362
T4_B3_N1_D_s400_n1,T4_B3_N1_D,400,-353,-87,False,623.04,43.2,3,89,76.82466457455648,70.1894400312589,76.82466457455648
T4_B3_N1_D_s400_n3,T4_B3_N1_D,400,936,-1352,False,1717.67,13.6,4,133,578.6103280451497,427.8442627358759,427.8442627358757
T4_B3_N1_D_s400_n4,T4_B3_N1_D,400,-1160,346,False,1367.81,17.9,8,112,345.59912348323974,120.34955188497092,120.34955188497092
T4_B3_N1_D_s400_n5,T4_B3_N1_D,400,-350,400,False,585.23,47.7,3,79,41.31420779220202,41.25697142929708,41.31420779220204
T4_B3_N1_D_s400_n6,T4_B3_N1_D,400,-44,151,False,248.87,141.9,3,98,383.92752871216,24.10552598998517,383.92752871216
T4_B3_N1_D_s600_n0,T4_B3_N1_D,600,108,428,True,230.76,269.9,3,227,11.492248179941708,20.476753999718955,11.492248179941742
T4_B3_N1_D_s600_n1,T4_B3_N1_D,600,-554,-822,False,1410.04,31.1,10,457,760.7515288915521,1101.6576108240197,760.7515288915521
T4_B3_N1_D_s600_n2,T4_B3_N1_D,600,1174,-745,False,1362.31,30.8,10,238,456.2008345176406,582.4242151069084,456.2008345176405
T4_B3_N1_D_s600_n3,T4_B3_N1_D,600,683,1462,False,1223.49,29.4,4,102,1102.0156976839396,1132.0831408261524,1102.0156976839396
T4_B3_N1_D_s600_n5,T4_B3_N1_D,600,-471,452,False,785.84,59.3,6,175,246.56544235015616,42.54925762563805,246.56544235015613
T4_B3_N1_D_s600_n7,T4_B3_N1_D,600,-248,-649,False,1095.86,40.5,7,204,1019.7852025795672,277.8033971205275,1019.7852025795672
T4_B3_N1_D_s800_n0,T4_B3_N1_D,800,613,303,True,234.05,353.0,4,420,13.562068416519317,6.678637538181477,13.562068416519317
T4_B3_N1_D_s800_n1,T4_B3_N1_D,800,-205,47,False,700.45,80.4,7,347,54.84344806838428,105.26213150454498,54.84344806838428
T4_B3_N1_D_s800_n2,T4_B3_N1_D,800,1047,1742,False,1489.82,38.0,11,586,1372.22264281303,1395.262100156846,1372.22264281303
T4_B3_N1_D_s800_n3,T4_B3_N1_D,800,564,1934,False,1542.74,34.1,10,590,1519.0057860066115,1621.8047150087543,1519.0057860066115
T4_B3_N1_D_s800_n4,T4_B3_N1_D,800,-854,979,False,1381.22,39.5,11,455,385.2846984223914,549.4503752848419,385.2846984223914
T4_B3_N1_D_s800_n5,T4_B3_N1_D,800,-780,190,False,1198.54,47.6,12,438,138.27617298405443,195.43542513439823,138.27617298405443
T4_B3_N1_D_s800_n6,T4_B3_N1_D,800,1626,538,False,1233.74,47.8,11,562,1559.469378076914,691.6299638678518,691.6299638678518
T4_B3_N1_D_s800_n7,T4_B3_N1_D,800,-748,-254,False,1321.22,43.6,12,563,622.9988952007537,1025.3518039937928,1025.3518039937928
T6_B1_N27_A_s1000_n0,T6_B1_N27_A,1000,54,-492,False,1087.65,66.1,13,493,48.584053816819655,273.5427829758497,48.5840538168196
T6_B1_N27_A_s1000_n1,T6_B1_N27_A,1000,723,-1170,False,1684.82,44.3,12,764,541.9610378622527,696.9091400331222,541.9610378622527
T6_B1_N27_A_s1000_n2,T6_B1_N27_A,1000,608,1619,False,1124.2,69.7,18,715,1666.3786781954634,773.2441970858989,773.2441970858989
T6_B1_N27_A_s1000_n3,T6_B1_N27_A,1000,1687,1510,False,1558.55,46.4,15,912,319.7172336331532,552.4112372974165,319.7172336331532
T6_B1_N27_A_s1000_n4,T6_B1_N27_A,1000,-982,394,False,1485.79,49.1,14,1104,129.70936841132394,456.6536408458898,129.709368411324
T6_B1_N27_A_s1000_n5,T6_B1_N27_A,1000,-512,1547,False,1456.14,50.3,16,1002,449.5417721983332,532.1777434668156,449.5417721983332
T6_B1_N27_A_s1000_n6,T6_B1_N27_A,1000,1662,-977,False,1879.3,32.2,11,519,1370.266062998786,2029.372333290209,1370.266062998786
T6_B1_N27_A_s1000_n7,T6_B1_N27_A,1000,1173,-724,False,1396.82,51.5,16,979,595.3834404136995,210.9262267549802,595.3834404136995
T6_B1_N27_A_s1200_n0,T6_B1_N27_A,1200,1471,924,False,929.31,112.0,20,1067,796.2815587170247,2.765510307725453,796.2815587170247
T6_B1_N27_A_s1200_n1,T6_B1_N27_A,1200,665,216,True,389.46,350.9,9,804,13.016077637669396,21.090479402015102,13.01607763766942
T6_B1_N27_A_s1200_n2,T6_B1_N27_A,1200,-651,-441,False,1627.48,54.3,15,1497,149.2202837399595,154.92047230259175,149.22028373995946
T6_B1_N27_A_s1200_n3,T6_B1_N27_A,1200,-160,113,False,902.65,101.5,15,680,1706.2702770694948,55.81852137761928,1706.270277069495
T6_B1_N27_A_s1200_n4,T6_B1_N27_A,1200,428,570,True,174.6,358.0,7,841,22.14513488852904,28.35387422464043,22.14513488852904
T6_B1_N27_A_s1200_n5,T6_B1_N27_A,1200,579,-710,False,1310.17,78.9,16,1144,267.7571122869069,389.4743818986914,267.7571122869069
T6_B1_N27_A_s1200_n6,T6_B1_N27_A,1200,-719,-394,False,1651.6,53.3,15,1500,169.0346014283111,164.63688687983955,169.0346014283111
T6_B1_N27_A_s1200_n7,T6_B1_N27_A,1200,1169,777,True,595.89,198.7,12,793,16.969981451830716,4.4861046829273,16.969981451830716
T6_B1_N27_A_s400_n0,T6_B1_N27_A,400,326,-41,False,271.95,111.5,3,116,18.780962871027548,30.04265819103576,18.780962871027548
T6_B1_N27_A_s400_n1,T6_B1_N27_A,400,-866,1391,False,1598.39,17.2,9,140,1316.17983089885,1003.8775747485938,1003.8775747485938
T6_B1_N27_A_s400_n2,T6_B1_N27_A,400,-237,-74,False,515.8,51.1,4,93,55.40194356429544,89.91254906223422,55.40194356429545
T6_B1_N27_A_s400_n3,T6_B1_N27_A,400,-219,-181,False,566.32,47.6,4,94,94.01858934654378,94.68046405178642,94.01858934654378
T6_B1_N27_A_s400_n5,T6_B1_N27_A,400,-101,117,False,312.23,111.8,3,125,32.11009391999108,48.19593850405162,32.11009391999108
T6_B1_N27_A_s400_n6,T6_B1_N27_A,400,-120,301,False,335.56,88.5,3,119,48.63489427261631,50.10492250716028,48.63489427261631
T6_B1_N27_A_s400_n7,T6_B1_N27_A,400,-189,38,False,421.38,64.9,3,100,54.85339929270864,65.04279026821314,54.85339929270864
T6_B1_N27_A_s600_n1,T6_B1_N27_A,600,-1172,-333,False,1602.33,25.8,12,494,1854.4162095746628,685.8179803041642,1854.4162095746628
T6_B1_N27_A_s600_n2,T6_B1_N27_A,600,-177,709,False,628.34,62.8,5,178,401.2731962579498,59.87035958690693,401.2731962579498
T6_B1_N27_A_s600_n3,T6_B1_N27_A,600,-341,-257,False,849.19,52.2,6,166,68.32331135836513,96.7459469957783,68.32331135836506
T6_B1_N27_A_s600_n4,T6_B1_N27_A,600,-573,73,False,902.03,47.5,6,158,165.52724183881702,199.22642226867856,165.52724183881696
T6_B1_N27_A_s600_n5,T6_B1_N27_A,600,207,-98,False,408.72,122.9,6,253,15.230149113285258,49.92868928081782,15.230149113285227
T6_B1_N27_A_s600_n6,T6_B1_N27_A,600,602,1656,False,1389.22,29.0,13,417,1661.0682698837777,1507.8196936674285,1661.0682698837777
T6_B1_N27_A_s600_n7,T6_B1_N27_A,600,-953,1717,False,1891.53,24.1,9,382,417.0895974216604,896.9762412244879,417.0895974216604
T6_B1_N27_A_s800_n0,T6_B1_N27_A,800,-621,38,False,1083.28,50.8,9,246,137.57071408937088,201.2341368638777,137.57071408937094
T6_B1_N27_A_s800_n1,T6_B1_N27_A,800,649,153,True,350.73,319.5,6,370,13.404938375672677,22.400549363718984,13.404938375672677
T6_B1_N27_A_s800_n2,T6_B1_N27_A,800,181,621,True,311.13,353.1,5,390,17.877496343812496,25.13788947147913,17.877496343812506
T6_B1_N27_A_s800_n3,T6_B1_N27_A,800,2,123,True,484.91,133.8,7,377,49.62461172210013,34.85564000018321,49.62461172210013
T6_B1_N27_A_s800_n4,T6_B1_N27_A,800,-1108,284,False,1512.45,36.1,13,745,137.33433921584864,709.0921386303613,137.3343392158487
T6_B1_N27_A_s800_n5,T6_B1_N27_A,800,-772,1511,False,1614.9,37.9,13,767,533.1283307717792,620.6067621433367,533.1283307717792
T6_B1_N27_A_s800_n6,T6_B1_N27_A,800,-337,593,False,761.85,85.4,8,300,1276.8402498507176,40.250501026962056,1276.8402498507176
T6_B1_N27_A_s800_n7,T6_B1_N27_A,800,-896,1605,False,1769.64,34.0,12,719,548.2814247706244,699.4346972806646,548.2814247706244
T6_B1_N27_B_s1000_n0,T6_B1_N27_B,1000,-292,348,False,806.45,109.5,9,519,50.52744301465841,65.24274947758333,50.52744301465841
T6_B1_N27_B_s1000_n1,T6_B1_N27_B,1000,-97,-932,False,1551.46,44.1,14,687,77.00057715236822,74.19563797376063,77.00057715236822
T6_B1_N27_B_s1000_n2,T6_B1_N27_B,1000,1104,1667,False,1314.04,52.4,16,692,193.38934469268355,152.48154009327703,193.38934469268375
T6_B1_N27_B_s1000_n3,T6_B1_N27_B,1000,1508,1198,False,1226.08,57.8,17,670,1147.9381212618443,68.76534522201275,1147.9381212618443
T6_B1_N27_B_s1000_n4,T6_B1_N27_B,1000,-934,-668,False,1849.48,39.2,12,653,238.4659165233332,136.96106831983496,238.46591652333316
T6_B1_N27_B_s1000_n5,T6_B1_N27_B,1000,294,89,True,459.74,276.1,8,678,20.3137334558542,40.71575128139471,20.3137334558542
T6_B1_N27_B_s1000_n6,T6_B1_N27_B,1000,-848,-423,False,1633.72,45.5,14,845,119.9299172896001,252.86038042754427,119.9299172896001
T6_B1_N27_B_s1000_n7,T6_B1_N27_B,1000,-946,-678,False,1865.1,38.9,11,633,147.77216782626093,130.42498435047153,147.77216782626093
T6_B1_N27_B_s1200_n0,T6_B1_N27_B,1200,130,1618,False,1121.26,80.4,15,681,123.52981625198215,122.31396132536548,123.52981625198215
T6_B1_N27_B_s1200_n1,T6_B1_N27_B,1200,1102,441,True,526.58,349.7,10,907,26.29847789676449,33.40106490067923,26.29847789676449
T6_B1_N27_B_s1200_n2,T6_B1_N27_B,1200,576,758,True,159.81,358.5,5,870,19.79940971631497,41.14463548865911,19.79940971631497
T6_B1_N27_B_s1200_n3,T6_B1_N27_B,1200,1934,1053,False,1408.82,63.3,15,938,83.49681586677693,86.10885738354838,83.49681586677693
T6_B1_N27_B_s1200_n4,T6_B1_N27_B,1200,306,-95,False,754.63,152.1,11,826,44.6537444342023,38.85417852608376,44.65374443420232
T6_B1_N27_B_s1200_n5,T6_B1_N27_B,1200,477,-1009,False,1613.69,57.1,13,839,53.43109576266707,99.4436060505107,53.43109576266707
T6_B1_N27_B_s1200_n6,T6_B1_N27_B,1200,607,1646,False,1046.02,99.9,14,730,114.49212496938836,102.40687981181902,114.49212496938836
T6_B1_N27_B_s1200_n7,T6_B1_N27_B,1200,1119,2135,False,1620.37,53.0,15,961,128.06203426611953,169.75802424303316,128.06203426611953
T6_B1_N27_B_s400_n0,T6_B1_N27_B,400,-304,-188,False,636.05,40.2,3,96,81.1470160369195,71.87343558180942,81.1470160369195
T6_B1_N27_B_s400_n1,T6_B1_N27_B,400,-356,-139,False,651.2,41.3,3,93,45.71941771712557,61.44129440890147,45.71941771712557
T6_B1_N27_B_s400_n2,T6_B1_N27_B,400,1628,592,False,1480.83,17.0,7,119,1586.440077247214,459.73984429034766,459.73984429034766
T6_B1_N27_B_s400_n3,T6_B1_N27_B,400,697,1403,False,1301.62,19.9,4,58,561.7979635425719,538.0170580480666,561.7979635425719
T6_B1_N27_B_s400_n4,T6_B1_N27_B,400,1788,-872,False,1915.97,13.9,5,99,1711.9049747695085,1075.7182252936182,1711.9049747695085
T6_B1_N27_B_s400_n5,T6_B1_N27_B,400,-385,210,False,585.09,51.5,3,113,57.45239460411092,50.10575720337865,57.45239460411092
T6_B1_N27_B_s400_n6,T6_B1_N27_B,400,18,-351,False,580.28,40.1,3,114,136.7250047777836,86.14411426714017,136.72500477778365
T6_B1_N27_B_s400_n7,T6_B1_N27_B,400,-1474,1256,False,1979.25,13.5,7,165,895.3942661209213,850.4191285401881,895.3942661209213
T6_B1_N27_B_s600_n0,T6_B1_N27_B,600,1254,717,False,1041.16,39.6,6,177,85.08503061707182,65.82908936931973,85.08503061707182
T6_B1_N27_B_s600_n1,T6_B1_N27_B,600,-216,268,False,516.99,88.9,4,208,49.32990992737006,54.738388954248826,49.32990992737008
T6_B1_N27_B_s600_n2,T6_B1_N27_B,600,186,17,True,305.1,198.2,4,282,18.10400017393928,26.757638872016013,18.10400017393928
T6_B1_N27_B_s600_n3,T6_B1_N27_B,600,1609,-732,False,1666.88,27.5,11,476,794.4683332773659,324.4802262910845,794.4683332773659
T6_B1_N27_B_s600_n4,T6_B1_N27_B,600,191,963,False,671.9,64.2,4,159,106.96101230651765,109.52303393201824,106.96101230651765
T6_B1_N27_B_s600_n6,T6_B1_N27_B,600,-1219,1883,False,2193.91,12.7,6,69,1737.859611414179,785.4133606215375,1737.859611414179
T6_B1_N27_B_s600_n7,T6_B1_N27_B,600,451,1824,False,1531.46,26.4,11,332,1924.3748325607328,530.9721776185555,530.9721776185553
T6_B1_N27_B_s800_n0,T6_B1_N27_B,800,1094,-1543,False,2063.22,24.1,7,245,434.3758510473962,488.2498279867925,434.37585104739634
T6_B1_N27_B_s800_n1,T6_B1_N27_B,800,359,-315,False,716.17,91.1,6,372,94.87462747819332,84.28970548635228,94.87462747819332
T6_B1_N27_B_s800_n2,T6_B1_N27_B,800,-816,140,False,1243.49,44.5,11,402,1685.0282494232947,57.40027633227877,1685.0282494232947
T6_B1_N27_B_s800_n3,T6_B1_N27_B,800,1079,-1593,False,2105.49,21.8,6,198,720.3128952010113,401.1111833358922,720.3128952010113
T6_B1_N27_B_s800_n4,T6_B1_N27_B,800,1603,811,False,1271.27,44.8,13,431,782.2674328861665,120.96404776166904,782.2674328861665
T6_B1_N27_B_s800_n5,T6_B1_N27_B,800,-66,1024,False,778.8,69.1,7,295,103.68792124216456,74.61930765003635,103.68792124216444
T6_B1_N27_B_s800_n6,T6_B1_N27_B,800,-594,429,False,994.42,62.4,8,314,1536.131405966118,99.90370185914917,1536.131405966118
T6_B1_N27_B_s800_n7,T6_B1_N27_B,800,-66,560,False,492.7,155.8,6,364,49.444367541670346,54.89461444878097,49.444367541670346
T6_B1_N27_C_s1000_n0,T6_B1_N27_C,1000,872,-439,False,1010.0,76.4,12,722,812.2959402607829,48.08826913179698,812.2959402607829
T6_B1_N27_C_s1000_n1,T6_B1_N27_C,1000,-496,668,False,1010.07,76.6,11,621,133.07915465166417,70.14233857066606,133.0791546516641
T6_B1_N27_C_s1000_n2,T6_B1_N27_C,1000,-873,2008,False,2039.41,29.5,10,476,403.82219091151353,358.34140655220784,403.82219091151353
T6_B1_N27_C_s1000_n3,T6_B1_N27_C,1000,1473,-596,False,1465.59,50.6,14,1126,210.7164913668548,49.83046590128612,210.71649136685477
T6_B1_N27_C_s1000_n4,T6_B1_N27_C,1000,-221,276,False,754.99,114.2,10,521,161.42782222259672,114.45407250991036,161.42782222259672
T6_B1_N27_C_s1000_n5,T6_B1_N27_C,1000,407,130,True,381.51,245.8,6,397,11.306321800137049,12.024398540081265,11.306321800137042
T6_B1_N27_C_s1000_n6,T6_B1_N27_C,1000,-843,-353,False,1590.99,45.0,12,762,33.59303745388151,15.25764367288679,33.59303745388151
T6_B1_N27_C_s1000_n7,T6_B1_N27_C,1000,171,875,True,498.86,165.1,7,393,42.96790432414881,86.97702483827304,42.96790432414881
T6_B1_N27_C_s1200_n0,T6_B1_N27_C,1200,1586,462,False,995.61,103.4,14,1170,85.20321844678188,132.88808703725724,85.20321844678188
T6_B1_N27_C_s1200_n1,T6_B1_N27_C,1200,-273,-514,False,1415.32,61.0,15,1242,87.16565646033354,219.4984051605984,87.16565646033354
T6_B1_N27_C_s1200_n2,T6_B1_N27_C,1200,1287,656,False,689.28,160.7,10,698,13.600036886471733,45.50247784109275,13.600036886471733
T6_B1_N27_C_s1200_n3,T6_B1_N27_C,1200,-557,-169,False,1389.25,61.3,15,1247,104.99388244169418,11.65164517004282,104.99388244169418
T6_B1_N27_C_s1200_n4,T6_B1_N27_C,1200,1603,459,False,1012.86,103.4,14,1215,71.19157558015429,132.09084628562096,71.19157558015446
T6_B1_N27_C_s1200_n5,T6_B1_N27_C,1200,1946,806,False,1361.67,70.4,15,1252,303.4399153624661,277.2020857169651,303.4399153624661
T6_B1_N27_C_s1200_n6,T6_B1_N27_C,1200,1040,-1068,False,1725.06,51.1,12,956,221.1352966658035,223.18184677522,221.1352966658035
T6_B1_N27_C_s1200_n7,T6_B1_N27_C,1200,750,-465,False,1075.51,92.9,15,1192,35.992993157395176,109.9829309555977,35.992993157395176
T6_B1_N27_C_s400_n0,T6_B1_N27_C,400,1437,-809,False,1596.32,18.5,9,265,1153.0283327168888,685.4801276122239,1153.0283327168888
T6_B1_N27_C_s400_n1,T6_B1_N27_C,400,1287,-287,False,1191.11,22.5,5,160,1389.5132840408596,133.5795801388874,1389.5132840408596
T6_B1_N27_C_s400_n2,T6_B1_N27_C,400,142,-9,False,216.9,122.3,2,66,30.712755014066275,36.07597858627406,30.712755014066275
T6_B1_N27_C_s400_n4,T6_B1_N27_C,400,-124,23,False,369.2,75.2,3,83,141.06411967549542,157.07727957602697,141.06411967549542
T6_B1_N27_C_s400_n5,T6_B1_N27_C,400,326,-373,False,586.69,47.9,3,60,253.4140168397705,216.73459990034016,253.4140168397705
T6_B1_N27_C_s400_n6,T6_B1_N27_C,400,267,-1497,False,1698.32,14.3,8,180,683.4805664431778,704.1367808302418,704.1367808302418
T6_B1_N27_C_s600_n0,T6_B1_N27_C,600,662,722,False,555.99,67.5,5,115,75.23157217457289,147.80247231294007,75.23157217457289
T6_B1_N27_C_s600_n1,T6_B1_N27_C,600,1612,1288,False,1642.4,27.3,10,408,591.8348947171318,571.1981630862714,591.8348947171318
T6_B1_N27_C_s600_n2,T6_B1_N27_C,600,650,1257,False,1018.99,39.9,5,161,60.767453356101626,52.905545443234026,60.767453356101626
T6_B1_N27_C_s600_n3,T6_B1_N27_C,600,-75,-171,False,602.05,62.8,5,143,143.9955616020737,153.01792249632268,143.9955616020737
T6_B1_N27_C_s600_n4,T6_B1_N27_C,600,-371,-570,False,1098.7,39.0,8,259,238.05316658450812,57.49976713710688,238.05316658450812
T6_B1_N27_C_s600_n5,T6_B1_N27_C,600,397,-437,False,743.36,54.1,5,152,1080.180868162842,25.481503769406245,1080.180868162842
T6_B1_N27_C_s600_n6,T6_B1_N27_C,600,1141,1603,False,1550.84,29.0,11,403,147.39115866788728,469.8304123979851,147.39115866788728
T6_B1_N27_C_s600_n7,T6_B1_N27_C,600,397,-613,False,918.14,45.3,5,221,117.24220939116762,161.5533517981917,117.24220939116768
T6_B1_N27_C_s800_n0,T6_B1_N27_C,800,1245,-628,False,1330.72,45.5,14,778,177.34478492971965,73.02481484410195,177.34478492971965
T6_B1_N27_C_s800_n1,T6_B1_N27_C,800,302,260,True,170.89,353.1,3,283,0.7565590765683933,5.969158443097941,0.7565590765683918
T6_B1_N27_C_s800_n2,T6_B1_N27_C,800,286,-104,False,516.73,136.5,6,259,34.843347158450754,55.80398952897605,34.843347158450754
T6_B1_N27_C_s800_n3,T6_B1_N27_C,800,1955,-350,False,1726.42,32.3,10,629,309.78508374645554,102.26180818568828,309.78508374645554
T6_B1_N27_C_s800_n4,T6_B1_N27_C,800,-513,172,False,941.04,59.7,7,352,208.67106326427484,102.94711294396195,208.67106326427484
T6_B1_N27_C_s800_n5,T6_B1_N27_C,800,-243,286,False,653.03,109.7,6,300,42.63566896633665,71.71374872785857,42.63566896633665
T6_B1_N27_C_s800_n6,T6_B1_N27_C,800,363,-957,False,1357.5,43.2,12,615,373.7774387401384,239.2273830332273,373.7774387401384
T6_B1_N27_C_s800_n7,T6_B1_N27_C,800,1718,1762,False,1895.3,27.7,9,313,805.3027092155185,747.3543813179775,805.3027092155185
T6_B1_N27_D_s1000_n0,T6_B1_N27_D,1000,-365,1901,False,1646.52,43.7,10,491,69.8675476525104,189.2284318795145,69.8675476525104
T6_B1_N27_D_s1000_n1,T6_B1_N27_D,1000,712,-480,False,1002.67,79.1,8,342,168.4113757942672,150.88324984347963,168.4113757942672
T6_B1_N27_D_s1000_n2,T6_B1_N27_D,1000,1261,-328,False,1124.59,62.7,11,388,340.53673842123294,47.77450349456482,340.53673842123294
T6_B1_N27_D_s1000_n3,T6_B1_N27_D,1000,1017,978,False,704.11,94.3,9,385,7.919425008451652,80.13182801250797,7.919425008451652
T6_B1_N27_D_s1000_n4,T6_B1_N27_D,1000,1946,355,False,1453.25,48.5,10,361,305.798714417654,491.0451770124085,305.798714417654
T6_B1_N27_D_s1000_n5,T6_B1_N27_D,1000,1605,2090,False,1936.27,29.9,8,217,738.3215686991351,529.4293711541634,738.3215686991351
T6_B1_N27_D_s1000_n6,T6_B1_N27_D,1000,1585,1744,False,1650.69,44.5,10,386,280.7212505383315,329.38955001780715,280.7212505383315
T6_B1_N27_D_s1000_n7,T6_B1_N27_D,1000,53,-665,False,1247.81,57.0,11,521,1711.581905315523,854.678915128174,1711.581905315523
T6_B1_N27_D_s1200_n0,T6_B1_N27_D,1200,1802,1679,False,1615.25,53.1,11,497,221.89124382751416,298.3789269475532,221.8912438275143
T6_B1_N27_D_s1200_n1,T6_B1_N27_D,1200,-936,-681,False,2000.06,40.7,9,553,362.71739370199685,156.16878810480657,362.71739370199685
T6_B1_N27_D_s1200_n2,T6_B1_N27_D,1200,351,-686,False,1309.88,71.7,12,782,610.4539645818602,466.44688090129193,610.4539645818602
T6_B1_N27_D_s1200_n3,T6_B1_N27_D,1200,-572,5,False,1314.39,62.3,13,727,114.69196252918692,171.47155650411213,114.69196252918692
T6_B1_N27_D_s1200_n4,T6_B1_N27_D,1200,87,1466,False,1006.54,88.3,13,571,1694.7002670225788,109.15340224845154,1694.7002670225786
T6_B1_N27_D_s1200_n5,T6_B1_N27_D,1200,24,1513,False,1079.51,73.8,13,581,298.03147799953007,116.7023215894261,298.0314779995299
T6_B1_N27_D_s1200_n6,T6_B1_N27_D,1200,352,482,True,274.64,356.8,6,603,8.710008097005764,23.274544066397784,8.710008097005812
T6_B1_N27_D_s1200_n7,T6_B1_N27_D,1200,-402,-1101,False,1974.18,41.5,9,598,1171.5052337407826,800.0400208486003,1171.5052337407826
T6_B1_N27_D_s400_n0,T6_B1_N27_D,400,-396,243,False,597.55,48.5,2,65,143.82000929841442,65.76426157400303,143.82000929841442
T6_B1_N27_D_s400_n1,T6_B1_N27_D,400,1663,1176,False,1758.68,14.9,4,47,1693.0791296942705,678.4375776438989,1693.0791296942705
T6_B1_N27_D_s400_n2,T6_B1_N27_D,400,635,-1302,False,1563.72,16.4,6,109,1690.9828404387542,901.0782127113698,1690.9828404387542
T6_B1_N27_D_s400_n5,T6_B1_N27_D,400,-51,-143,False,425.03,59.1,3,58,34.20885082613113,104.47091984545672,34.20885082613113
T6_B1_N27_D_s400_n6,T6_B1_N27_D,400,-62,-146,False,434.0,60.0,3,60,28.07362078914239,92.47085516220253,28.07362078914239
T6_B1_N27_D_s400_n7,T6_B1_N27_D,400,292,-43,False,259.83,135.1,3,78,14.51632571779409,16.038689339633184,14.51632571779409
T6_B1_N27_D_s600_n0,T6_B1_N27_D,600,498,-79,False,427.6,125.2,5,159,759.4314004313509,33.47720763151969,759.4314004313509
T6_B1_N27_D_s600_n1,T6_B1_N27_D,600,27,595,True,401.94,102.5,4,148,12.20304363248984,24.40703189063729,12.20304363248984
T6_B1_N27_D_s600_n2,T6_B1_N27_D,600,414,1539,False,1244.23,32.3,7,169,1412.342724970959,374.7759458488026,374.7759458488026
T6_B1_N27_D_s600_n3,T6_B1_N27_D,600,853,-1629,False,2006.7,18.6,4,101,1563.1811544879863,671.7459428739106,1563.1811544879863
T6_B1_N27_D_s600_n4,T6_B1_N27_D,600,302,389,True,89.02,353.8,3,187,12.354662384666144,7.099909106273198,12.354662384666144
T6_B1_N27_D_s600_n5,T6_B1_N27_D,600,508,1980,False,1692.83,22.3,7,213,699.7264962654085,965.3867161535528,699.7264962654085
T6_B1_N27_D_s600_n6,T6_B1_N27_D,600,-1436,416,False,1739.87,21.5,8,253,792.4232172929691,835.7462531023837,792.4232172929691
T6_B1_N27_D_s600_n7,T6_B1_N27_D,600,-220,887,False,784.2,53.8,4,115,47.567751213955226,37.11104665975664,47.567751213955226
T6_B1_N27_D_s800_n0,T6_B1_N27_D,800,-19,597,False,463.0,167.0,5,263,16.933089760512356,23.944371398846,16.933089760512356
T6_B1_N27_D_s800_n1,T6_B1_N27_D,800,70,982,False,669.05,84.2,5,224,20.470803483168893,37.15215004480348,20.47080348316901
T6_B1_N27_D_s800_n2,T6_B1_N27_D,800,650,568,True,301.2,353.7,5,320,12.354662384571338,5.7403320653431535,12.354662384571338
T6_B1_N27_D_s800_n3,T6_B1_N27_D,800,-491,-599,False,1338.61,43.6,10,329,592.484648049056,808.3247404742269,808.3247404742269
T6_B1_N27_D_s800_n4,T6_B1_N27_D,800,1784,1884,False,2029.21,17.2,4,67,344.51595718055256,795.170373348042,344.51595718055233
T6_B1_N27_D_s800_n5,T6_B1_N27_D,800,-213,830,False,748.78,72.8,6,216,31.91704618382268,46.55076243954785,31.91704618382268
T6_B1_N27_D_s800_n6,T6_B1_N27_D,800,336,30,True,375.49,205.9,5,255,14.58542182025043,17.521969846375267,14.58542182025043
T6_B1_N27_D_s800_n7,T6_B1_N27_D,800,703,-384,False,840.51,72.1,6,224,82.52588914356843,79.58998493851509,82.52588914356843
T6_B1_N5_A_s1000_n0,T6_B1_N5_A,1000,1357,1434,False,1267.6,54.5,18,528,513.3381080243107,379.7356243956797,513.3381080243108
T6_B1_N5_A_s1000_n1,T6_B1_N5_A,1000,430,104,True,402.14,234.4,6,387,137.73306048094466,31.341498160926697,137.7330604809447
T6_B1_N5_A_s1000_n2,T6_B1_N5_A,1000,1269,-745,False,1463.35,49.2,17,608,421.8563759470187,357.8826400546636,421.8563759470188
T6_B1_N5_A_s1000_n3,T6_B1_N5_A,1000,-945,204,False,1475.01,47.8,16,720,145.50349094470616,275.59199820866394,145.50349094470616
T6_B1_N5_A_s1000_n4,T6_B1_N5_A,1000,118,-10,False,637.2,130.4,9,408,6.71184277101475,43.16937227757995,43.16937227757995
T6_B1_N5_A_s1000_n5,T6_B1_N5_A,1000,-335,-883,False,1615.52,44.7,15,813,279.9328396868585,203.34567956110064,279.9328396868585
T6_B1_N5_A_s1000_n6,T6_B1_N5_A,1000,2096,696,False,1607.99,42.9,14,605,106.93497856029065,85.48111825148727,106.93497856029065
T6_B1_N5_A_s1000_n7,T6_B1_N5_A,1000,-331,-1250,False,1937.28,35.3,12,654,207.00091247139017,237.8357095385992,207.00091247139017
T6_B1_N5_A_s1200_n0,T6_B1_N5_A,1200,1690,-403,False,1481.25,56.5,18,1016,477.6647528204367,563.7473004082292,477.6647528204369
T6_B1_N5_A_s1200_n1,T6_B1_N5_A,1200,88,112,True,707.31,154.8,10,549,5.87710068002808,37.29540151116585,37.29540151116585
T6_B1_N5_A_s1200_n2,T6_B1_N5_A,1200,-254,1028,False,955.25,100.6,11,517,36.88748574578258,31.286259780201995,36.887485745782605
T6_B1_N5_A_s1200_n3,T6_B1_N5_A,1200,74,829,True,573.69,223.8,9,582,7.0956960738546,10.387301067327602,7.0956960738546
T6_B1_N5_A_s1200_n4,T6_B1_N5_A,1200,1170,-1,False,828.31,98.0,11,491,51.43585909799186,131.53087753498363,51.43585909799186
T6_B1_N5_A_s1200_n5,T6_B1_N5_A,1200,646,-1080,False,1680.63,56.2,15,810,387.4925914885278,525.3969624836012,387.4925914885278
T6_B1_N5_A_s1200_n6,T6_B1_N5_A,1200,-831,800,False,1444.91,67.4,16,940,226.9285760212161,405.2275788710777,226.92857602121612
T6_B1_N5_A_s1200_n7,T6_B1_N5_A,1200,185,68,True,674.72,217.4,10,556,6.046535826997764,28.250240020104144,28.250240020104144
T6_B1_N5_A_s400_n1,T6_B1_N5_A,400,872,-600,False,1044.79,23.3,3,43,339.56565663125144,479.8951691698464,339.56565663125144
T6_B1_N5_A_s400_n2,T6_B1_N5_A,400,927,-1509,False,1857.2,14.4,10,222,1944.831188784233,1160.3368955823169,1944.831188784233
T6_B1_N5_A_s400_n3,T6_B1_N5_A,400,860,-488,False,953.39,30.6,4,53,475.65520679053145,223.93399989347145,475.65520679053145
T6_B1_N5_A_s400_n4,T6_B1_N5_A,400,676,-622,False,949.87,26.5,4,48,376.40754131928514,204.7332303788806,376.40754131928514
T6_B1_N5_A_s400_n5,T6_B1_N5_A,400,-69,-390,False,648.43,34.9,3,70,777.0652581573901,530.3424147312569,777.0652581573901
T6_B1_N5_A_s400_n6,T6_B1_N5_A,400,-93,-317,False,594.25,37.8,3,63,844.6356027341778,766.0032474207667,844.635602734178
T6_B1_N5_A_s400_n7,T6_B1_N5_A,400,-190,-205,False,562.25,39.7,3,69,223.20422168438608,323.58512114858905,223.20422168438608
T6_B1_N5_A_s600_n0,T6_B1_N5_A,600,1941,571,False,1663.23,23.0,12,304,671.6763618227001,775.0932838339573,671.6763618227001
T6_B1_N5_A_s600_n1,T6_B1_N5_A,600,418,355,True,130.19,348.7,3,128,8.485759881839535,9.527908896061712,8.485759881839535
T6_B1_N5_A_s600_n2,T6_B1_N5_A,600,-508,-117,False,909.26,44.9,5,145,256.6901813129019,210.8993586928084,256.6901813129019
T6_B1_N5_A_s600_n3,T6_B1_N5_A,600,-562,754,False,974.25,42.3,6,134,101.39781723449896,96.19174540223374,101.39781723449896
T6_B1_N5_A_s600_n4,T6_B1_N5_A,600,-172,-312,False,772.87,55.2,5,158,548.1902897060212,141.59839237086868,548.1902897060212
T6_B1_N5_A_s600_n5,T6_B1_N5_A,600,-1440,-524,False,1925.25,21.5,10,395,744.8654406176773,113.21558148840998,744.8654406176773
T6_B1_N5_A_s600_n6,T6_B1_N5_A,600,572,-416,False,765.92,53.8,4,115,30.59896239621977,81.08340720078075,30.59896239621977
T6_B1_N5_A_s600_n7,T6_B1_N5_A,600,310,-47,False,347.14,146.2,3,129,6.202893239720701,67.10866996062677,6.202893239720701
T6_B1_N5_A_s800_n0,T6_B1_N5_A,800,-155,1125,False,913.04,60.0,8,231,206.6409210443976,121.0299408319772,206.6409210443977
T6_B1_N5_A_s800_n1,T6_B1_N5_A,800,-345,-242,False,983.46,58.8,8,240,135.3759230875171,108.24476711569334,135.3759230875171
T6_B1_N5_A_s800_n2,T6_B1_N5_A,800,286,93,True,327.48,234.4,5,242,834.0435414607468,18.01948811185781,834.0435414607468
T6_B1_N5_A_s800_n3,T6_B1_N5_A,800,-591,689,False,1032.28,56.9,7,215,201.66591439250573,234.2048213197315,201.66591439250573
T6_B1_N5_A_s800_n4,T6_B1_N5_A,800,-214,574,False,638.18,102.6,6,281,34.49194587026958,67.75833963519943,34.49194587026958
T6_B1_N5_A_s800_n5,T6_B1_N5_A,800,654,-148,False,604.0,100.2,6,213,12.225024510239738,40.84813704695253,12.225024510239738
T6_B1_N5_A_s800_n6,T6_B1_N5_A,800,-1085,1171,False,1673.22,35.4,13,589,596.862744462662,619.5808305704472,596.862744462662
T6_B1_N5_A_s800_n7,T6_B1_N5_A,800,-359,302,False,765.3,82.5,6,255,21.96523204052825,48.53525740948265,21.96523204052824
T6_B1_N5_B_s1000_n0,T6_B1_N5_B,1000,1245,-1057,False,1726.06,41.6,14,598,89.12254038330668,221.2427585696212,89.12254038330677
T6_B1_N5_B_s1000_n1,T6_B1_N5_B,1000,281,-519,False,1042.27,74.0,7,223,120.88682994336664,157.8729708063763,120.88682994336664
T6_B1_N5_B_s1000_n2,T6_B1_N5_B,1000,959,21,True,663.42,99.0,7,215,15.43964307831745,32.52324305479519,15.439643078317523
T6_B1_N5_B_s1000_n3,T6_B1_N5_B,1000,270,-284,False,817.04,100.3,6,238,45.85251328417878,83.12056013222748,45.85251328417878
T6_B1_N5_B_s1000_n4,T6_B1_N5_B,1000,1669,1113,False,1319.97,52.3,16,390,253.1817212170808,365.5069792793704,253.1817212170808
T6_B1_N5_B_s1000_n5,T6_B1_N5_B,1000,1719,-97,False,1357.34,50.8,16,452,902.1661412551092,110.19384762339128,902.1661412551092
T6_B1_N5_B_s1000_n6,T6_B1_N5_B,1000,-746,386,False,1251.2,59.7,10,344,1650.4604794235247,175.03098014963902,1650.4604794235247
T6_B1_N5_B_s1000_n7,T6_B1_N5_B,1000,-1149,1653,False,2012.12,28.4,10,259,258.2202565353124,280.1410128686242,258.2202565353122
T6_B1_N5_B_s1200_n0,T6_B1_N5_B,1200,527,555,True,85.76,354.9,4,323,15.897572024721,20.885285558626272,15.897572024721
T6_B1_N5_B_s1200_n1,T6_B1_N5_B,1200,-996,1273,False,1732.09,49.1,14,623,236.31418026852225,282.0963979463142,236.31418026852225
T6_B1_N5_B_s1200_n2,T6_B1_N5_B,1200,1399,1904,False,1529.32,54.0,16,720,391.9045834742256,332.0705497049909,391.90458347422594
T6_B1_N5_B_s1200_n3,T6_B1_N5_B,1200,992,-166,False,860.48,128.1,9,325,16.586688419082048,52.262877399723976,16.586688419082048
T6_B1_N5_B_s1200_n4,T6_B1_N5_B,1200,-863,-60,False,1604.98,51.5,15,833,266.76855170101953,367.0820282892591,266.76855170101953
T6_B1_N5_B_s1200_n5,T6_B1_N5_B,1200,965,1147,True,657.6,159.2,9,345,21.116402774982408,36.95305460642705,21.116402774982436
T6_B1_N5_B_s1200_n6,T6_B1_N5_B,1200,446,637,True,158.38,354.4,5,351,13.709495176616809,22.37956753347634,13.709495176616809
T6_B1_N5_B_s1200_n7,T6_B1_N5_B,1200,803,-322,False,944.08,111.7,9,321,43.84987274042047,52.88006136722554,43.84987274042047
T6_B1_N5_B_s400_n0,T6_B1_N5_B,400,-390,311,False,600.35,42.9,3,48,99.34357035658304,47.61443725741496,99.343570356583
T6_B1_N5_B_s400_n2,T6_B1_N5_B,400,1561,-657,False,1608.34,16.5,6,85,1621.4218029451729,845.7099501589638,845.7099501589638
T6_B1_N5_B_s400_n3,T6_B1_N5_B,400,874,-75,False,727.94,34.1,2,31,9.889007458294294,61.39617741464031,9.889007458294294
T6_B1_N5_B_s400_n4,T6_B1_N5_B,400,1586,-887,False,1761.41,16.2,10,164,642.5798340581425,880.5833721624259,642.5798340581425
T6_B1_N5_B_s400_n5,T6_B1_N5_B,400,-90,-173,False,472.47,53.7,3,39,29.47208588752997,32.09388074142848,29.472085887529943
T6_B1_N5_B_s400_n6,T6_B1_N5_B,400,-825,-1737,False,2191.48,6.8,3,53,1933.827868747934,1917.7182783906885,1917.7182783906885
T6_B1_N5_B_s600_n0,T6_B1_N5_B,600,1253,1623,False,1630.5,27.8,11,282,245.1803814203636,313.4908126509497,245.1803814203636
T6_B1_N5_B_s600_n1,T6_B1_N5_B,600,116,-464,False,785.84,51.2,3,82,195.31509963911205,165.9761039315419,195.31509963911205
T6_B1_N5_B_s600_n4,T6_B1_N5_B,600,168,-428,False,739.87,57.9,4,75,104.3589572111057,88.99544998058283,104.3589572111057
T6_B1_N5_B_s600_n5,T6_B1_N5_B,600,-716,1418,False,1510.69,28.9,12,252,182.1960858576529,217.43567199101088,182.19608585765292
T6_B1_N5_B_s600_n6,T6_B1_N5_B,600,-352,-437,False,984.01,44.1,5,101,16.820714446527198,72.46577262372391,16.820714446527205
T6_B1_N5_B_s800_n0,T6_B1_N5_B,800,724,484,True,334.71,209.3,4,128,11.515495389218026,9.27759959689315,11.515495389218026
T6_B1_N5_B_s800_n1,T6_B1_N5_B,800,572,746,True,386.39,159.2,4,129,6.194101616019657,4.509216149936621,6.194101616019657
T6_B1_N5_B_s800_n2,T6_B1_N5_B,800,1519,692,False,1156.47,47.0,7,138,362.0975047019854,263.85754200028475,362.0975047019854
T6_B1_N5_B_s800_n3,T6_B1_N5_B,800,398,607,True,207.01,269.9,3,129,14.749219634045955,14.746340198107742,14.749219634045955
T6_B1_N5_B_s800_n4,T6_B1_N5_B,800,-763,-312,False,1363.64,41.4,8,187,2004.4002116636125,200.7483807144181,2004.4002116636125
T6_B1_N5_B_s800_n5,T6_B1_N5_B,800,1335,-486,False,1288.11,43.2,9,169,405.3256703882523,98.04634615256607,405.3256703882523
T6_B1_N5_B_s800_n6,T6_B1_N5_B,800,1673,862,False,1354.24,38.8,12,185,675.101102525356,485.87455279517695,675.101102525356
T6_B1_N5_B_s800_n7,T6_B1_N5_B,800,-1135,634,False,1552.73,34.4,13,424,179.58877894634566,177.88271273892792,179.58877894634574
T6_B1_N5_C_s1000_n0,T6_B1_N5_C,1000,1039,716,False,580.67,160.6,6,295,22.821136100112177,76.21957183198825,22.821136100112177
T6_B1_N5_C_s1000_n1,T6_B1_N5_C,1000,307,297,True,280.1,355.2,4,374,11.059317007945,19.45564795380185,11.059317007945
T6_B1_N5_C_s1000_n2,T6_B1_N5_C,1000,1351,-1538,False,2208.54,25.5,9,207,320.73042960603607,308.1575819646503,320.73042960603607
T6_B1_N5_C_s1000_n3,T6_B1_N5_C,1000,-491,-179,False,1201.3,57.3,15,330,1806.363378742392,74.64647372493747,1806.363378742392
T6_B1_N5_C_s1000_n4,T6_B1_N5_C,1000,-742,-908,False,1877.51,36.1,11,368,379.5160888096407,67.90233761859396,379.5160888096406
T6_B1_N5_C_s1000_n5,T6_B1_N5_C,1000,-109,440,False,611.95,144.4,6,317,10.358002124400212,15.966194608175972,10.358002124400224
T6_B1_N5_C_s1000_n6,T6_B1_N5_C,1000,-794,-313,False,1528.2,46.7,14,512,35.015843801436304,284.0620496693507,35.015843801436304
T6_B1_N5_C_s1000_n7,T6_B1_N5_C,1000,236,-921,False,1445.32,47.7,14,499,87.18731071608993,113.8013139184952,87.18731071608993
T6_B1_N5_C_s1200_n0,T6_B1_N5_C,1200,231,1401,False,881.91,120.8,9,367,15.765634407371124,65.81786877126433,15.76563440737104
T6_B1_N5_C_s1200_n1,T6_B1_N5_C,1200,834,-1129,False,1744.76,51.0,12,537,162.12132778115483,249.6223880484205,162.12132778115483
T6_B1_N5_C_s1200_n2,T6_B1_N5_C,1200,1119,251,True,625.43,242.2,7,359,13.586590697468418,32.656413295405684,13.586590697468418
T6_B1_N5_C_s1200_n3,T6_B1_N5_C,1200,868,-99,False,748.62,151.8,8,354,14.358355543419473,17.624652951964904,14.358355543419473
T6_B1_N5_C_s1200_n4,T6_B1_N5_C,1200,-480,1103,False,1191.39,68.4,12,358,85.819224352078,108.03687981762916,85.819224352078
T6_B1_N5_C_s1200_n5,T6_B1_N5_C,1200,536,1738,False,1139.8,88.3,11,434,186.09399160342983,40.32229085934352,186.09399160342963
T6_B1_N5_C_s1200_n6,T6_B1_N5_C,1200,-820,1702,False,1797.44,48.2,13,432,367.1766382198916,336.3906168336853,367.1766382198916
T6_B1_N5_C_s1200_n7,T6_B1_N5_C,1200,-644,1072,False,1330.53,67.5,15,481,150.16626843064668,121.91330200926744,150.16626843064668
T6_B1_N5_C_s400_n0,T6_B1_N5_C,400,1766,-759,False,1836.31,16.0,9,121,733.9274300615814,729.6025181365158,733.9274300615814
T6_B1_N5_C_s400_n2,T6_B1_N5_C,400,2015,875,False,1936.45,13.9,8,79,409.4002834595439,794.994712291368,794.994712291368
T6_B1_N5_C_s400_n5,T6_B1_N5_C,400,1348,568,False,1205.54,19.8,3,30,1427.6937514416466,181.674447244298,181.674447244298
T6_B1_N5_C_s400_n6,T6_B1_N5_C,400,-1133,1732,False,2030.74,11.4,5,39,541.5359138199077,621.4260586991509,621.4260586991509
T6_B1_N5_C_s600_n1,T6_B1_N5_C,600,1706,318,False,1406.12,26.2,5,83,599.2582697307209,611.2619825348012,599.2582697307209
T6_B1_N5_C_s600_n2,T6_B1_N5_C,600,350,-45,False,348.6,152.4,3,147,15.441927052137888,19.28160988704391,15.441927052137888
T6_B1_N5_C_s600_n3,T6_B1_N5_C,600,-27,290,False,327.15,168.1,3,177,3.58664076093746,12.501151110079922,3.586640760937457
T6_B1_N5_C_s600_n4,T6_B1_N5_C,600,-520,1631,False,1563.32,28.1,9,126,301.3951529807202,434.9554236279022,301.3951529807202
T6_B1_N5_C_s600_n5,T6_B1_N5_C,600,2040,-248,False,1824.25,21.5,10,179,327.9214873717812,452.588106286567,327.9214873717812
T6_B1_N5_C_s600_n6,T6_B1_N5_C,600,1950,1508,False,2044.94,19.9,8,100,2202.741758302345,157.8337614918801,157.8337614918801
T6_B1_N5_C_s600_n7,T6_B1_N5_C,600,-347,-141,False,783.0,52.7,4,75,23.764991606550765,156.585503554836,23.764991606550755
T6_B1_N5_C_s800_n0,T6_B1_N5_C,800,-247,787,False,753.91,70.7,5,163,43.89063693551218,51.47205675477936,43.89063693551218
T6_B1_N5_C_s800_n1,T6_B1_N5_C,800,366,-563,False,963.6,62.5,5,121,106.72874743993196,83.61414692520236,106.72874743993196
T6_B1_N5_C_s800_n2,T6_B1_N5_C,800,-831,2155,False,2143.69,20.9,8,99,543.1406614977794,554.393814396891,543.1406614977794
T6_B1_N5_C_s800_n3,T6_B1_N5_C,800,-101,1295,False,1025.68,51.0,6,142,57.605668922172846,174.4071346056976,57.60566892217283
T6_B1_N5_C_s800_n4,T6_B1_N5_C,800,-762,641,False,1186.73,46.1,6,151,243.0626801615456,101.24709073705674,243.0626801615456
T6_B1_N5_C_s800_n5,T6_B1_N5_C,800,-586,-50,False,1083.83,48.7,6,150,143.36476411643545,84.00174174058522,143.36476411643545
T6_B1_N5_C_s800_n6,T6_B1_N5_C,800,-1,68,False,520.6,114.4,5,193,15.19400869205336,21.651396028344266,15.19400869205336
T6_B1_N5_C_s800_n7,T6_B1_N5_C,800,2033,1230,False,1831.83,30.6,11,240,927.017196466086,424.4930711718527,424.4930711718527
T6_B1_N5_D_s1000_n0,T6_B1_N5_D,1000,800,1549,False,1091.05,68.1,11,389,179.898934324961,218.70336902090327,179.898934324961
T6_B1_N5_D_s1000_n1,T6_B1_N5_D,1000,758,1990,False,1512.17,48.0,11,449,435.25830269343066,413.0445777115539,435.2583026934304
T6_B1_N5_D_s1000_n2,T6_B1_N5_D,1000,1840,1649,False,1765.16,39.3,10,434,167.55222522651766,327.20438445313096,167.55222522651744
T6_B1_N5_D_s1000_n3,T6_B1_N5_D,1000,-96,869,False,700.98,132.8,7,419,50.12160947905747,92.84567995015296,50.12160947905747
T6_B1_N5_D_s1000_n4,T6_B1_N5_D,1000,973,928,True,637.9,123.2,7,408,17.355411046341484,6.5932897182352646,17.35541104634139
T6_B1_N5_D_s1000_n5,T6_B1_N5_D,1000,-737,549,False,1237.97,67.3,12,531,195.80411008196816,544.9751331377523,195.80411008196816
T6_B1_N5_D_s1000_n6,T6_B1_N5_D,1000,246,-937,False,1459.28,50.7,11,554,355.53804624245623,421.0221206057083,355.53804624245623
T6_B1_N5_D_s1000_n7,T6_B1_N5_D,1000,790,-851,False,1381.77,51.2,12,545,402.7140688553272,402.65271321516974,402.7140688553272
T6_B1_N5_D_s1200_n0,T6_B1_N5_D,1200,-547,465,False,1154.92,89.0,13,772,176.99883439386147,305.4917537045819,176.99883439386147
T6_B1_N5_D_s1200_n1,T6_B1_N5_D,1200,686,358,True,256.83,355.0,5,708,19.69317138729368,29.637052452770167,19.69317138729368
T6_B1_N5_D_s1200_n2,T6_B1_N5_D,1200,-381,285,False,1030.33,97.8,14,796,99.69958477680422,212.6006518165661,99.6995847768042
T6_B1_N5_D_s1200_n3,T6_B1_N5_D,1200,-469,1524,False,1412.99,59.7,13,702,493.9400270617059,656.5097074767641,493.9400270617058
T6_B1_N5_D_s1200_n4,T6_B1_N5_D,1200,970,956,True,513.45,354.3,7,629,14.486996251530933,8.308879691615266,14.486996251531046
T6_B1_N5_D_s1200_n5,T6_B1_N5_D,1200,-672,349,False,1296.53,71.4,13,766,107.73826285494832,290.0674532620925,107.7382628549483
T6_B1_N5_D_s1200_n6,T6_B1_N5_D,1200,-336,528,False,938.77,109.8,14,681,46.32500806450562,157.90129322182375,46.32500806450562
T6_B1_N5_D_s1200_n7,T6_B1_N5_D,1200,1178,-32,False,856.45,93.2,11,548,16.929381666157493,64.57106761556545,16.929381666157493
T6_B1_N5_D_s400_n0,T6_B1_N5_D,400,298,-24,False,244.5,121.3,3,92,18.920804044849262,31.91870705928221,18.920804044849262
T6_B1_N5_D_s400_n1,T6_B1_N5_D,400,-521,-1123,False,1506.71,19.7,8,163,1318.0470376755889,2695.871317813658,2695.871317813658
T6_B1_N5_D_s400_n2,T6_B1_N5_D,400,-202,-372,False,699.13,36.2,3,65,71.80106344820521,25.196480658761605,71.80106344820521
T6_B1_N5_D_s400_n3,T6_B1_N5_D,400,1418,-349,False,1336.01,20.7,4,63,1439.0052838645718,1371.9902726230737,1371.9902726230737
T6_B1_N5_D_s400_n4,T6_B1_N5_D,400,-43,-240,False,502.64,56.1,3,79,107.7337370212533,197.37581229236807,107.7337370212533
T6_B1_N5_D_s400_n6,T6_B1_N5_D,400,-49,-281,False,541.63,50.0,3,76,91.69150564514857,227.68283001646805,91.69150564514857
T6_B1_N5_D_s400_n7,T6_B1_N5_D,400,-383,-4,False,617.66,38.0,2,71,88.81576077028797,101.89120964053572,88.81576077028797
T6_B1_N5_D_s600_n0,T6_B1_N5_D,600,-53,93,False,409.22,114.8,4,200,23.26600339880788,36.88286340691306,23.26600339880788
T6_B1_N5_D_s600_n1,T6_B1_N5_D,600,2075,921,False,1880.5,21.0,7,118,283.3036163098624,247.46799702779305,247.46799702779305
T6_B1_N5_D_s600_n2,T6_B1_N5_D,600,290,-937,False,1237.04,32.9,8,187,1472.2922555254488,344.309912533914,1472.2922555254488
T6_B1_N5_D_s600_n3,T6_B1_N5_D,600,546,-145,False,508.47,91.9,5,172,43.711081949671694,42.14733494635502,43.711081949671694
T6_B1_N5_D_s600_n5,T6_B1_N5_D,600,-45,349,False,348.46,145.5,4,205,31.57696853604944,32.75285680141472,31.57696853604944
T6_B1_N5_D_s600_n6,T6_B1_N5_D,600,-383,316,False,683.19,68.7,3,156,32.938638406393395,31.52777784071261,32.938638406393395
T6_B1_N5_D_s600_n7,T6_B1_N5_D,600,241,-399,False,701.49,63.6,4,143,843.9150053849247,109.01409868358655,843.9150053849247
T6_B1_N5_D_s800_n0,T6_B1_N5_D,800,126,1290,False,931.22,59.7,7,226,1386.2381834475264,111.94035352147348,1386.2381834475264
T6_B1_N5_D_s800_n1,T6_B1_N5_D,800,595,-195,False,626.14,102.6,5,253,16.04728765151136,137.9956193881275,16.04728765151136
T6_B1_N5_D_s800_n2,T6_B1_N5_D,800,393,190,True,210.12,337.8,4,366,19.47706558542521,24.02687104310272,19.47706558542521
T6_B1_N5_D_s800_n3,T6_B1_N5_D,800,780,1775,False,1426.54,37.9,11,328,426.8918906848763,342.6504256266341,426.8918906848763
T6_B1_N5_D_s800_n4,T6_B1_N5_D,800,120,-311,False,764.15,80.7,7,272,44.16067832908509,61.71229901827786,44.16067832908509
T6_B1_N5_D_s800_n5,T6_B1_N5_D,800,1847,-598,False,1757.79,33.3,10,359,577.9172820086534,286.1862313403091,577.9172820086534
T6_B1_N5_D_s800_n6,T6_B1_N5_D,800,-181,1376,False,1135.84,48.8,8,228,1390.8365790078622,1077.146855239287,1390.8365790078622
T6_B1_N5_D_s800_n7,T6_B1_N5_D,800,-251,-512,False,1120.51,51.4,13,467,56.7974529575289,105.49531752368912,56.7974529575289
T6_B2_N15_A_s1000_n0,T6_B2_N15_A,1000,1658,-93,False,1301.0,54.7,16,1554,124.60916898102072,152.56878813636033,124.60916898102074
T6_B2_N15_A_s1000_n1,T6_B2_N15_A,1000,-663,-318,False,1421.86,51.2,15,1276,165.34001042698452,81.31198109167761,165.34001042698455
T6_B2_N15_A_s1000_n2,T6_B2_N15_A,1000,131,853,True,510.66,353.8,11,934,9.559391272691864,37.84789958554024,9.559391272691864
T6_B2_N15_A_s1000_n3,T6_B2_N15_A,1000,-123,839,False,709.26,121.4,13,934,10.737120231443832,65.55425809223922,10.737120231443832
T6_B2_N15_A_s1000_n4,T6_B2_N15_A,1000,357,-588,False,1097.36,74.1,17,1429,154.14856876833497,99.35772196925303,154.14856876833497
T6_B2_N15_A_s1000_n5,T6_B2_N15_A,1000,1291,1640,False,1387.54,52.9,16,1355,131.55815091996934,157.18219460303123,131.55815091996936
T6_B2_N15_A_s1000_n6,T6_B2_N15_A,1000,822,-481,False,1032.49,75.6,18,1462,53.032528647312034,61.8899662626711,53.032528647312034
T6_B2_N15_A_s1000_n7,T6_B2_N15_A,1000,-147,1638,False,1309.07,54.2,16,1380,325.12760774881554,648.2737477024119,325.12760774881554
T6_B2_N15_A_s1200_n0,T6_B2_N15_A,1200,-652,-821,False,1893.87,34.7,12,567,461.6725954442027,539.0038239229169,461.6725954442027
T6_B2_N15_A_s1200_n1,T6_B2_N15_A,1200,1903,1814,False,1780.9,44.7,14,981,417.023479412941,509.8019059370406,417.023479412941
T6_B2_N15_A_s1200_n2,T6_B2_N15_A,1200,-260,-764,False,1612.48,51.5,14,1143,257.68669117391886,342.96010084580945,257.68669117391886
T6_B2_N15_A_s1200_n3,T6_B2_N15_A,1200,324,-430,False,1066.34,97.1,18,1839,123.14044256302756,80.81530779160067,123.14044256302756
T6_B2_N15_A_s1200_n4,T6_B2_N15_A,1200,577,298,True,302.87,357.2,9,1386,5.369228997664438,14.824170859875643,5.369228997664438
T6_B2_N15_A_s1200_n5,T6_B2_N15_A,1200,252,-91,False,773.68,151.7,19,1541,4.827496853684348,42.65922219595124,4.827496853684344
T6_B2_N15_A_s1200_n6,T6_B2_N15_A,1200,1537,-660,False,1570.21,53.8,15,1430,127.04311465005102,281.60403909492794,127.04311465005102
T6_B2_N15_A_s1200_n7,T6_B2_N15_A,1200,628,708,True,111.57,358.3,7,1345,5.369228997773351,13.51116576670173,5.369228997773351
T6_B2_N15_A_s400_n0,T6_B2_N15_A,400,35,-158,False,394.19,68.7,4,135,21.11595403709028,8.156259349292842,21.11595403709028
T6_B2_N15_A_s400_n2,T6_B2_N15_A,400,-1011,979,False,1439.92,20.5,10,361,1244.4739276311925,443.719852829477,443.719852829477
T6_B2_N15_A_s400_n3,T6_B2_N15_A,400,-830,658,False,1127.24,24.8,7,181,274.3029263474687,67.13972064910017,274.3029263474687
T6_B2_N15_A_s400_n4,T6_B2_N15_A,400,-306,273,False,511.24,55.6,4,143,23.04165405984512,18.46466822684855,23.04165405984512
T6_B2_N15_A_s400_n7,T6_B2_N15_A,400,364,-246,False,475.2,50.6,3,147,81.34654749002458,136.38826521922647,81.34654749002458
T6_B2_N15_A_s600_n0,T6_B2_N15_A,600,67,-128,False,487.31,90.2,6,309,19.019472457319928,10.055183910564562,19.019472457319928
T6_B2_N15_A_s600_n1,T6_B2_N15_A,600,-28,1710,False,1447.65,27.8,12,588,286.2725675467598,541.2709835260661,286.27256754675983
T6_B2_N15_A_s600_n3,T6_B2_N15_A,600,-800,-1097,False,1778.09,16.6,6,122,893.0097323852498,852.7875700990276,893.0097323852498
T6_B2_N15_A_s600_n4,T6_B2_N15_A,600,979,1323,False,1227.83,35.9,13,534,1558.021364002184,278.33023113094055,278.33023113094055
T6_B2_N15_A_s600_n5,T6_B2_N15_A,600,-24,-86,False,503.96,78.8,7,325,50.335233299775005,12.36303289896284,12.36303289896284
T6_B2_N15_A_s600_n6,T6_B2_N15_A,600,313,1552,False,1252.07,33.6,10,420,433.56791610469423,486.5105322762513,433.56791610469423
T6_B2_N15_A_s600_n7,T6_B2_N15_A,600,956,-306,False,893.07,49.4,10,405,326.54643641700034,56.70387915071032,326.54643641700034
T6_B2_N15_A_s800_n0,T6_B2_N15_A,800,-681,1448,False,1505.61,39.6,13,861,153.63635563612243,50.24226649192782,153.63635563612243
T6_B2_N15_A_s800_n1,T6_B2_N15_A,800,1565,-138,False,1283.23,45.2,15,1124,173.13676845739644,212.79784613416052,173.13676845739622
T6_B2_N15_A_s800_n2,T6_B2_N15_A,800,462,-405,False,807.38,81.6,10,636,80.31930722094677,55.00282523773598,80.3193072209467
T6_B2_N15_A_s800_n3,T6_B2_N15_A,800,1643,592,False,1257.74,48.0,15,900,319.9315622509678,194.2456952536768,319.9315622509678
T6_B2_N15_A_s800_n4,T6_B2_N15_A,800,1433,-993,False,1734.23,27.2,9,406,267.3194379394928,207.76675786528887,267.3194379394929
T6_B2_N15_A_s800_n5,T6_B2_N15_A,800,-360,1281,False,1163.51,50.6,17,1025,17.0971184429285,9.69712169287297,17.0971184429285
T6_B2_N15_A_s800_n6,T6_B2_N15_A,800,38,-636,False,1097.42,51.7,16,888,53.9477784600498,87.98686241607916,87.98686241607916
T6_B2_N15_A_s800_n7,T6_B2_N15_A,800,583,-55,False,490.42,148.9,9,607,5.142939743355767,59.93240014331375,5.142939743355767
T6_B2_N15_B_s1000_n0,T6_B2_N15_B,1000,177,-373,False,930.84,82.0,14,741,1553.3433338725388,187.4682121473031,1553.3433338725388
T6_B2_N15_B_s1000_n1,T6_B2_N15_B,1000,1846,1958,False,1984.31,34.8,12,647,376.7835307823265,257.840648811824,376.7835307823265
T6_B2_N15_B_s1000_n2,T6_B2_N15_B,1000,194,917,True,517.23,159.6,5,521,59.06048985494521,98.83512318775792,59.06048985494521
T6_B2_N15_B_s1000_n3,T6_B2_N15_B,1000,1098,1813,False,1442.77,49.0,16,753,364.3342176129253,198.71807677662875,364.3342176129253
T6_B2_N15_B_s1000_n4,T6_B2_N15_B,1000,832,-106,False,690.98,135.0,9,602,51.62174709776289,66.00321132130482,51.62174709776289
T6_B2_N15_B_s1000_n5,T6_B2_N15_B,1000,135,-533,False,1095.59,70.6,17,1020,232.85632640003087,135.2416124231393,135.2416124231393
T6_B2_N15_B_s1000_n6,T6_B2_N15_B,1000,-654,-91,False,1296.53,54.5,16,1194,97.6759305703847,152.69802383619358,97.6759305703847
T6_B2_N15_B_s1000_n7,T6_B2_N15_B,1000,-35,-19,False,745.38,86.2,11,703,45.05751081941695,99.1293877469748,99.1293877469748
T6_B2_N15_B_s1200_n0,T6_B2_N15_B,1200,1219,2137,False,1656.96,49.8,15,1229,166.96737472729615,188.14911964984108,166.96737472729612
T6_B2_N15_B_s1200_n1,T6_B2_N15_B,1200,-814,609,False,1414.03,71.3,15,1458,283.293378287232,256.0929241849292,283.2933782872319
T6_B2_N15_B_s1200_n2,T6_B2_N15_B,1200,2,-225,False,1018.94,78.1,18,1385,134.9935348033933,189.44370078674413,134.9935348033933
T6_B2_N15_B_s1200_n3,T6_B2_N15_B,1200,-885,-1099,False,2256.51,18.2,8,248,536.5022549979218,732.1251541411705,536.5022549979218
T6_B2_N15_B_s1200_n4,T6_B2_N15_B,1200,1723,-661,False,1688.56,51.0,14,1254,56.4838810178967,52.04455040413674,56.4838810178967
T6_B2_N15_B_s1200_n5,T6_B2_N15_B,1200,1004,-44,False,760.23,163.3,12,870,54.6436505052452,74.22507021377812,54.643650505245134
T6_B2_N15_B_s1200_n6,T6_B2_N15_B,1200,-813,-347,False,1700.99,50.4,14,1194,81.02512410308131,117.16519684921288,81.02512410308131
T6_B2_N15_B_s1200_n7,T6_B2_N15_B,1200,1038,571,True,438.96,276.6,7,695,79.49274633758777,90.7719725800438,79.49274633758783
T6_B2_N15_B_s400_n0,T6_B2_N15_B,400,-449,797,False,881.82,24.8,3,80,437.66583903216775,144.31178221471737,437.66583903216775
T6_B2_N15_B_s400_n1,T6_B2_N15_B,400,-27,226,False,228.48,138.3,2,136,54.65146693933392,79.93425170978217,54.65146693933392
T6_B2_N15_B_s400_n2,T6_B2_N15_B,400,1308,1180,False,1479.21,19.1,5,88,382.8573595781011,377.58074060035466,382.8573595781011
T6_B2_N15_B_s400_n3,T6_B2_N15_B,400,819,-142,False,707.2,40.3,3,62,127.30004416720678,108.64229471487444,127.30004416720678
T6_B2_N15_B_s400_n4,T6_B2_N15_B,400,245,858,False,659.54,43.2,3,111,139.4780737758954,180.8734930835734,139.4780737758954
T6_B2_N15_B_s400_n6,T6_B2_N15_B,400,345,1796,False,1602.57,15.0,6,122,1230.203450295082,613.1966774963672,1230.203450295082
T6_B2_N15_B_s400_n7,T6_B2_N15_B,400,417,2324,False,2135.06,11.1,3,101,762.1594174068081,1187.6012849222377,1187.6012849222377
T6_B2_N15_B_s600_n0,T6_B2_N15_B,600,1385,-477,False,1334.52,33.4,12,375,1062.6740868285976,157.11382567221864,157.11382567221864
T6_B2_N15_B_s600_n1,T6_B2_N15_B,600,-179,410,False,491.47,85.3,4,236,99.58332466430122,93.41707779739274,99.58332466430124
T6_B2_N15_B_s600_n2,T6_B2_N15_B,600,1121,-338,False,1039.75,42.1,7,202,97.27110741190177,66.6979070347325,97.27110741190177
T6_B2_N15_B_s600_n3,T6_B2_N15_B,600,154,-484,False,797.48,57.2,5,218,163.4547338198245,79.41800752633131,163.4547338198245
T6_B2_N15_B_s600_n4,T6_B2_N15_B,600,125,234,True,187.03,189.3,3,238,53.55183194017722,70.19665453964808,53.55183194017722
T6_B2_N15_B_s600_n5,T6_B2_N15_B,600,1268,-342,False,1161.55,35.2,8,222,624.2122302919,158.62150916668858,624.2122302919
T6_B2_N15_B_s600_n6,T6_B2_N15_B,600,2126,385,False,1827.98,21.5,9,346,412.1529531042749,516.6459933244452,412.1529531042749
T6_B2_N15_B_s600_n7,T6_B2_N15_B,600,329,-215,False,515.82,101.6,4,202,26.65438026484173,46.6693824259178,26.654380264841745
T6_B2_N15_B_s800_n0,T6_B2_N15_B,800,-312,-507,False,1153.08,50.4,15,668,503.4445062636798,188.95848097061264,188.95848097061264
T6_B2_N15_B_s800_n1,T6_B2_N15_B,800,659,1815,False,1438.51,38.6,11,454,36.66350007792336,6.498767410607345,36.66350007792336
T6_B2_N15_B_s800_n2,T6_B2_N15_B,800,188,-369,False,797.69,75.4,7,387,116.69539613218237,138.3882825773051,116.69539613218242
T6_B2_N15_B_s800_n3,T6_B2_N15_B,800,299,-609,False,1014.04,59.6,8,426,164.5430026654958,164.5550549414082,164.5430026654958
T6_B2_N15_B_s800_n4,T6_B2_N15_B,800,-437,-405,False,1161.29,50.7,15,658,350.5810172519516,108.41518382738244,108.41518382738244
T6_B2_N15_B_s800_n5,T6_B2_N15_B,800,-788,572,False,1200.39,47.3,9,491,189.1317278577425,192.7487121455242,189.1317278577425
T6_B2_N15_B_s800_n6,T6_B2_N15_B,800,2101,-190,False,1800.42,31.2,11,599,1309.1986581769297,109.85035602430315,1309.1986581769297
T6_B2_N15_B_s800_n7,T6_B2_N15_B,800,-386,-105,False,934.25,59.8,9,473,114.9556876347692,94.74244095887045,114.9556876347692
T6_B2_N15_C_s1000_n0,T6_B2_N15_C,1000,-247,1006,False,902.24,74.5,15,808,531.7588074575192,100.07659080774516,531.7588074575192
T6_B2_N15_C_s1000_n1,T6_B2_N15_C,1000,1334,1619,False,1395.61,52.0,14,1342,300.4200361725167,275.87292605695,300.4200361725167
T6_B2_N15_C_s1000_n2,T6_B2_N15_C,1000,581,934,True,441.49,238.5,7,553,31.992294255650737,36.85262772119562,31.992294255650737
T6_B2_N15_C_s1000_n3,T6_B2_N15_C,1000,1625,455,False,1125.9,73.0,15,1192,244.3637324133924,365.4600577654937,244.3637324133924
T6_B2_N15_C_s1000_n4,T6_B2_N15_C,1000,-4,-15,False,720.58,88.7,10,791,14.63788594361603,9.6089494851711,9.6089494851711
T6_B2_N15_C_s1000_n5,T6_B2_N15_C,1000,455,805,True,308.3,355.1,5,620,31.971716695054724,31.88534543771971,31.971716695054734
T6_B2_N15_C_s1000_n6,T6_B2_N15_C,1000,-210,480,False,710.28,125.0,8,673,29.316484599581884,53.73323325624396,29.31648459958188
T6_B2_N15_C_s1000_n7,T6_B2_N15_C,1000,195,-188,False,752.57,111.9,9,697,353.4799755609448,145.1198734472298,145.1198734472298
T6_B2_N15_C_s1200_n0,T6_B2_N15_C,1200,564,535,True,74.3,358.5,5,857,31.46048399174546,26.92897061607822,31.460483991745512
T6_B2_N15_C_s1200_n1,T6_B2_N15_C,1200,162,-878,False,1541.53,58.0,13,1648,404.2616703734303,441.5053640248016,404.2616703734303
T6_B2_N15_C_s1200_n2,T6_B2_N15_C,1200,1073,1115,True,699.25,264.6,17,1110,34.44135114664555,52.728040197273046,34.441351146645765
T6_B2_N15_C_s1200_n3,T6_B2_N15_C,1200,1042,958,True,568.8,353.5,13,985,1427.160782355275,35.233511710977915,35.23351171097791
T6_B2_N15_C_s1200_n4,T6_B2_N15_C,1200,-288,-517,False,1426.97,60.0,15,2000,122.67320420414777,131.10156014483798,122.67320420414777
T6_B2_N15_C_s1200_n5,T6_B2_N15_C,1200,957,-561,False,1214.65,78.6,15,1841,267.1743083043174,110.69900106766843,267.1743083043174
T6_B2_N15_C_s1200_n6,T6_B2_N15_C,1200,1157,1148,True,781.38,119.8,18,1318,39.35941730272213,83.29336799428403,39.35941730272213
T6_B2_N15_C_s1200_n7,T6_B2_N15_C,1200,948,927,True,477.53,353.5,9,917,31.460483991791303,19.80295409297235,31.460483991791303
T6_B2_N15_C_s400_n0,T6_B2_N15_C,400,597,-1450,False,1697.09,15.4,7,197,974.8870631504292,960.8082104787704,974.8870631504292
T6_B2_N15_C_s400_n2,T6_B2_N15_C,400,-227,312,False,441.44,63.4,2,93,42.81744629214036,30.6643886555764,42.81744629214031
T6_B2_N15_C_s400_n3,T6_B2_N15_C,400,1606,552,False,1449.39,18.3,10,318,1101.1873564757634,342.11231618869374,1101.1873564757634
T6_B2_N15_C_s400_n4,T6_B2_N15_C,400,-926,760,False,1257.57,21.7,8,187,667.7942221862028,417.8448068740303,667.7942221862028
T6_B2_N15_C_s400_n5,T6_B2_N15_C,400,290,32,True,190.59,159.3,3,107,28.89226298067125,32.68982303690775,28.89226298067125
T6_B2_N15_C_s400_n6,T6_B2_N15_C,400,-289,-202,False,633.03,42.9,3,83,22.5158371554247,21.33702534940971,22.5158371554247
T6_B2_N15_C_s400_n7,T6_B2_N15_C,400,-1452,259,False,1653.05,14.6,5,216,626.3168404923116,796.3345123214732,796.3345123214732
T6_B2_N15_C_s600_n0,T6_B2_N15_C,600,1468,-34,False,1214.82,34.0,9,413,297.726094183249,507.1340794674211,297.726094183249
T6_B2_N15_C_s600_n1,T6_B2_N15_C,600,-274,-1511,False,1899.79,20.9,6,244,539.2010874698259,501.2065094177733,539.2010874698257
T6_B2_N15_C_s600_n2,T6_B2_N15_C,600,-277,330,False,577.78,82.8,4,215,30.08881219410311,24.754607062826853,30.08881219410311
T6_B2_N15_C_s600_n3,T6_B2_N15_C,600,245,501,True,208.39,283.5,3,258,32.07745473934723,35.75961137683244,32.07745473934723
T6_B2_N15_C_s600_n4,T6_B2_N15_C,600,-958,-468,False,1473.9,30.3,12,661,1163.8921484817358,314.95329442767274,314.95329442767274
T6_B2_N15_C_s600_n5,T6_B2_N15_C,600,1198,1445,False,1455.14,30.5,11,716,416.4371443936088,397.4066682636311,416.4371443936088
T6_B2_N15_C_s600_n7,T6_B2_N15_C,600,-382,375,False,686.11,63.9,4,222,19.51152247736717,29.78822256085025,19.51152247736717
T6_B2_N15_C_s800_n0,T6_B2_N15_C,800,467,-144,False,548.11,128.4,6,466,1040.7238935206256,85.10851781089838,1040.7238935206256
T6_B2_N15_C_s800_n1,T6_B2_N15_C,800,-740,-648,False,1548.52,39.2,12,1096,270.47152729817213,220.2218539138861,270.47152729817213
T6_B2_N15_C_s800_n2,T6_B2_N15_C,800,74,554,True,360.54,236.0,5,383,31.357691830870344,29.577443319298816,31.357691830870344
T6_B2_N15_C_s800_n3,T6_B2_N15_C,800,-909,1025,False,1450.55,39.4,13,1017,271.0740922578645,184.27097374470944,271.0740922578645
T6_B2_N15_C_s800_n4,T6_B2_N15_C,800,-760,-588,False,1523.73,40.0,12,1089,197.5842295892378,195.79516630905545,197.5842295892378
T6_B2_N15_C_s800_n5,T6_B2_N15_C,800,-502,1121,False,1154.75,50.2,15,779,179.1241081371014,33.366596847889326,179.12410813710133
T6_B2_N15_C_s800_n6,T6_B2_N15_C,800,538,309,True,165.3,353.5,4,425,31.460483991579554,27.867792318072976,31.460483991579554
T6_B2_N15_C_s800_n7,T6_B2_N15_C,800,-103,1246,False,984.24,57.5,13,429,373.70957239446784,4.040548550116914,373.7095723944679
T6_B2_N15_D_s1000_n0,T6_B2_N15_D,1000,1288,1637,False,1383.37,48.7,8,400,1906.6679037907188,136.42534871894406,136.42534871894406
T6_B2_N15_D_s1000_n1,T6_B2_N15_D,1000,1183,891,False,787.0,98.2,6,436,35.242118424167096,58.794902441592384,35.242118424167096
T6_B2_N15_D_s1000_n2,T6_B2_N15_D,1000,-216,-300,False,1073.62,65.3,12,680,1692.275539026152,129.06963506063283,1692.275539026152
T6_B2_N15_D_s1000_n3,T6_B2_N15_D,1000,193,1558,False,1101.64,68.7,5,353,87.73512406555774,138.51789971338843,87.73512406555784
T6_B2_N15_D_s1000_n4,T6_B2_N15_D,1000,-116,551,False,618.11,143.5,5,491,36.62360431966823,68.7680802555045,36.62360431966823
T6_B2_N15_D_s1000_n5,T6_B2_N15_D,1000,1348,1160,False,1074.57,64.9,7,418,100.90501263680636,73.03171094738565,100.90501263680636
T6_B2_N15_D_s1000_n6,T6_B2_N15_D,1000,-409,366,False,918.82,90.1,7,560,1491.8783850272798,96.39692090774804,1491.8783850272798
T6_B2_N15_D_s1000_n7,T6_B2_N15_D,1000,-867,-590,False,1748.37,42.8,12,1250,973.2957646537895,61.817978555001815,61.817978555001815
T6_B2_N15_D_s1200_n0,T6_B2_N15_D,1200,908,-423,False,1068.36,88.2,11,707,46.25201880261342,149.53892336363694,46.25201880261342
T6_B2_N15_D_s1200_n1,T6_B2_N15_D,1200,-1048,-764,False,2139.25,31.9,10,856,221.2245611414248,174.27324724261004,221.2245611414248
T6_B2_N15_D_s1200_n2,T6_B2_N15_D,1200,-365,1212,False,1142.7,71.0,8,628,125.64490999069253,285.4361620966841,125.6449099906925
T6_B2_N15_D_s1200_n3,T6_B2_N15_D,1200,-513,369,False,1136.72,81.6,13,988,119.06723286953442,175.09737908626022,119.06723286953442
T6_B2_N15_D_s1200_n4,T6_B2_N15_D,1200,1551,473,False,959.44,105.2,7,628,34.58810018719733,14.701986000840984,34.58810018719733
T6_B2_N15_D_s1200_n5,T6_B2_N15_D,1200,-92,-1039,False,1779.1,47.6,12,1415,186.61105291461075,659.7862161903827,186.61105291461075
T6_B2_N15_D_s1200_n6,T6_B2_N15_D,1200,1968,-63,False,1520.2,55.4,13,1162,153.23731146121187,193.0455596844152,153.23731146121187
T6_B2_N15_D_s1200_n7,T6_B2_N15_D,1200,1600,-275,False,1328.77,63.0,14,998,38.75570692301815,75.69179739801686,38.75570692301815
T6_B2_N15_D_s400_n0,T6_B2_N15_D,400,-836,1030,False,1327.48,19.4,2,53,448.33877637478327,483.4926847817301,448.33877637478327
T6_B2_N15_D_s400_n1,T6_B2_N15_D,400,-475,1790,False,1727.35,13.5,3,81,851.3522901103785,765.6027657323739,851.3522901103785
T6_B2_N15_D_s400_n2,T6_B2_N15_D,400,756,-1401,False,1694.8,15.4,7,206,982.3980279056487,628.2205844108439,982.3980279056487
T6_B2_N15_D_s400_n3,T6_B2_N15_D,400,-351,-203,False,682.65,39.9,3,130,76.59132712369623,40.813052641892,76.59132712369627
T6_B2_N15_D_s400_n4,T6_B2_N15_D,400,-7,0,False,287.84,85.1,2,75,212.18086437626675,22.85719530458028,212.18086437626675
T6_B2_N15_D_s400_n6,T6_B2_N15_D,400,485,-511,False,765.99,33.0,2,64,119.13315111432397,67.33300531565244,119.13315111432397
T6_B2_N15_D_s400_n7,T6_B2_N15_D,400,1039,-543,False,1120.7,21.9,2,64,469.3920501218743,344.9954066779855,469.3920501218743
T6_B2_N15_D_s600_n0,T6_B2_N15_D,600,-588,-287,False,1064.48,40.1,5,193,819.6138292525694,125.75374233451522,125.75374233451517
T6_B2_N15_D_s600_n1,T6_B2_N15_D,600,197,-393,False,700.61,59.5,3,145,52.73941244708234,51.95573631934213,52.73941244708234
T6_B2_N15_D_s600_n2,T6_B2_N15_D,600,-455,995,False,1026.18,35.1,4,131,1663.475706297779,168.8235381398744,1663.475706297779
T6_B2_N15_D_s600_n3,T6_B2_N15_D,600,939,-695,False,1182.52,33.8,5,152,1347.531278314678,108.96393262442804,108.9639326244281
T6_B2_N15_D_s600_n4,T6_B2_N15_D,600,57,-1251,False,1569.92,24.7,11,541,1888.887542828388,983.407268384386,1888.887542828388
T6_B2_N15_D_s600_n5,T6_B2_N15_D,600,-370,2230,False,2042.99,19.8,9,332,427.6125941267746,1174.4218454943004,1174.4218454943004
T6_B2_N15_D_s600_n7,T6_B2_N15_D,600,82,-910,False,1229.48,32.5,4,180,392.7716998183821,455.1563135273221,392.7716998183821
T6_B2_N15_D_s800_n0,T6_B2_N15_D,800,1783,-367,False,1581.45,36.1,12,572,1021.2143996479344,130.29960943578436,1021.2143996479344
T6_B2_N15_D_s800_n1,T6_B2_N15_D,800,-829,1712,False,1797.72,34.2,11,512,500.2647563436718,455.76025749231246,500.2647563436717
T6_B2_N15_D_s800_n3,T6_B2_N15_D,800,770,299,True,383.54,189.8,4,303,18.00379117742666,12.217541606171794,18.00379117742666
T6_B2_N15_D_s800_n4,T6_B2_N15_D,800,-304,144,False,749.1,76.4,5,361,74.96424903641883,87.56582466988122,74.96424903641883
T6_B2_N15_D_s800_n6,T6_B2_N15_D,800,2205,1754,False,2256.4,25.7,8,568,625.6057670524264,614.5899371751169,625.6057670524262
T6_B2_N15_D_s800_n7,T6_B2_N15_D,800,280,-259,False,669.84,91.0,5,278,42.2363512027676,13.56750514628806,42.2363512027676
T6_B2_N23_A_s1000_n0,T6_B2_N23_A,1000,658,-393,False,906.87,98.7,17,2491,42.97446810999785,149.51425577901378,42.97446810999785
T6_B2_N23_A_s1000_n1,T6_B2_N23_A,1000,983,95,True,630.33,203.9,21,2469,5.8552984400762655,92.01353410645996,5.855298440076366
T6_B2_N23_A_s1000_n2,T6_B2_N23_A,1000,761,551,True,265.94,357.8,11,1996,2.754513720622327,6.277668618431229,2.754513720622327
T6_B2_N23_A_s1000_n3,T6_B2_N23_A,1000,906,1208,False,816.15,99.5,19,2867,30.657128202448828,51.12436929942165,30.657128202448572
T6_B2_N23_A_s1000_n4,T6_B2_N23_A,1000,846,211,True,450.82,356.9,18,2061,2.134139073647858,33.997098565907784,2.134139073647858
T6_B2_N23_A_s1000_n5,T6_B2_N23_A,1000,648,-410,False,921.96,93.5,17,2475,43.35326167723075,163.5880417596267,43.35326167723075
T6_B2_N23_A_s1000_n6,T6_B2_N23_A,1000,943,-412,False,1013.9,73.2,17,2350,57.461044430246254,67.4684981894637,57.461044430246254
T6_B2_N23_A_s1000_n7,T6_B2_N23_A,1000,240,466,True,262.21,358.1,11,2075,3.581319484299784,20.669049272611623,3.5813194842997405
T6_B2_N23_A_s1200_n0,T6_B2_N23_A,1200,-116,-266,False,1123.66,70.5,18,3005,56.54865655092215,43.7110796842311,56.54865655092215
T6_B2_N23_A_s1200_n1,T6_B2_N23_A,1200,976,834,True,442.87,356.9,21,3518,68.7652424051823,47.51627749246938,68.7652424051823
T6_B2_N23_A_s1200_n2,T6_B2_N23_A,1200,1428,1216,False,1032.01,77.4,18,3252,73.22155813663882,165.8418576581017,73.22155813663882
T6_B2_N23_A_s1200_n3,T6_B2_N23_A,1200,-116,1073,False,858.13,123.2,20,4590,28.170572771371216,221.6447068959346,28.17057277137123
T6_B2_N23_A_s1200_n4,T6_B2_N23_A,1200,168,-266,False,967.77,104.4,18,3579,75.79466485811966,127.51156613216104,75.79466485811966
T6_B2_N23_A_s1200_n5,T6_B2_N23_A,1200,597,360,True,240.02,358.7,18,2963,1037.6393567260752,15.357174469099968,1037.6393567260752
T6_B2_N23_A_s1200_n6,T6_B2_N23_A,1200,-116,-266,False,1123.66,70.5,18,3005,56.54865655092215,43.7110796842311,56.54865655092215
T6_B2_N23_A_s1200_n7,T6_B2_N23_A,1200,1209,1147,False,818.59,134.4,21,4062,16.88658766182879,93.08701414071746,16.88658766182879
T6_B2_N23_A_s400_n0,T6_B2_N23_A,400,-285,1059,False,986.46,29.7,13,828,717.9647896071671,612.7035466330365,717.9647896071671
T6_B2_N23_A_s400_n1,T6_B2_N23_A,400,-206,162,False,407.77,70.8,4,292,2.3282555074520284,4.424889618445334,2.3282555074520026
T6_B2_N23_A_s400_n2,T6_B2_N23_A,400,-325,210,False,525.1,51.0,5,314,35.36215394889249,73.03476876016718,35.36215394889249
T6_B2_N23_A_s400_n3,T6_B2_N23_A,400,345,251,True,153.71,274.0,4,397,3.155159202747092,5.221611344259077,3.155159202747092
T6_B2_N23_A_s400_n5,T6_B2_N23_A,400,661,863,False,807.52,36.0,10,496,968.8375648337172,407.45140073713935,407.45140073713935
T6_B2_N23_A_s400_n6,T6_B2_N23_A,400,339,-143,False,370.09,80.4,5,254,84.94067244198128,9.335563952157038,84.94067244198128
T6_B2_N23_A_s400_n7,T6_B2_N23_A,400,46,-994,False,1203.89,21.6,7,338,621.0928054017472,670.2554281007461,621.0928054017472
T6_B2_N23_A_s600_n0,T6_B2_N23_A,600,394,749,False,458.73,115.0,7,629,25.788695685288086,18.70857786909124,25.788695685288086
T6_B2_N23_A_s600_n1,T6_B2_N23_A,600,-382,-80,False,780.72,55.7,17,1498,1186.2949400380944,118.81096900749382,1186.2949400380944
T6_B2_N23_A_s600_n2,T6_B2_N23_A,600,-359,153,False,675.2,65.2,13,969,1003.428869086546,62.61348676787686,1003.428869086546
T6_B2_N23_A_s600_n3,T6_B2_N23_A,600,425,488,True,225.76,355.8,7,752,2.754513720602884,9.490287321644631,2.754513720602884
T6_B2_N23_A_s600_n4,T6_B2_N23_A,600,-283,57,False,631.62,69.3,14,902,1032.4106010329674,41.86442964204175,1032.4106010329674
T6_B2_N23_A_s600_n5,T6_B2_N23_A,600,-693,728,False,1081.31,38.6,14,1463,729.0615702191267,840.561670466701,729.0615702191267
T6_B2_N23_A_s600_n6,T6_B2_N23_A,600,663,1250,False,1016.99,41.2,14,1155,781.575272464615,513.4335065526602,781.575272464615
T6_B2_N23_A_s600_n7,T6_B2_N23_A,600,-252,-469,False,946.61,46.7,15,1578,99.19649670972116,217.43532716486104,99.19649670972116
T6_B2_N23_A_s800_n0,T6_B2_N23_A,800,-234,-475,False,1080.55,52.7,15,1943,88.91789835838247,214.21274520917373,88.91789835838247
T6_B2_N23_A_s800_n1,T6_B2_N23_A,800,1231,-54,False,946.93,59.7,17,1868,425.2437064406646,81.02538978738822,425.2437064406646
T6_B2_N23_A_s800_n2,T6_B2_N23_A,800,1412,-624,False,1439.69,24.5,11,476,906.6681238737676,822.0317461125335,906.6681238737676
T6_B2_N23_A_s800_n3,T6_B2_N23_A,800,155,1004,False,651.8,98.2,19,1887,972.0948945682568,286.5908630312275,972.0948945682568
T6_B2_N23_A_s800_n4,T6_B2_N23_A,800,972,-162,False,801.89,69.2,18,1898,187.2271670045905,287.24636808991704,187.2271670045905
T6_B2_N23_A_s800_n5,T6_B2_N23_A,800,745,-168,False,664.57,89.6,19,1622,960.718921781408,139.26215306173813,960.718921781408
T6_B2_N23_A_s800_n6,T6_B2_N23_A,800,-516,-221,False,1106.66,51.1,15,1989,271.9817402956973,323.6122711137604,271.9817402956973
T6_B2_N23_A_s800_n7,T6_B2_N23_A,800,-274,-41,False,805.45,68.9,18,2659,88.91675976268864,124.65856965649994,124.65856965649994
T6_B2_N23_B_s1000_n0,T6_B2_N23_B,1000,-32,-1162,False,1745.07,39.8,13,1884,952.6322772208156,246.2792495892956,246.27924958929543
T6_B2_N23_B_s1000_n1,T6_B2_N23_B,1000,-187,1883,False,1544.23,46.6,15,1807,903.4882835877283,485.3359805744992,903.4882835877282
T6_B2_N23_B_s1000_n2,T6_B2_N23_B,1000,-866,703,False,1381.0,57.3,15,2021,356.5128014235873,358.3018670986816,356.5128014235873
T6_B2_N23_B_s1000_n3,T6_B2_N23_B,1000,1038,766,False,600.17,164.3,7,713,306.0051159748734,29.55657423670822,306.0051159748734
T6_B2_N23_B_s1000_n4,T6_B2_N23_B,1000,-420,454,False,921.15,91.4,8,951,1368.2149642497932,117.55396591278335,1368.2149642497932
T6_B2_N23_B_s1000_n5,T6_B2_N23_B,1000,-155,-919,False,1562.88,45.9,14,2244,382.4413676348564,303.75500745190044,382.4413676348564
T6_B2_N23_B_s1000_n6,T6_B2_N23_B,1000,820,-989,False,1523.0,47.6,14,1847,106.9802380937702,88.96016778191986,106.9802380937702
T6_B2_N23_B_s1000_n7,T6_B2_N23_B,1000,230,362,True,303.22,353.8,5,772,998.7793885181808,25.273366439401773,998.7793885181808
T6_B2_N23_B_s1200_n0,T6_B2_N23_B,1200,8,766,True,614.83,183.3,8,1268,13.942367653867832,90.84765459057246,13.942367653867832
T6_B2_N23_B_s1200_n1,T6_B2_N23_B,1200,1063,-537,False,1227.66,74.1,17,2495,238.2014747024637,259.02302366043006,238.2014747024638
T6_B2_N23_B_s1200_n2,T6_B2_N23_B,1200,1320,750,False,735.46,150.8,10,1179,1484.4135056019722,80.51053589820872,80.51053589820872
T6_B2_N23_B_s1200_n3,T6_B2_N23_B,1200,476,368,True,263.06,358.0,5,1019,3.486532155541334,25.69946460777225,3.4865321555413686
T6_B2_N23_B_s1200_n4,T6_B2_N23_B,1200,913,205,True,503.98,356.3,8,1136,441.52853600830895,37.058593689513685,441.52853600830895
T6_B2_N23_B_s1200_n5,T6_B2_N23_B,1200,347,-172,False,812.4,134.4,12,1350,72.99315155947183,15.267922168516264,15.267922168516264
T6_B2_N23_B_s1200_n6,T6_B2_N23_B,1200,-21,1365,False,985.33,80.4,19,1739,1798.3469742278555,37.79096712067414,1798.3469742278555
T6_B2_N23_B_s1200_n7,T6_B2_N23_B,1200,-892,1159,False,1593.28,54.3,15,2336,277.65290067893324,339.3522493566337,277.65290067893324
T6_B2_N23_B_s400_n0,T6_B2_N23_B,400,1667,-34,False,1485.55,17.2,7,250,1742.9233151256744,521.971571765345,1742.9233151256744
T6_B2_N23_B_s400_n1,T6_B2_N23_B,400,-975,-352,False,1298.2,20.5,6,228,1392.1631515337783,586.5865280394339,1392.1631515337783
T6_B2_N23_B_s400_n2,T6_B2_N23_B,400,384,-261,False,496.36,49.6,2,100,39.61410126949037,141.50959436898276,39.61410126949035
T6_B2_N23_B_s400_n3,T6_B2_N23_B,400,-364,1973,False,1860.54,13.8,5,167,1845.435699061728,347.78530202172726,347.78530202172726
T6_B2_N23_B_s400_n6,T6_B2_N23_B,400,1645,-904,False,1818.47,16.6,8,589,1619.146759542161,1319.4565752500266,1619.146759542161
T6_B2_N23_B_s400_n7,T6_B2_N23_B,400,-165,239,False,367.08,62.5,3,86,15.284697066578843,44.41390074806144,15.284697066578843
T6_B2_N23_B_s600_n0,T6_B2_N23_B,600,53,397,True,265.36,210.7,3,299,7.072172371102593,18.441026836603264,7.072172371102593
T6_B2_N23_B_s600_n1,T6_B2_N23_B,600,202,415,True,151.09,329.7,2,364,2.510689585769884,16.21157502965181,2.510689585769884
T6_B2_N23_B_s600_n2,T6_B2_N23_B,600,-230,-152,False,696.57,59.4,4,254,92.03193864362416,208.3225992399731,92.03193864362416
T6_B2_N23_B_s600_n3,T6_B2_N23_B,600,-389,477,False,711.37,61.8,4,232,223.20524875906617,200.1592598453352,223.2052487590662
T6_B2_N23_B_s600_n4,T6_B2_N23_B,600,-13,-403,False,769.53,52.5,4,270,368.4854119819354,256.95415480260806,368.4854119819354
T6_B2_N23_B_s600_n5,T6_B2_N23_B,600,-494,572,False,839.3,51.0,5,257,1181.847310264452,150.73783626447872,1181.847310264452
T6_B2_N23_B_s600_n6,T6_B2_N23_B,600,1521,-437,False,1426.19,31.5,13,783,1799.6214647879544,404.83114375364687,1799.6214647879544
T6_B2_N23_B_s600_n7,T6_B2_N23_B,600,-454,139,False,771.0,53.2,4,332,1167.4607850927694,930.3676221669128,1167.4607850927694
T6_B2_N23_B_s800_n0,T6_B2_N23_B,800,-701,1732,False,1728.13,33.7,13,1210,1208.678311146685,409.3902409888432,1208.678311146685
T6_B2_N23_B_s800_n1,T6_B2_N23_B,800,624,638,True,326.83,296.8,4,457,205.4184394245516,48.97731262407531,205.4184394245516
T6_B2_N23_B_s800_n2,T6_B2_N23_B,800,851,-157,False,716.69,74.2,7,479,154.016335501974,151.7582133659151,154.016335501974
T6_B2_N23_B_s800_n3,T6_B2_N23_B,800,-677,-671,False,1518.87,39.9,14,1640,133.5146513197112,186.00175499685884,133.5146513197112
T6_B2_N23_B_s800_n4,T6_B2_N23_B,800,27,1486,False,1148.27,46.6,13,820,1691.2562335510445,111.39942353584487,1691.2562335510445
T6_B2_N23_B_s800_n5,T6_B2_N23_B,800,43,-397,False,873.3,61.3,7,591,526.2934673017468,221.76919046635123,221.76919046635123
T6_B2_N23_B_s800_n6,T6_B2_N23_B,800,-267,318,False,672.02,100.4,5,489,417.118841014658,18.62844903928,417.118841014658
T6_B2_N23_B_s800_n7,T6_B2_N23_B,800,880,1764,False,1445.99,37.5,15,1308,301.3532714354348,369.3627762771599,301.3532714354346
T6_B2_N23_C_s1000_n0,T6_B2_N23_C,1000,1529,1806,False,1662.67,45.1,13,1656,408.9352657576626,370.1025458242757,408.9352657576626
T6_B2_N23_C_s1000_n1,T6_B2_N23_C,1000,-585,703,False,1103.83,73.0,11,1361,185.94547104731785,271.3418590151365,185.94547104731785
T6_B2_N23_C_s1000_n2,T6_B2_N23_C,1000,-431,-65,False,1089.03,64.4,16,1606,1759.2533145962195,163.73370382076843,1759.2533145962195
T6_B2_N23_C_s1000_n3,T6_B2_N23_C,1000,-842,793,False,1373.61,51.4,14,1897,232.5938748662805,267.75778340720063,232.5938748662805
T6_B2_N23_C_s1000_n4,T6_B2_N23_C,1000,-391,-993,False,1738.66,41.3,12,1802,193.9095275163417,155.88202998215397,193.9095275163417
T6_B2_N23_C_s1000_n5,T6_B2_N23_C,1000,-140,836,False,722.84,114.0,7,737,1361.53653917078,165.7571586040443,1361.53653917078
T6_B2_N23_C_s1000_n6,T6_B2_N23_C,1000,769,1981,False,1505.23,49.3,13,1476,227.9051938778542,222.0140839460978,227.905193877854
T6_B2_N23_C_s1000_n7,T6_B2_N23_C,1000,68,1163,False,791.32,91.4,8,699,149.45978548991172,120.5837452677426,149.45978548991155
T6_B2_N23_C_s1200_n0,T6_B2_N23_C,1200,-282,-1133,False,1944.53,40.7,11,1612,204.87548917568188,93.59796131060187,204.87548917568176
T6_B2_N23_C_s1200_n1,T6_B2_N23_C,1200,659,-354,False,955.82,112.0,12,1729,67.92614216225081,65.05395458349027,67.92614216225081
T6_B2_N23_C_s1200_n2,T6_B2_N23_C,1200,1171,616,True,571.22,206.9,7,1114,6.905247612273818,51.5100764599335,6.905247612273818
T6_B2_N23_C_s1200_n3,T6_B2_N23_C,1200,-269,-811,False,1657.13,51.8,13,2479,99.65977932011174,137.35648185609958,99.65977932011174
T6_B2_N23_C_s1200_n4,T6_B2_N23_C,1200,540,242,True,362.99,353.4,7,1257,17.532782924687634,29.27909682497379,17.532782924687634
T6_B2_N23_C_s1200_n5,T6_B2_N23_C,1200,-325,200,False,1007.78,94.8,16,2169,588.8348438614908,243.5222170296556,588.8348438614908
T6_B2_N23_C_s1200_n6,T6_B2_N23_C,1200,-444,-1119,False,2011.19,36.0,11,1360,269.40455083111993,174.94860269642393,269.40455083111993
T6_B2_N23_C_s1200_n7,T6_B2_N23_C,1200,87,-1129,False,1803.5,47.8,12,1948,153.7341853369096,135.9616921590072,153.7341853369095
T6_B2_N23_C_s400_n0,T6_B2_N23_C,400,580,505,False,487.26,55.4,2,101,26.936263793931044,15.279442673848392,26.936263793931044
T6_B2_N23_C_s400_n1,T6_B2_N23_C,400,857,-1117,False,1471.78,18.8,7,282,949.7338507281293,637.1397742175773,949.7338507281293
T6_B2_N23_C_s400_n2,T6_B2_N23_C,400,17,-26,False,290.8,86.7,3,126,25.41094313731226,14.914381183484716,25.41094313731226
T6_B2_N23_C_s400_n3,T6_B2_N23_C,400,-874,-459,False,1260.06,24.0,5,238,1948.606302658244,190.84522247591096,1948.606302658244
T6_B2_N23_C_s400_n4,T6_B2_N23_C,400,-339,2019,False,1897.18,13.4,5,228,1466.9380729486836,745.7571803470314,1466.9380729486836
T6_B2_N23_C_s400_n6,T6_B2_N23_C,400,-336,-241,False,694.1,40.7,4,139,950.1968406868484,102.1636575923748,950.1968406868484
T6_B2_N23_C_s400_n7,T6_B2_N23_C,400,-1009,1082,False,1496.53,19.7,7,277,1093.8258678340687,535.9947096381507,1093.8258678340687
T6_B2_N23_C_s600_n0,T6_B2_N23_C,600,938,-1685,False,2085.01,13.7,3,238,1810.862472262629,956.5505152266536,1810.862472262629
T6_B2_N23_C_s600_n1,T6_B2_N23_C,600,65,543,True,338.04,156.1,4,295,755.8109059937799,25.132733822804976,755.8109059937799
T6_B2_N23_C_s600_n2,T6_B2_N23_C,600,-1337,1095,False,1819.83,22.9,10,783,1476.104842423359,533.6948147304295,1476.104842423359
T6_B2_N23_C_s600_n3,T6_B2_N23_C,600,1411,-892,False,1629.47,28.1,11,791,408.30633943952046,432.0275124741511,408.30633943952046
T6_B2_N23_C_s600_n4,T6_B2_N23_C,600,1016,554,False,759.72,50.0,4,263,236.76520461321888,225.5254146930828,236.76520461321888
T6_B2_N23_C_s600_n5,T6_B2_N23_C,600,-378,-413,False,983.9,41.6,6,383,44.84637278463726,9.646081472043884,44.84637278463726
T6_B2_N23_C_s600_n6,T6_B2_N23_C,600,974,-287,False,893.78,45.7,4,331,169.5538008691229,115.33829975633545,169.5538008691229
T6_B2_N23_C_s600_n7,T6_B2_N23_C,600,-793,1234,False,1437.71,31.9,11,561,1748.8209733597637,521.3204987113705,1748.8209733597637
T6_B2_N23_C_s800_n0,T6_B2_N23_C,800,1812,-556,False,1705.19,35.5,12,1269,367.0725331918624,367.53402283614287,367.0725331918626
T6_B2_N23_C_s800_n1,T6_B2_N23_C,800,1110,278,False,720.41,82.3,5,506,1247.430845493314,62.76632256920967,1247.430845493314
T6_B2_N23_C_s800_n2,T6_B2_N23_C,800,188,377,True,213.24,355.0,4,488,17.532782924641626,11.920929140077272,17.532782924641676
T6_B2_N23_C_s800_n3,T6_B2_N23_C,800,985,-868,False,1396.44,41.0,13,1080,1092.1068616782416,202.4978627283903,202.4978627283903
T6_B2_N23_C_s800_n4,T6_B2_N23_C,800,-355,-1437,False,1986.1,23.7,8,626,1385.13115290331,78.09710077938567,78.09710077938567
T6_B2_N23_C_s800_n5,T6_B2_N23_C,800,622,-130,False,574.62,111.6,5,555,18.61843877975509,62.25047991023071,18.6184387797551
T6_B2_N23_C_s800_n6,T6_B2_N23_C,800,-174,43,False,675.96,83.5,7,583,1228.494606256569,69.43950820752842,1228.494606256569
T6_B2_N23_C_s800_n7,T6_B2_N23_C,800,363,647,True,249.76,350.9,4,475,17.532782924462904,12.9257186232845,17.532782924462904
T6_B2_N23_D_s1000_n0,T6_B2_N23_D,1000,2027,1917,False,2083.17,23.0,9,432,1401.9852412159994,493.4222631786467,1401.9852412159994
T6_B2_N23_D_s1000_n1,T6_B2_N23_D,1000,1397,924,False,992.16,71.7,11,1181,1650.355074063934,181.3103975635661,181.3103975635663
T6_B2_N23_D_s1000_n2,T6_B2_N23_D,1000,896,-483,False,1059.77,70.0,14,2067,210.8032780513488,263.93317926380104,210.8032780513488
T6_B2_N23_D_s1000_n3,T6_B2_N23_D,1000,-111,433,False,614.66,147.1,7,1108,7.623040266895997,67.83527166922688,7.623040266896054
T6_B2_N23_D_s1000_n4,T6_B2_N23_D,1000,579,1614,False,1116.8,67.7,11,1420,560.1387954263766,429.4556464777029,560.1387954263768
T6_B2_N23_D_s1000_n5,T6_B2_N23_D,1000,-704,1825,False,1790.32,36.8,10,1160,695.166007166576,249.9271616564388,695.166007166576
T6_B2_N23_D_s1000_n6,T6_B2_N23_D,1000,-471,288,False,993.87,79.8,11,1663,222.38351486560504,189.00333577114665,222.38351486560504
T6_B2_N23_D_s1000_n7,T6_B2_N23_D,1000,-760,1769,False,1788.28,36.1,10,1176,613.6111777015724,362.3049984562981,613.6111777015723
T6_B2_N23_D_s1200_n0,T6_B2_N23_D,1200,991,-104,False,805.29,138.1,16,2204,1531.086728621373,127.5576331120131,1531.086728621373
T6_B2_N23_D_s1200_n1,T6_B2_N23_D,1200,-416,1743,False,1529.28,57.2,12,2466,86.80378257822322,88.2696437506839,86.8037825782234
T6_B2_N23_D_s1200_n2,T6_B2_N23_D,1200,-259,1043,False,966.5,99.3,15,2412,93.08034832299772,44.2720616064608,93.0803483229977
T6_B2_N23_D_s1200_n3,T6_B2_N23_D,1200,-319,-116,False,1165.0,71.1,14,2930,52.08322494958667,252.18053096046904,52.08322494958667
T6_B2_N23_D_s1200_n4,T6_B2_N23_D,1200,-667,-73,False,1434.65,59.0,12,2655,349.6448995343269,466.62972791827065,349.6448995343269
T6_B2_N23_D_s1200_n5,T6_B2_N23_D,1200,426,1665,False,1079.12,95.2,14,2101,261.3630304754922,212.33263193777591,261.3630304754922
T6_B2_N23_D_s1200_n6,T6_B2_N23_D,1200,-259,2,False,1046.65,77.6,15,2795,40.34539405847547,242.9170046038297,40.34539405847549
T6_B2_N23_D_s1200_n7,T6_B2_N23_D,1200,107,1316,False,869.31,122.5,14,1836,65.99651922626293,80.01564954034194,65.99651922626293
T6_B2_N23_D_s400_n0,T6_B2_N23_D,400,17,-1173,False,1385.14,17.2,8,376,120.60765645400424,86.92617544221379,86.92617544221379
T6_B2_N23_D_s400_n1,T6_B2_N23_D,400,1717,1072,False,1749.76,15.8,8,382,1503.4111378250727,824.2272411507874,1503.4111378250727
T6_B2_N23_D_s400_n2,T6_B2_N23_D,400,-307,-49,False,564.85,46.4,3,162,242.735179437257,100.01551032538264,242.735179437257
T6_B2_N23_D_s400_n3,T6_B2_N23_D,400,1313,1723,False,1886.35,9.4,4,89,1624.3247448294007,1523.2065280146703,1624.3247448294007
T6_B2_N23_D_s400_n4,T6_B2_N23_D,400,-1143,812,False,1475.87,19.8,9,594,1133.35278768066,1136.830975218988,1133.35278768066
T6_B2_N23_D_s400_n6,T6_B2_N23_D,400,6,323,True,229.71,115.1,2,151,7.2514466480825,7.457056354620557,7.2514466480825
T6_B2_N23_D_s400_n7,T6_B2_N23_D,400,1619,234,False,1419.41,17.6,7,318,1678.2318356858505,1129.3193425492425,1129.3193425492427
T6_B2_N23_D_s600_n1,T6_B2_N23_D,600,-398,1406,False,1307.84,32.4,10,729,877.9637495336431,195.9141000014612,877.9637495336431
T6_B2_N23_D_s600_n2,T6_B2_N23_D,600,1770,196,False,1473.67,27.6,10,931,717.5370054754417,1095.6743763190418,717.5370054754417
T6_B2_N23_D_s600_n4,T6_B2_N23_D,600,68,-540,False,871.45,46.2,5,405,197.1204198241208,127.79158676262946,197.12041982412077
T6_B2_N23_D_s600_n5,T6_B2_N23_D,600,1769,-514,False,1679.45,26.3,9,1139,677.0211037396659,627.4053479526502,677.0211037396658
T6_B2_N23_D_s600_n6,T6_B2_N23_D,600,-1192,668,False,1536.71,26.2,10,898,487.7732907370247,377.177680111471,487.7732907370247
T6_B2_N23_D_s600_n7,T6_B2_N23_D,600,373,454,True,170.43,284.4,3,354,32.99539679976147,8.376190047399522,32.99539679976143
T6_B2_N23_D_s800_n0,T6_B2_N23_D,800,662,-299,False,746.49,83.8,7,692,79.06908616859364,75.4190998145998,79.06908616859359
T6_B2_N23_D_s800_n1,T6_B2_N23_D,800,211,1892,False,1503.92,38.6,11,981,371.5960398392827,356.5688097094095,371.5960398392827
T6_B2_N23_D_s800_n2,T6_B2_N23_D,800,1331,1534,False,1467.21,41.1,11,1427,57.13707476808391,364.8007282814337,57.13707476808391
T6_B2_N23_D_s800_n3,T6_B2_N23_D,800,1886,-649,False,1818.95,26.8,9,1048,569.9692336251062,464.37365646033857,569.9692336251062
T6_B2_N23_D_s800_n4,T6_B2_N23_D,800,455,-591,False,992.53,56.9,10,979,1388.6033983412233,57.17379999516053,1388.6033983412233
T6_B2_N23_D_s800_n5,T6_B2_N23_D,800,564,-640,False,1052.85,57.2,11,1140,1560.3862716997253,119.75270348259907,1560.3862716997253
T6_B2_N23_D_s800_n6,T6_B2_N23_D,800,-573,569,False,987.57,59.4,7,906,1290.3337783439265,62.44925614856656,1290.3337783439265
T6_B2_N23_D_s800_n7,T6_B2_N23_D,800,399,521,True,121.0,355.9,3,669,8.218278184822946,12.927675123325717,8.218278184822946
T6_B3_N19_A_s1000_n0,T6_B3_N19_A,1000,-846,114,False,1400.25,52.0,15,2223,157.50536514812828,136.37524921407595,157.50536514812828
T6_B3_N19_A_s1000_n1,T6_B3_N19_A,1000,298,2123,False,1635.52,44.0,13,1923,668.6575467344,784.0239471624991,668.6575467344
T6_B3_N19_A_s1000_n2,T6_B3_N19_A,1000,-559,-1060,False,1885.49,31.1,11,797,601.2465379950953,499.0459859105202,601.2465379950953
T6_B3_N19_A_s1000_n3,T6_B3_N19_A,1000,-597,1722,False,1642.16,46.2,15,2352,940.4652889498892,187.721888745928,940.4652889498892
T6_B3_N19_A_s1000_n4,T6_B3_N19_A,1000,1308,908,False,905.17,84.4,14,1449,1514.1547532447455,165.80715455162465,165.80715455162482
T6_B3_N19_A_s1000_n5,T6_B3_N19_A,1000,243,-970,False,1492.3,50.7,13,1757,178.83818147607508,253.5697648307388,178.83818147607508
T6_B3_N19_A_s1000_n6,T6_B3_N19_A,1000,-568,90,False,1143.99,63.0,17,1984,707.5552271089971,126.96588607844896,126.96588607844896
T6_B3_N19_A_s1000_n7,T6_B3_N19_A,1000,-923,-1152,False,2180.37,12.8,4,106,1438.763429183088,1031.9458064056416,1031.9458064056416
T6_B3_N19_A_s1200_n0,T6_B3_N19_A,1200,-63,1793,False,1364.85,62.0,17,2788,156.97616482255972,183.3742549303522,156.97616482255972
T6_B3_N19_A_s1200_n1,T6_B3_N19_A,1200,-852,-190,False,1653.0,52.3,15,2279,141.83798456192477,242.3541144993011,141.83798456192477
T6_B3_N19_A_s1200_n2,T6_B3_N19_A,1200,-146,2112,False,1686.02,51.0,15,2687,270.0973122329568,198.50235519456345,270.0973122329568
T6_B3_N19_A_s1200_n3,T6_B3_N19_A,1200,541,-486,False,1087.6,93.0,18,2894,92.50739649671172,162.02794133214127,92.50739649671172
T6_B3_N19_A_s1200_n4,T6_B3_N19_A,1200,-852,1008,False,1508.23,60.3,15,2617,82.01959176874242,124.16498847094569,82.01959176874242
T6_B3_N19_A_s1200_n5,T6_B3_N19_A,1200,-228,-420,False,1313.77,64.9,18,2818,165.09126201387218,253.5983293609396,165.09126201387215
T6_B3_N19_A_s1200_n6,T6_B3_N19_A,1200,913,-936,False,1567.57,60.3,13,2323,140.99430789339414,17.79954039737483,140.99430789339414
T6_B3_N19_A_s1200_n7,T6_B3_N19_A,1200,-226,-286,False,1211.31,69.8,18,2994,101.58697379509452,221.63525804357795,101.58697379509452
T6_B3_N19_A_s400_n0,T6_B3_N19_A,400,7,-867,False,1084.31,23.0,5,196,286.91780893522423,431.4876242820803,286.91780893522423
T6_B3_N19_A_s400_n1,T6_B3_N19_A,400,1947,980,False,1913.22,11.2,2,105,1730.1022994810646,862.3336851117782,1730.1022994810646
T6_B3_N19_A_s400_n2,T6_B3_N19_A,400,-343,-302,False,739.5,39.0,5,171,936.2433576259824,89.71680540085718,936.2433576259824
T6_B3_N19_A_s400_n3,T6_B3_N19_A,400,842,2063,False,1970.52,13.4,4,280,1669.0353541901636,1100.2880503925116,1669.0353541901636
T6_B3_N19_A_s400_n6,T6_B3_N19_A,400,1487,366,False,1297.66,19.0,8,461,534.3807779995507,637.1745587262146,534.3807779995508
T6_B3_N19_A_s400_n7,T6_B3_N19_A,400,995,-1249,False,1652.76,13.6,4,188,1370.6963718351774,832.211373626481,1370.6963718351774
T6_B3_N19_A_s600_n0,T6_B3_N19_A,600,1229,214,False,932.97,46.7,7,462,185.87814366018443,252.78864821991732,185.87814366018443
T6_B3_N19_A_s600_n1,T6_B3_N19_A,600,1265,1093,False,1249.03,35.2,11,636,931.2099994029912,518.7157550722909,931.2099994029912
T6_B3_N19_A_s600_n2,T6_B3_N19_A,600,-261,605,False,638.55,62.6,7,353,1025.3643029600537,58.13802909018056,1025.3643029600537
T6_B3_N19_A_s600_n3,T6_B3_N19_A,600,1538,1430,False,1676.17,27.4,11,1128,758.0091415691769,1009.9782958053686,758.0091415691769
T6_B3_N19_A_s600_n4,T6_B3_N19_A,600,-105,324,False,405.71,130.1,5,433,12.888286432067106,33.016078056899325,12.888286432067106
T6_B3_N19_A_s600_n5,T6_B3_N19_A,600,515,-157,False,505.05,92.1,7,477,48.94747353353955,42.05068116719142,48.94747353353955
T6_B3_N19_A_s600_n6,T6_B3_N19_A,600,-486,-431,False,1073.39,40.7,10,500,678.3455159312002,114.26198577898344,114.26198577898344
T6_B3_N19_A_s600_n7,T6_B3_N19_A,600,315,-202,False,502.22,102.7,6,449,23.47482632907348,38.08997532134808,23.47482632907348
T6_B3_N19_A_s800_n0,T6_B3_N19_A,800,589,-696,False,1112.18,52.6,16,1586,89.69651696031858,63.41528843822933,89.69651696031858
T6_B3_N19_A_s800_n1,T6_B3_N19_A,800,436,-578,False,978.66,62.2,14,1299,62.38479878868088,114.67743363669656,62.38479878868088
T6_B3_N19_A_s800_n2,T6_B3_N19_A,800,1340,1943,False,1806.78,32.7,11,1651,356.9276683401329,155.12309534640713,356.9276683401329
T6_B3_N19_A_s800_n3,T6_B3_N19_A,800,594,586,True,268.76,355.1,6,832,19.09798310354409,47.33141132099013,19.09798310354409
T6_B3_N19_A_s800_n4,T6_B3_N19_A,800,-206,-1309,False,1813.26,29.6,8,545,824.1260041638741,405.74542359687695,824.1260041638741
T6_B3_N19_A_s800_n5,T6_B3_N19_A,800,156,258,True,282.31,352.6,6,793,7.86183240673738,32.33705444068453,7.861832406737398
T6_B3_N19_A_s800_n6,T6_B3_N19_A,800,1154,1601,False,1418.07,41.5,15,1674,394.6979534444377,324.59959037975244,394.6979534444376
T6_B3_N19_A_s800_n7,T6_B3_N19_A,800,599,1277,False,899.29,69.4,8,617,1377.1516848500833,143.01287399991136,143.01287399991136
T6_B3_N19_B_s1000_n0,T6_B3_N19_B,1000,1112,-160,False,900.08,74.8,16,1439,1036.3953674843165,15.609397166761644,1036.3953674843165
T6_B3_N19_B_s1000_n1,T6_B3_N19_B,1000,-194,-1344,False,1970.27,33.9,8,773,68.422733068492,371.857943788125,68.422733068492
T6_B3_N19_B_s1000_n2,T6_B3_N19_B,1000,578,-320,False,823.7,104.8,10,1453,13.126600020704172,55.76391090767744,13.12660002070414
T6_B3_N19_B_s1000_n3,T6_B3_N19_B,1000,653,850,True,381.98,353.1,8,1150,1042.0177320066755,9.945197235810532,9.945197235810532
T6_B3_N19_B_s1000_n4,T6_B3_N19_B,1000,99,-187,False,795.47,102.3,12,1468,41.85557153113058,37.89682835179716,37.89682835179716
T6_B3_N19_B_s1000_n5,T6_B3_N19_B,1000,538,-413,False,913.79,93.5,12,1472,14.470297159853535,49.79278802595528,14.470297159853494
T6_B3_N19_B_s1000_n6,T6_B3_N19_B,1000,665,-400,False,915.0,89.6,13,1497,1281.6372698222808,103.1801241847162,1281.6372698222808
T6_B3_N19_B_s1000_n7,T6_B3_N19_B,1000,-338,-174,False,1075.42,66.2,17,1603,419.920986261129,107.20378177873025,107.20378177873025
T6_B3_N19_B_s1200_n0,T6_B3_N19_B,1200,-589,635,False,1189.52,87.4,16,2479,49.66293200520442,34.76026012771877,49.66293200520442
T6_B3_N19_B_s1200_n1,T6_B3_N19_B,1200,213,-1020,False,1665.58,52.9,13,1989,294.5861495819447,249.46964402369264,294.5861495819447
T6_B3_N19_B_s1200_n2,T6_B3_N19_B,1200,1829,1523,False,1537.0,56.0,15,2172,200.5243335666252,200.66735550791867,200.52433356662516
T6_B3_N19_B_s1200_n3,T6_B3_N19_B,1200,-597,-166,False,1421.11,60.3,16,2407,149.76726690612475,260.2736170804341,149.76726690612475
T6_B3_N19_B_s1200_n4,T6_B3_N19_B,1200,902,-452,False,1094.49,92.0,17,2912,75.31485485473,98.6563332702064,75.31485485473006
T6_B3_N19_B_s1200_n5,T6_B3_N19_B,1200,-615,377,False,1235.3,81.4,16,2477,63.0291733398207,56.1846469642385,63.02917333982068
T6_B3_N19_B_s1200_n6,T6_B3_N19_B,1200,1804,1955,False,1812.63,42.1,13,1379,207.8214257625071,135.64170112418566,207.8214257625073
T6_B3_N19_B_s1200_n7,T6_B3_N19_B,1200,1125,1234,False,823.15,140.4,18,1969,30.3170833587954,56.75514159061008,30.3170833587954
T6_B3_N19_B_s400_n0,T6_B3_N19_B,400,-176,10,False,421.28,67.3,3,295,19.903843895521224,12.87022420556124,19.903843895521224
T6_B3_N19_B_s400_n1,T6_B3_N19_B,400,-460,-637,False,1065.91,26.6,6,236,918.174223650784,227.4215491500221,227.42154915002212
T6_B3_N19_B_s400_n2,T6_B3_N19_B,400,-829,1698,False,1817.37,6.6,2,69,1497.8312090801846,1498.9835798567958,1497.8312090801846
T6_B3_N19_B_s400_n3,T6_B3_N19_B,400,-153,156,False,355.73,87.5,3,217,7.568744890836537,7.994792538100745,7.568744890836537
T6_B3_N19_B_s400_n4,T6_B3_N19_B,400,323,-152,False,372.87,67.1,3,187,17.379761482050142,36.589680471675045,17.379761482050142
T6_B3_N19_B_s400_n5,T6_B3_N19_B,400,-660,694,False,991.78,28.0,5,238,430.3511257526393,128.87518983021215,430.3511257526393
T6_B3_N19_B_s400_n6,T6_B3_N19_B,400,1053,1029,False,1189.47,24.3,6,211,1015.8260105064022,314.35433343684565,1015.8260105064022
T6_B3_N19_B_s400_n7,T6_B3_N19_B,400,246,305,True,114.63,353.1,2,215,4.2665727241030975,1.3753579208959985,4.2665727241030975
T6_B3_N19_B_s600_n0,T6_B3_N19_B,600,-566,1346,False,1357.97,33.3,13,825,1142.9768478883443,30.99645241404676,1142.9768478883443
T6_B3_N19_B_s600_n1,T6_B3_N19_B,600,19,-269,False,634.6,63.4,6,535,985.9918221398716,34.22655534669092,985.9918221398716
T6_B3_N19_B_s600_n2,T6_B3_N19_B,600,243,952,False,654.49,69.5,5,386,34.15738524433576,52.06924960671856,34.15738524433575
T6_B3_N19_B_s600_n3,T6_B3_N19_B,600,368,328,True,73.54,354.6,3,390,4.266572723995457,5.78820052919262,4.266572723995457
T6_B3_N19_B_s600_n4,T6_B3_N19_B,600,584,-40,False,443.01,96.2,6,436,12.82989917630493,12.078071318042898,12.82989917630493
T6_B3_N19_B_s600_n5,T6_B3_N19_B,600,-569,-64,False,942.16,43.0,8,490,574.6776864780975,44.795820542106505,44.795820542106505
T6_B3_N19_B_s600_n7,T6_B3_N19_B,600,-942,-219,False,1346.08,30.4,12,757,458.5291446262634,217.9203866264173,458.5291446262634
T6_B3_N19_B_s800_n0,T6_B3_N19_B,800,618,1386,False,1009.81,59.8,13,1043,367.94059550610257,16.7209203637038,367.94059550610257
T6_B3_N19_B_s800_n1,T6_B3_N19_B,800,-705,36,False,1163.41,48.3,13,1073,49.13970718019208,70.82894478107194,49.13970718019208
T6_B3_N19_B_s800_n2,T6_B3_N19_B,800,745,1808,False,1449.65,37.3,13,1266,225.7222092694556,268.842205318317,225.72220926945556
T6_B3_N19_B_s800_n3,T6_B3_N19_B,800,1858,1521,False,1839.13,25.7,10,627,267.02795533110486,277.5340407153009,267.02795533110475
T6_B3_N19_B_s800_n5,T6_B3_N19_B,800,-423,-170,False,1001.11,57.4,12,938,1522.035969933605,73.23191485541898,1522.035969933605
T6_B3_N19_B_s800_n6,T6_B3_N19_B,800,1306,93,False,956.6,61.4,10,815,1528.6099311388566,50.465947467322565,1528.6099311388566
T6_B3_N19_B_s800_n7,T6_B3_N19_B,800,611,-1199,False,1612.86,34.7,11,1394,56.794273855118185,60.98331417340146,56.794273855118185
T6_B3_N19_C_s1000_n0,T6_B3_N19_C,1000,1105,-301,False,1003.81,68.8,15,2989,301.1812257646674,116.31551614731184,301.18122576466743
T6_B3_N19_C_s1000_n1,T6_B3_N19_C,1000,-829,83,False,1392.89,51.3,13,2570,191.2209783097516,205.823442845666,191.2209783097516
T6_B3_N19_C_s1000_n2,T6_B3_N19_C,1000,507,-122,False,622.04,150.3,9,2070,34.96473292716243,42.589330390143296,34.96473292716243
T6_B3_N19_C_s1000_n3,T6_B3_N19_C,1000,-169,-795,False,1457.6,49.7,13,3022,312.6343984335776,215.18213463337528,312.6343984335776
T6_B3_N19_C_s1000_n4,T6_B3_N19_C,1000,562,-995,False,1496.29,52.8,12,2720,252.9503547544421,203.1402330484525,252.9503547544421
T6_B3_N19_C_s1000_n5,T6_B3_N19_C,1000,1839,1984,False,1998.79,27.0,10,1001,1331.002356963388,308.07034852584087,1331.002356963388
T6_B3_N19_C_s1000_n6,T6_B3_N19_C,1000,-254,-584,False,1320.44,54.5,15,3414,692.4586819892337,214.4385411880363,214.4385411880363
T6_B3_N19_C_s1000_n7,T6_B3_N19_C,1000,1929,728,False,1447.07,52.3,13,3066,107.23171224625396,136.1217705830048,107.23171224625396
T6_B3_N19_C_s1200_n0,T6_B3_N19_C,1200,507,-1292,False,1894.28,48.6,8,2022,411.7673964452431,360.6804489901117,411.7673964452431
T6_B3_N19_C_s1200_n1,T6_B3_N19_C,1200,2102,-402,False,1805.55,42.4,12,2498,97.7733710636633,104.6629650300006,97.7733710636633
T6_B3_N19_C_s1200_n2,T6_B3_N19_C,1200,483,1212,False,623.08,176.3,11,2523,1372.7657877427307,53.48199692285336,1372.7657877427307
T6_B3_N19_C_s1200_n3,T6_B3_N19_C,1200,1794,615,False,1194.09,88.1,15,4503,170.68907616908984,98.29946354211124,170.68907616908965
T6_B3_N19_C_s1200_n4,T6_B3_N19_C,1200,-801,-953,False,2091.56,27.5,9,802,1235.1479409988078,240.7473491336002,240.7473491336002
T6_B3_N19_C_s1200_n5,T6_B3_N19_C,1200,-1,772,False,625.13,179.1,10,2625,20.16402371013008,39.07979362519042,20.16402371013008
T6_B3_N19_C_s1200_n6,T6_B3_N19_C,1200,-545,1100,False,1249.41,70.3,15,3308,227.1328466617914,232.28143348334163,227.1328466617914
T6_B3_N19_C_s1200_n7,T6_B3_N19_C,1200,261,1617,False,1072.01,94.7,16,3262,65.94143142008642,143.59290540143655,65.94143142008639
T6_B3_N19_C_s400_n1,T6_B3_N19_C,400,-189,-141,False,517.3,47.4,4,277,828.9863488127997,25.2060939075615,828.9863488127997
T6_B3_N19_C_s400_n2,T6_B3_N19_C,400,1800,323,False,1604.72,15.6,8,753,118.5671149988698,495.476926357778,495.476926357778
T6_B3_N19_C_s400_n3,T6_B3_N19_C,400,226,-4,False,205.65,176.9,2,368,33.32857735388561,34.80579000676051,33.32857735388561
T6_B3_N19_C_s400_n4,T6_B3_N19_C,400,241,-119,False,321.62,85.3,3,321,40.02716296221976,57.22971439896047,40.027162962219705
T6_B3_N19_C_s400_n5,T6_B3_N19_C,400,1282,-406,False,1240.15,22.6,8,766,1520.9138023271748,352.0046993378634,1520.9138023271748
T6_B3_N19_C_s400_n7,T6_B3_N19_C,400,817,1483,False,1423.65,19.5,9,649,1141.3736066561748,244.66061786918576,1141.3736066561748
T6_B3_N19_C_s600_n0,T6_B3_N19_C,600,898,1775,False,1591.61,26.8,10,1164,264.5322319805099,102.12847896053148,264.5322319805099
T6_B3_N19_C_s600_n1,T6_B3_N19_C,600,-416,-124,False,832.12,49.5,7,710,409.4223709983978,138.35026422351726,138.35026422351723
T6_B3_N19_C_s600_n2,T6_B3_N19_C,600,-549,-68,False,925.32,45.2,7,711,1284.5604072431745,77.21382453915754,1284.5604072431745
T6_B3_N19_C_s600_n3,T6_B3_N19_C,600,744,-133,False,620.18,65.4,5,640,62.487865427421895,84.80145272139514,62.487865427421895
T6_B3_N19_C_s600_n4,T6_B3_N19_C,600,-139,-1420,False,1775.14,21.5,4,501,257.28228032568734,214.2510302280466,257.28228032568734
T6_B3_N19_C_s600_n5,T6_B3_N19_C,600,-456,1970,False,1833.15,19.0,6,314,1439.1885171885638,96.06428733520002,1439.1885171885638
T6_B3_N19_C_s600_n6,T6_B3_N19_C,600,253,505,True,210.32,249.8,3,775,28.95864078275575,30.89173930595732,28.95864078275575
T6_B3_N19_C_s600_n7,T6_B3_N19_C,600,479,267,True,182.02,300.0,3,823,31.123823943130137,32.26011569774312,31.12382394313014
T6_B3_N19_C_s800_n0,T6_B3_N19_C,800,868,696,False,553.75,114.7,6,1239,33.35081639520896,56.24152277992447,33.35081639520896
T6_B3_N19_C_s800_n1,T6_B3_N19_C,800,373,-698,False,1098.33,56.0,12,2101,75.68576461361201,117.8860935870458,75.685764613612
T6_B3_N19_C_s800_n2,T6_B3_N19_C,800,17,1484,False,1149.67,48.9,13,1433,195.156603667166,173.50774540185623,195.1566036671662
T6_B3_N19_C_s800_n3,T6_B3_N19_C,800,1569,660,False,1197.56,47.9,12,2148,161.5422827805413,204.01407522906223,161.54228278054117
T6_B3_N19_C_s800_n4,T6_B3_N19_C,800,-90,-42,False,659.9,79.0,9,1258,47.95478209394563,121.7377404278119,121.7377404278119
T6_B3_N19_C_s800_n5,T6_B3_N19_C,800,-796,-909,False,1773.1,29.5,9,938,488.3279462206669,303.4867083385173,488.3279462206669
T6_B3_N19_C_s800_n6,T6_B3_N19_C,800,749,296,True,364.17,218.9,5,1181,33.92355349386294,36.4383129013895,33.92355349386294
T6_B3_N19_C_s800_n7,T6_B3_N19_C,800,463,-708,False,1109.79,53.3,12,2032,233.690349008877,130.89435203515973,233.690349008877
T6_B3_N19_D_s1000_n0,T6_B3_N19_D,1000,-734,1230,False,1433.76,49.9,12,2339,252.4702793126235,116.05940615327596,252.4702793126233
T6_B3_N19_D_s1000_n1,T6_B3_N19_D,1000,659,-1142,False,1649.68,44.7,10,2366,1070.0143293855792,30.159745420136343,1070.0143293855792
T6_B3_N19_D_s1000_n2,T6_B3_N19_D,1000,-599,1206,False,1306.23,53.3,13,2242,1703.4501261445737,170.15625129394493,1703.4501261445737
T6_B3_N19_D_s1000_n3,T6_B3_N19_D,1000,-173,-997,False,1641.32,42.8,11,2178,1060.7694574669397,996.845826327473,996.845826327473
T6_B3_N19_D_s1000_n4,T6_B3_N19_D,1000,1486,284,False,1009.38,82.8,12,2069,1389.0278429333955,70.25529579302098,1389.0278429333955
T6_B3_N19_D_s1000_n5,T6_B3_N19_D,1000,-103,-86,False,840.84,79.2,13,1844,1501.729744180006,14.105251119735566,1501.729744180006
T6_B3_N19_D_s1000_n6,T6_B3_N19_D,1000,948,1545,False,1136.98,63.5,12,1757,1060.774504325091,718.8391893158433,1060.774504325091
T6_B3_N19_D_s1000_n7,T6_B3_N19_D,1000,173,1384,False,942.54,83.7,8,1494,962.7270629160836,643.6607836297051,962.7270629160836
T6_B3_N19_D_s1200_n0,T6_B3_N19_D,1200,1820,-310,False,1522.01,56.3,13,3250,326.64556104288204,461.0288818864417,326.64556104288226
T6_B3_N19_D_s1200_n1,T6_B3_N19_D,1200,-408,911,False,1054.89,91.9,14,2897,191.9642713259906,108.95297966392005,191.9642713259906
T6_B3_N19_D_s1200_n2,T6_B3_N19_D,1200,-435,-1114,False,2002.25,39.2,9,1322,1093.9202062326458,1420.3524989976554,1420.3524989976554
T6_B3_N19_D_s1200_n3,T6_B3_N19_D,1200,1839,515,False,1241.91,76.4,13,3203,136.53140489855346,117.78636853787968,136.53140489855326
T6_B3_N19_D_s1200_n4,T6_B3_N19_D,1200,-577,-751,False,1791.8,47.1,11,2123,1021.1475431981182,1706.1812799509462,1706.1812799509462
T6_B3_N19_D_s1200_n5,T6_B3_N19_D,1200,420,670,True,193.13,358.2,6,2167,3.981274344147286,53.71033629021876,3.981274344147286
T6_B3_N19_D_s1200_n6,T6_B3_N19_D,1200,757,-4,False,624.07,178.9,12,2276,1376.530098182836,23.347641784097576,1376.530098182836
T6_B3_N19_D_s1200_n7,T6_B3_N19_D,1200,74,-1126,False,1804.37,48.5,10,2332,738.8687885951891,824.1037288082761,738.8687885951891
T6_B3_N19_D_s400_n0,T6_B3_N19_D,400,-369,-268,False,736.74,35.2,4,198,1002.1396334868684,115.9394360004842,1002.1396334868684
T6_B3_N19_D_s400_n2,T6_B3_N19_D,400,949,2056,False,2001.43,11.8,3,198,1711.203063198898,1065.4884671902144,1711.203063198898
T6_B3_N19_D_s400_n3,T6_B3_N19_D,400,205,-514,False,714.02,36.1,3,247,124.45427200559354,167.1057766349606,124.45427200559354
T6_B3_N19_D_s400_n4,T6_B3_N19_D,400,1275,-236,False,1160.05,22.9,5,268,1180.435622532552,171.78665999593284,1180.435622532552
T6_B3_N19_D_s400_n5,T6_B3_N19_D,400,126,1842,False,1643.67,15.1,7,52,1699.3785027405652,1683.6180801236485,1699.3785027405652
T6_B3_N19_D_s400_n6,T6_B3_N19_D,400,134,-136,False,342.42,86.5,3,202,61.8870501698447,66.11950555168814,61.8870501698447
T6_B3_N19_D_s400_n7,T6_B3_N19_D,400,726,-691,False,1034.68,28.5,5,365,1188.965350315999,554.0379262972447,1188.965350315999
T6_B3_N19_D_s600_n0,T6_B3_N19_D,600,-534,-376,False,1073.56,38.4,8,771,785.2128527720453,616.2017286054186,616.2017286054186
T6_B3_N19_D_s600_n1,T6_B3_N19_D,600,354,966,False,668.19,67.9,4,484,1002.2718365401224,25.808134546575893,25.808134546575857
T6_B3_N19_D_s600_n2,T6_B3_N19_D,600,-564,115,False,883.58,47.5,6,667,1265.4291474242198,40.09813192428351,1265.4291474242198
T6_B3_N19_D_s600_n3,T6_B3_N19_D,600,-1514,-408,False,1947.27,19.4,4,311,1601.5769129769114,208.57767998569707,208.57767998569707
T6_B3_N19_D_s600_n4,T6_B3_N19_D,600,499,1474,False,1190.75,33.2,5,573,1113.012659296139,1171.1004190173403,1113.012659296139
T6_B3_N19_D_s600_n5,T6_B3_N19_D,600,-307,-150,False,755.61,53.3,6,526,1121.7853575492134,52.16920746713211,1121.7853575492134
T6_B3_N19_D_s600_n6,T6_B3_N19_D,600,1234,26,False,973.36,43.1,6,480,1370.133165536453,108.66259892426916,1370.133165536453
T6_B3_N19_D_s600_n7,T6_B3_N19_D,600,412,-571,False,878.17,50.1,4,496,123.7655930750632,225.3533048983633,123.7655930750632
T6_B3_N19_D_s800_n0,T6_B3_N19_D,800,-757,-174,False,1291.56,44.1,11,1465,1725.6147315725198,345.89902427101555,1725.6147315725198
T6_B3_N19_D_s800_n1,T6_B3_N19_D,800,547,-81,False,502.96,147.3,6,869,963.5136509282596,14.933405858477878,963.5136509282596
T6_B3_N19_D_s800_n3,T6_B3_N19_D,800,423,1779,False,1379.19,38.9,10,1065,1800.022030342082,1524.4384776039742,1524.4384776039742
T6_B3_N19_D_s800_n4,T6_B3_N19_D,800,301,-501,False,906.42,69.6,7,1011,87.17793460284697,116.66446197541109,87.17793460284697
T6_B3_N19_D_s800_n5,T6_B3_N19_D,800,1044,-951,False,1496.64,38.6,11,2318,906.8871589437914,923.142806718792,906.8871589437914
T6_B3_N19_D_s800_n6,T6_B3_N19_D,800,1142,128,False,790.28,78.3,7,866,22.333480446372704,70.7617045095052,22.33348044637272
T6_B3_N19_D_s800_n7,T6_B3_N19_D,800,-674,-13,False,1150.67,47.0,10,1433,218.93449484240872,74.75939651789025,218.93449484240872
T6_B3_N21_A_s1000_n0,T6_B3_N21_A,1000,326,-1691,False,2197.9,32.3,10,2581,884.8755340910363,1144.8291065780554,884.8755340910363
T6_B3_N21_A_s1000_n1,T6_B3_N21_A,1000,1422,1209,False,1163.08,62.1,18,5294,266.71297023223826,268.7008729586224,266.71297023223826
T6_B3_N21_A_s1000_n2,T6_B3_N21_A,1000,235,-152,False,703.8,131.9,8,1748,1358.6761619337317,172.88233861277047,1358.6761619337317
T6_B3_N21_A_s1000_n3,T6_B3_N21_A,1000,-287,-712,False,1445.1,49.4,17,2971,2094.703406181088,332.87041435596905,2094.7034061810878
T6_B3_N21_A_s1000_n4,T6_B3_N21_A,1000,-881,808,False,1414.93,52.8,16,4083,475.5997209469716,514.4539261599251,475.5997209469716
T6_B3_N21_A_s1000_n5,T6_B3_N21_A,1000,607,-1357,False,1860.08,39.0,13,3588,470.34752002509686,955.0058020318768,470.34752002509697
T6_B3_N21_A_s1000_n6,T6_B3_N21_A,1000,1670,-468,False,1518.53,48.9,16,4314,621.7041667021861,798.374190072736,621.7041667021861
T6_B3_N21_A_s1000_n7,T6_B3_N21_A,1000,810,-605,False,1147.66,67.9,14,2795,1408.4515048272326,219.75847886460133,1408.4515048272326
T6_B3_N21_A_s1200_n0,T6_B3_N21_A,1200,1036,-703,False,1374.01,65.8,17,5707,775.2429168686191,394.569551049794,775.2429168686191
T6_B3_N21_A_s1200_n1,T6_B3_N21_A,1200,269,768,True,371.19,357.7,8,2715,17.11233854476476,47.59903986562534,17.11233854476476
T6_B3_N21_A_s1200_n2,T6_B3_N21_A,1200,713,-512,False,1117.73,93.8,16,3950,1927.0795554784204,205.8180355856427,1927.0795554784208
T6_B3_N21_A_s1200_n3,T6_B3_N21_A,1200,-527,-1416,False,2309.63,32.7,12,2693,355.8308821876704,368.5455256018331,355.8308821876704
T6_B3_N21_A_s1200_n4,T6_B3_N21_A,1200,303,-283,False,931.61,116.3,10,2776,439.687134850939,272.0627963116929,439.687134850939
T6_B3_N21_A_s1200_n5,T6_B3_N21_A,1200,1086,1176,True,753.64,153.0,21,4571,1579.2587609819702,73.38514558258349,73.38514558258349
T6_B3_N21_A_s1200_n6,T6_B3_N21_A,1200,426,-450,False,1064.32,100.7,12,3089,1686.469191103277,345.8602953825293,1686.469191103277
T6_B3_N21_A_s1200_n7,T6_B3_N21_A,1200,1321,1176,False,922.83,91.2,21,5823,19.56873685731352,58.44537491194962,19.56873685731352
T6_B3_N21_A_s400_n0,T6_B3_N21_A,400,556,-469,False,757.82,35.0,3,340,74.32781115919302,246.95200894361403,74.32781115919302
T6_B3_N21_A_s400_n1,T6_B3_N21_A,400,-196,4,False,441.85,63.8,3,313,48.78012358374736,26.02114072947883,48.78012358374736
T6_B3_N21_A_s400_n2,T6_B3_N21_A,400,375,1015,False,833.58,32.7,3,344,48.97532219335568,109.79260015350614,48.97532219335578
T6_B3_N21_A_s400_n3,T6_B3_N21_A,400,-149,-309,False,617.16,43.5,3,249,954.9140429580464,173.9624415983393,954.9140429580464
T6_B3_N21_A_s400_n4,T6_B3_N21_A,400,86,-66,False,289.4,110.4,3,376,8.476014809789769,15.341000582084204,8.476014809789769
T6_B3_N21_A_s400_n5,T6_B3_N21_A,400,686,-1473,False,1742.16,15.5,11,1303,1791.443681924969,1756.1301451258578,1791.443681924969
T6_B3_N21_A_s400_n6,T6_B3_N21_A,400,65,-1841,False,2045.46,12.0,7,721,1290.7047533198715,1540.17797222998,1290.7047533198715
T6_B3_N21_A_s400_n7,T6_B3_N21_A,400,-848,-1563,False,2050.97,15.0,9,960,1872.595821760092,2175.1312463824456,1872.595821760092
T6_B3_N21_A_s600_n0,T6_B3_N21_A,600,-234,123,False,562.57,84.1,4,686,86.59178968432512,105.746050426901,86.59178968432512
T6_B3_N21_A_s600_n1,T6_B3_N21_A,600,541,-678,False,1007.26,41.3,5,767,1345.425465131282,191.565663224912,1345.425465131282
T6_B3_N21_A_s600_n2,T6_B3_N21_A,600,400,560,True,278.57,209.7,4,649,12.792343181206013,14.168838102969254,12.792343181206013
T6_B3_N21_A_s600_n3,T6_B3_N21_A,600,-166,658,False,587.64,68.2,5,604,15.963042838919888,37.82218281002879,15.963042838919888
T6_B3_N21_A_s600_n4,T6_B3_N21_A,600,-360,-1988,False,2381.29,11.4,3,204,1755.932154050836,1502.0885086196683,1755.932154050836
T6_B3_N21_A_s600_n5,T6_B3_N21_A,600,565,385,True,278.3,205.6,4,624,19.594744062268777,25.03343589263021,19.594744062268827
T6_B3_N21_A_s600_n6,T6_B3_N21_A,600,-349,171,False,661.7,63.4,4,612,49.29257797128037,219.65704941947627,49.29257797128037
T6_B3_N21_A_s600_n7,T6_B3_N21_A,600,-188,154,False,509.37,98.7,4,667,75.51950544774547,96.52320887224134,75.51950544774547
T6_B3_N21_A_s800_n0,T6_B3_N21_A,800,1402,623,False,1026.51,55.9,15,2751,1155.9861461574897,302.7707332747894,1155.9861461574897
T6_B3_N21_A_s800_n1,T6_B3_N21_A,800,274,56,True,366.35,226.6,5,1158,17.074063251431856,32.94691423474952,17.074063251431856
T6_B3_N21_A_s800_n2,T6_B3_N21_A,800,-1023,-286,False,1579.72,36.0,15,2567,713.1791867212927,693.46474531744,693.46474531744
T6_B3_N21_A_s800_n3,T6_B3_N21_A,800,-162,-43,False,715.61,75.6,6,1136,1274.0812601839675,67.33783530136958,1274.0812601839675
T6_B3_N21_A_s800_n4,T6_B3_N21_A,800,356,-172,False,573.69,125.5,5,1235,17.31900514450327,108.32554847818228,17.31900514450327
T6_B3_N21_A_s800_n5,T6_B3_N21_A,800,-902,1535,False,1727.26,32.0,13,2342,736.0557884003923,727.7576923581604,736.0557884003923
T6_B3_N21_A_s800_n6,T6_B3_N21_A,800,467,-1014,False,1415.59,38.4,14,2285,1992.8486247164456,679.293393825627,1992.8486247164456
T6_B3_N21_A_s800_n7,T6_B3_N21_A,800,288,485,True,140.6,357.7,4,1305,16.592260276337406,17.571432401867433,16.592260276337406
T6_B3_N21_B_s1000_n0,T6_B3_N21_B,1000,709,981,True,524.44,202.7,8,1678,17.225180677687135,10.5847589363242,17.225180677687035
T6_B3_N21_B_s1000_n1,T6_B3_N21_B,1000,-875,1667,False,1803.47,38.0,13,2929,1287.3449633235964,181.0315017541524,1287.3449633235964
T6_B3_N21_B_s1000_n2,T6_B3_N21_B,1000,-963,672,False,1473.08,51.4,15,2909,287.02786498512853,288.0072245061963,287.02786498512853
T6_B3_N21_B_s1000_n3,T6_B3_N21_B,1000,-518,-320,False,1307.18,55.5,17,2342,457.3371775669463,291.9578603057386,291.9578603057386
T6_B3_N21_B_s1000_n4,T6_B3_N21_B,1000,-749,1760,False,1774.15,39.1,13,3211,477.34854755916615,103.5130946510683,477.3485475591663
T6_B3_N21_B_s1000_n5,T6_B3_N21_B,1000,-171,-336,False,1071.98,64.7,12,1702,1724.735671537968,71.40986386821046,1724.735671537968
T6_B3_N21_B_s1000_n6,T6_B3_N21_B,1000,1106,563,False,609.27,144.9,7,1667,60.377821079031904,60.3885344844733,60.377821079031904
T6_B3_N21_B_s1000_n7,T6_B3_N21_B,1000,318,903,True,442.19,353.7,7,1581,17.863847858946457,40.56930334597358,17.863847858946457
T6_B3_N21_B_s1200_n0,T6_B3_N21_B,1200,-588,1936,False,1787.8,45.8,14,3952,66.98711816778774,59.61016271840315,66.98711816778761
T6_B3_N21_B_s1200_n1,T6_B3_N21_B,1200,-66,-1009,False,1741.39,48.4,15,2600,108.12996163442509,152.82175190791585,108.12996163442487
T6_B3_N21_B_s1200_n2,T6_B3_N21_B,1200,735,1289,False,702.1,161.0,9,2615,25.3971237616441,6.404710250304933,25.3971237616441
T6_B3_N21_B_s1200_n3,T6_B3_N21_B,1200,-243,-177,False,1146.46,72.4,18,2899,622.4965435792881,174.67443932539257,174.67443932539257
T6_B3_N21_B_s1200_n4,T6_B3_N21_B,1200,-526,-601,False,1646.29,53.0,16,3628,340.3726090279404,329.94264617587555,340.3726090279404
T6_B3_N21_B_s1200_n5,T6_B3_N21_B,1200,1447,973,False,925.49,103.1,17,3657,1158.246571960078,74.76990108651968,1158.246571960078
T6_B3_N21_B_s1200_n6,T6_B3_N21_B,1200,398,-540,False,1157.76,85.8,17,3346,102.36381430543884,184.8046080571162,102.36381430543884
T6_B3_N21_B_s1200_n7,T6_B3_N21_B,1200,1650,-1291,False,2162.96,27.8,11,1388,419.4569027665769,383.2911968753424,419.4569027665768
T6_B3_N21_B_s400_n0,T6_B3_N21_B,400,386,-304,False,537.23,51.4,3,139,236.42843232228708,91.92789143332509,236.42843232228708
T6_B3_N21_B_s400_n1,T6_B3_N21_B,400,274,-262,False,467.89,57.6,3,151,675.4566323840647,147.5290132818455,675.4566323840647
T6_B3_N21_B_s400_n3,T6_B3_N21_B,400,-249,1469,False,1346.09,21.0,7,441,1173.4765053082683,493.3236952095991,1173.4765053082683
T6_B3_N21_B_s400_n4,T6_B3_N21_B,400,194,128,True,72.25,353.3,2,257,17.863847858947285,18.999148992996368,17.863847858947274
T6_B3_N21_B_s400_n5,T6_B3_N21_B,400,363,-302,False,527.8,54.7,3,146,166.98207276296574,94.09105554340736,166.98207276296574
T6_B3_N21_B_s400_n6,T6_B3_N21_B,400,280,-152,False,360.98,77.7,2,196,60.24755367186924,66.23478897674042,60.24755367186925
T6_B3_N21_B_s400_n7,T6_B3_N21_B,400,-438,-920,False,1288.97,23.3,6,307,1561.3271480241033,234.58974029409052,1561.3271480241033
T6_B3_N21_B_s600_n0,T6_B3_N21_B,600,496,188,True,225.74,353.3,3,547,17.863847859143302,36.28996463893671,17.863847859143277
T6_B3_N21_B_s600_n1,T6_B3_N21_B,600,1627,1551,False,1823.71,21.3,11,1144,1406.0039908273088,290.2998159507413,1406.0039908273088
T6_B3_N21_B_s600_n3,T6_B3_N21_B,600,1865,1553,False,2004.8,11.1,7,338,1598.92873097951,1229.8562115793725,1598.92873097951
T6_B3_N21_B_s600_n5,T6_B3_N21_B,600,250,71,True,234.39,355.1,3,609,17.863847858947288,35.762272298973706,17.863847858947288
T6_B3_N21_B_s600_n6,T6_B3_N21_B,600,-523,1576,False,1518.39,29.3,13,2321,1153.2692554096443,215.34768169215272,1153.2692554096443
T6_B3_N21_B_s600_n7,T6_B3_N21_B,600,853,1427,False,1255.36,32.5,11,998,1605.7857606200564,286.12204760967336,286.12204760967336
T6_B3_N21_B_s800_n0,T6_B3_N21_B,800,580,432,True,182.82,353.3,4,975,17.863847858975813,35.24645821309679,17.863847858975813
T6_B3_N21_B_s800_n1,T6_B3_N21_B,800,1211,-1015,False,1630.93,35.6,13,2383,189.4466386922331,67.58027892093195,189.4466386922331
T6_B3_N21_B_s800_n2,T6_B3_N21_B,800,-8,664,False,485.96,173.3,6,969,17.49563334455415,44.8513381379768,17.49563334455415
T6_B3_N21_B_s800_n3,T6_B3_N21_B,800,-407,223,False,826.18,82.2,6,967,86.45838130709235,123.24477325278671,86.45838130709237
T6_B3_N21_B_s800_n4,T6_B3_N21_B,800,1517,-811,False,1647.49,36.6,13,2718,175.8871803351937,126.7281480375816,175.8871803351937
T6_B3_N21_B_s800_n5,T6_B3_N21_B,800,1267,-988,False,1636.53,36.6,13,2446,157.17567984532369,82.29382903019831,157.17567984532369
T6_B3_N21_B_s800_n6,T6_B3_N21_B,800,677,274,True,304.31,353.3,5,977,17.863847859016378,52.57620920585625,17.863847859016378
T6_B3_N21_B_s800_n7,T6_B3_N21_B,800,-578,631,False,1004.91,54.8,8,821,1352.0686490847943,107.4793320120598,1352.0686490847943
T6_B3_N21_C_s1000_n0,T6_B3_N21_C,1000,-84,-46,False,799.48,82.2,12,2302,1489.8838432427533,201.44768404548228,1489.8838432427533
T6_B3_N21_C_s1000_n1,T6_B3_N21_C,1000,1623,1309,False,1384.06,51.8,15,3859,151.09362845299194,105.85297221286405,151.09362845299214
T6_B3_N21_C_s1000_n2,T6_B3_N21_C,1000,1439,-121,False,1125.77,62.6,15,3030,1823.8167091965456,148.70310632337794,1823.8167091965456
T6_B3_N21_C_s1000_n3,T6_B3_N21_C,1000,848,-975,False,1515.5,48.5,13,3720,215.435800399142,334.52104295077726,215.435800399142
T6_B3_N21_C_s1000_n4,T6_B3_N21_C,1000,687,942,True,479.93,280.2,7,2042,21.49921739783888,49.140134412162055,21.49921739783888
T6_B3_N21_C_s1000_n5,T6_B3_N21_C,1000,-722,-1016,False,1947.19,26.7,10,1044,176.45634092551697,139.53868261081087,176.45634092551697
T6_B3_N21_C_s1000_n6,T6_B3_N21_C,1000,-378,1554,False,1371.79,53.0,15,3222,171.27205461048877,189.10125214413733,171.27205461048877
T6_B3_N21_C_s1000_n7,T6_B3_N21_C,1000,170,505,True,330.04,355.4,6,2314,3.982771931372472,42.606183474196335,3.982771931372472
T6_B3_N21_C_s1200_n0,T6_B3_N21_C,1200,-71,-1070,False,1799.76,47.2,12,2768,249.10981784011835,236.9667063556345,249.10981784011835
T6_B3_N21_C_s1200_n1,T6_B3_N21_C,1200,135,-194,False,920.14,110.9,18,3694,45.10118992152324,56.97044978341834,56.97044978341834
T6_B3_N21_C_s1200_n2,T6_B3_N21_C,1200,505,191,True,419.89,354.3,8,3309,3.9827719309384806,26.675161444016965,3.982771930938447
T6_B3_N21_C_s1200_n3,T6_B3_N21_C,1200,109,286,True,582.82,354.7,10,3399,3.98277193112348,77.62240212511009,3.982771931123471
T6_B3_N21_C_s1200_n4,T6_B3_N21_C,1200,74,902,True,606.53,352.3,10,3016,17.5294439353264,51.513910877424415,17.5294439353264
T6_B3_N21_C_s1200_n5,T6_B3_N21_C,1200,-507,582,False,1107.15,93.5,16,4289,76.7327117409059,98.3761643010487,76.7327117409059
T6_B3_N21_C_s1200_n6,T6_B3_N21_C,1200,58,-472,False,1201.23,73.2,16,4456,117.95786026771532,97.41899012907876,117.95786026771532
T6_B3_N21_C_s1200_n7,T6_B3_N21_C,1200,301,663,True,305.57,358.0,7,3300,3.9827719313952894,49.049229537154645,3.9827719313952894
T6_B3_N21_C_s400_n1,T6_B3_N21_C,400,910,-949,False,1350.67,22.5,6,562,1628.86940150516,268.13606569937707,1628.86940150516
T6_B3_N21_C_s400_n2,T6_B3_N21_C,400,120,-778,False,981.27,25.8,3,329,82.5660966993607,226.682928044802,82.5660966993607
T6_B3_N21_C_s400_n3,T6_B3_N21_C,400,-264,327,False,481.07,56.5,2,291,48.34860908721622,40.37257806179235,48.34860908721622
T6_B3_N21_C_s400_n4,T6_B3_N21_C,400,757,-1113,False,1426.26,18.4,6,515,1718.2075764032286,588.0671293466595,1718.2075764032286
T6_B3_N21_C_s400_n5,T6_B3_N21_C,400,121,65,True,156.42,287.3,3,498,4.3572735819684025,8.437912477678978,4.3572735819684105
T6_B3_N21_C_s400_n6,T6_B3_N21_C,400,-453,1264,False,1248.4,22.4,5,240,1495.7161743863026,109.72876876014124,1495.7161743863026
T6_B3_N21_C_s400_n7,T6_B3_N21_C,400,713,-871,False,1187.52,22.9,4,319,1467.6118274300886,356.00961566019663,1467.6118274300886
T6_B3_N21_C_s600_n0,T6_B3_N21_C,600,589,-339,False,701.31,55.1,5,936,100.41628705119436,67.63430530037012,100.41628705119436
T6_B3_N21_C_s600_n1,T6_B3_N21_C,600,1695,-638,False,1681.03,26.8,11,2417,400.4096548774486,440.1900640639728,400.4096548774485
T6_B3_N21_C_s600_n3,T6_B3_N21_C,600,-493,-900,False,1438.35,31.6,12,1363,217.7316055252121,219.87428341398885,217.7316055252121
T6_B3_N21_C_s600_n4,T6_B3_N21_C,600,420,50,True,277.31,253.7,4,863,4.494520168665821,26.524443134574245,4.494520168665789
T6_B3_N21_C_s600_n5,T6_B3_N21_C,600,-437,464,False,755.03,55.7,4,661,126.983490793597,214.0155448837324,126.983490793597
T6_B3_N21_C_s600_n6,T6_B3_N21_C,600,614,-76,False,489.87,81.2,5,795,892.1259520189093,60.85108510752036,892.1259520189093
T6_B3_N21_C_s600_n7,T6_B3_N21_C,600,60,-399,False,739.05,55.6,6,776,1132.6190388127627,163.26005689906762,1132.6190388127627
T6_B3_N21_C_s800_n0,T6_B3_N21_C,800,82,-751,False,1194.12,46.2,15,1764,1693.031721852599,200.2161185117737,1693.031721852599
T6_B3_N21_C_s800_n1,T6_B3_N21_C,800,451,-766,False,1167.11,53.0,9,1530,1567.55904245661,279.0318432152224,1567.55904245661
T6_B3_N21_C_s800_n2,T6_B3_N21_C,800,264,1309,False,919.12,66.5,6,1167,47.42966733688031,54.98842514082659,47.42966733688031
T6_B3_N21_C_s800_n3,T6_B3_N21_C,800,244,-723,False,1133.78,52.7,10,1595,212.0859551722416,140.1810994553903,212.08595517224157
T6_B3_N21_C_s800_n4,T6_B3_N21_C,800,169,1857,False,1475.2,37.8,13,1885,92.94724076228462,76.69846376285352,92.94724076228476
T6_B3_N21_C_s800_n6,T6_B3_N21_C,800,-730,-617,False,1520.26,40.1,12,2214,406.8751630570548,488.7898076104603,406.8751630570549
T6_B3_N21_C_s800_n7,T6_B3_N21_C,800,542,426,True,144.36,358.5,4,1555,3.982771931308876,34.89009050878217,3.982771931308921
T6_B3_N21_D_s1000_n0,T6_B3_N21_D,1000,-37,657,False,559.48,168.1,7,2023,13.233603647249264,63.009561001828914,13.233603647249264
T6_B3_N21_D_s1000_n1,T6_B3_N21_D,1000,919,1559,False,1138.88,59.0,10,1918,1777.167402794898,279.8349501917366,279.8349501917366
T6_B3_N21_D_s1000_n2,T6_B3_N21_D,1000,-72,44,False,731.52,101.8,10,2169,1401.0862674564917,63.67632974963605,1401.0862674564914
T6_B3_N21_D_s1000_n3,T6_B3_N21_D,1000,-878,-731,False,1847.77,32.6,10,2043,1158.2403914754434,482.9427664329051,482.9427664329051
T6_B3_N21_D_s1000_n4,T6_B3_N21_D,1000,589,136,True,374.72,315.9,6,2552,7.456448534169162,24.18766914524004,7.456448534169162
T6_B3_N21_D_s1000_n5,T6_B3_N21_D,1000,724,-36,False,580.92,167.5,7,2120,8.111987661714961,200.88166846204328,8.111987661714961
T6_B3_N21_D_s1000_n6,T6_B3_N21_D,1000,381,325,True,211.63,358.7,6,2670,9.087230462432686,33.06962096378763,9.087230462432686
T6_B3_N21_D_s1000_n7,T6_B3_N21_D,1000,1332,2093,False,1797.18,39.7,11,3043,331.6582106777267,441.2257452784658,331.6582106777267
T6_B3_N21_D_s1200_n0,T6_B3_N21_D,1200,1047,242,True,572.69,356.7,6,2398,9.087230462629954,231.82876410874053,9.087230462629964
T6_B3_N21_D_s1200_n1,T6_B3_N21_D,1200,674,-949,False,1550.77,58.7,12,3221,1164.0180689918814,233.34143032182905,233.34143032182908
T6_B3_N21_D_s1200_n2,T6_B3_N21_D,1200,861,177,True,497.04,356.9,7,2870,3.960776378013125,91.66559138151248,3.960776378013125
T6_B3_N21_D_s1200_n3,T6_B3_N21_D,1200,1352,-850,False,1633.4,50.2,12,2258,699.9413391507477,700.468083959854,699.9413391507477
T6_B3_N21_D_s1200_n4,T6_B3_N21_D,1200,177,-279,False,975.48,99.2,15,4125,65.97711858217511,231.3347792657498,65.97711858217511
T6_B3_N21_D_s1200_n5,T6_B3_N21_D,1200,-271,-743,False,1600.72,53.4,12,4014,17.090597021357382,343.33002286803946,17.090597021357382
T6_B3_N21_D_s1200_n6,T6_B3_N21_D,1200,603,-959,False,1559.0,61.6,12,3326,1144.104805335269,365.9707907080823,365.9707907080823
T6_B3_N21_D_s1200_n7,T6_B3_N21_D,1200,868,-951,False,1573.98,53.6,12,3090,1157.79154149953,365.9726475081573,365.9726475081573
T6_B3_N21_D_s400_n0,T6_B3_N21_D,400,699,427,False,548.21,46.9,2,254,392.80084763003913,431.3581294031033,392.80084763003913
T6_B3_N21_D_s400_n1,T6_B3_N21_D,400,-219,151,False,421.86,69.9,3,397,93.03821980486224,46.246524812319954,93.03821980486224
T6_B3_N21_D_s400_n2,T6_B3_N21_D,400,-606,1497,False,1527.04,19.0,9,715,1775.7597220090236,481.8105417374058,1775.7597220090236
T6_B3_N21_D_s400_n3,T6_B3_N21_D,400,219,-199,False,399.45,80.8,3,492,24.57019367209426,62.98807019993247,24.570193672094284
T6_B3_N21_D_s400_n4,T6_B3_N21_D,400,290,-1159,False,1361.98,18.5,7,547,864.1514874131741,923.2228166271924,864.1514874131741
T6_B3_N21_D_s400_n5,T6_B3_N21_D,400,-465,195,False,665.02,40.5,2,238,317.2113865370288,237.98211231206503,317.2113865370288
T6_B3_N21_D_s400_n6,T6_B3_N21_D,400,1030,1336,False,1406.91,19.9,3,187,1274.039591598194,825.4923361586951,1274.039591598194
T6_B3_N21_D_s400_n7,T6_B3_N21_D,400,-375,1245,False,1192.75,23.8,4,304,952.9151279018188,256.9590246273484,952.9151279018188
T6_B3_N21_D_s600_n0,T6_B3_N21_D,600,246,632,False,336.36,158.1,4,1023,18.703855153468908,34.74111425705782,18.703855153468908
T6_B3_N21_D_s600_n2,T6_B3_N21_D,600,-372,-401,False,971.07,44.7,5,749,10.077099242903907,179.91054044061426,179.91054044061426
T6_B3_N21_D_s600_n3,T6_B3_N21_D,600,98,-222,False,559.72,85.3,5,930,64.68372454095623,12.07277210780197,64.68372454095623
T6_B3_N21_D_s600_n4,T6_B3_N21_D,600,-514,-15,False,872.82,44.0,5,652,105.22901545396051,98.14987731942928,105.22901545396051
T6_B3_N21_D_s600_n5,T6_B3_N21_D,600,573,-342,False,697.63,57.2,4,741,29.314578256207074,476.4530811189782,29.314578256207074
T6_B3_N21_D_s600_n7,T6_B3_N21_D,600,-155,-123,False,621.25,66.8,6,881,1023.7730797066338,42.96373510768357,1023.7730797066338
T6_B3_N21_D_s800_n1,T6_B3_N21_D,800,175,-55,False,507.59,150.2,7,1702,11.10300476485821,12.292444295240289,12.292444295240289
T6_B3_N21_D_s800_n2,T6_B3_N21_D,800,627,-111,False,559.15,120.2,6,1503,10.327942865773563,119.9031048601247,10.327942865773563
T6_B3_N21_D_s800_n3,T6_B3_N21_D,800,-735,1768,False,1777.54,31.2,10,1759,1274.5246643342505,335.2538761292504,1274.5246643342505
T6_B3_N21_D_s800_n4,T6_B3_N21_D,800,-84,749,False,596.71,101.3,6,1231,29.395760226057167,82.03215648205597,29.395760226057167
T6_B3_N21_D_s800_n5,T6_B3_N21_D,800,585,1415,False,1031.72,56.3,5,896,354.76634258150744,174.9430040775023,354.76634258150744
T6_B3_N21_D_s800_n6,T6_B3_N21_D,800,-740,346,False,1141.28,51.7,10,1778,152.99697831441787,328.4193566902659,152.99697831441787
T6_B3_N21_D_s800_n7,T6_B3_N21_D,800,-255,689,False,715.92,81.1,7,1080,1262.2686000349008,177.15153058849626,1262.2686000349008
