样本名称,样本编号,真实髓心X,真实髓心Y,H4最优髓心X,H4最优髓心Y,H4最优误差
T0_B1_N27_A_s1000_n0,T0_B1_N27_A,-1064,1088,-466.4165564,859.4597752,639.7941906
T0_B1_N27_A_s1000_n1,T0_B1_N27_A,909,330,910.1247762,331.5780478,1.9378742
T0_B1_N27_A_s1000_n2,T0_B1_N27_A,799,1590,708.3060019,1328.524682,276.7575527
T0_B1_N27_A_s1000_n3,T0_B1_N27_A,310,-9,310.6751388,-5.912396385,3.160555091
T0_B1_N27_A_s1000_n4,T0_B1_N27_A,1311,63,1166.846286,103.2947802,149.6795327
T0_B1_N27_A_s1000_n5,T0_B1_N27_A,-1043,1997,-766.1606141,1918.30616,287.8068208
T0_B1_N27_A_s1000_n6,T0_B1_N27_A,-250,765,-161.8997382,723.2590215,97.48828348
T0_B1_N27_A_s1000_n7,T0_B1_N27_A,-514,-1177,-567.5717211,-1381.713659,211.6072105
T0_B1_N27_A_s1200_n0,T0_B1_N27_A,925,331,926.1247762,332.5780478,1.9378742
T0_B1_N27_A_s1200_n1,T0_B1_N27_A,1810,1402,1914.986106,1342.711558,120.570319
T0_B1_N27_A_s1200_n2,T0_B1_N27_A,-696,462,-647.5193263,344.720649,126.9047749
T0_B1_N27_A_s1200_n3,T0_B1_N27_A,952,1984,906.9296464,1907.10743,89.12802089
T0_B1_N27_A_s1200_n4,T0_B1_N27_A,904,-158,892.8110289,-95.96299725,63.03794718
T0_B1_N27_A_s1200_n5,T0_B1_N27_A,1762,1479,1898.083383,1412.867257,151.3017738
T0_B1_N27_A_s1200_n6,T0_B1_N27_A,389,-413,374.8051177,-612.0299773,199.535527
T0_B1_N27_A_s1200_n7,T0_B1_N27_A,-348,77,-265.2752427,32.82367631,93.78130438
T0_B1_N27_A_s400_n0,T0_B1_N27_A,-295,257,-266.880649,245.1380537,30.51890675
T0_B1_N27_A_s400_n1,T0_B1_N27_A,354,832,413.7881557,857.9896677,65.19268665
T0_B1_N27_A_s400_n2,T0_B1_N27_A,259,-367,270.206735,-261.0056247,106.5851702
T0_B1_N27_A_s400_n3,T0_B1_N27_A,295,238,296.1247762,239.5780478,1.9378742
T0_B1_N27_A_s400_n4,T0_B1_N27_A,944,267,868.4536396,219.100233,89.45188792
T0_B1_N27_A_s400_n5,T0_B1_N27_A,-86,1981,211.0245567,447.7125464,1561.79192
T0_B1_N27_A_s400_n6,T0_B1_N27_A,998,-225,910.3240914,-135.569108,125.239568
T0_B1_N27_A_s400_n7,T0_B1_N27_A,387,1702,250.2754965,1224.340167,496.8425364
T0_B1_N27_A_s600_n0,T0_B1_N27_A,1023,41,1104.942859,6.057314242,89.08211664
T0_B1_N27_A_s600_n1,T0_B1_N27_A,-24,-954,44.24795002,-858.6416577,117.2646414
T0_B1_N27_A_s600_n2,T0_B1_N27_A,423,-183,446.2221274,-187.6403784,23.68122277
T0_B1_N27_A_s600_n3,T0_B1_N27_A,-424,-200,-345.3489175,-245.4276713,90.82767254
T0_B1_N27_A_s600_n4,T0_B1_N27_A,843,-1295,659.610386,-613.3056657,705.9312402
T0_B1_N27_A_s600_n5,T0_B1_N27_A,100,387,101.1247762,388.5780478,1.9378742
T0_B1_N27_A_s600_n6,T0_B1_N27_A,-203,-475,-152.2238384,-544.4716877,86.04960187
T0_B1_N27_A_s600_n7,T0_B1_N27_A,-793,1367,-320.9294772,1024.420437,583.2763799
T0_B1_N27_A_s800_n0,T0_B1_N27_A,20,-1149,56.77682788,-1173.858688,44.39019513
T0_B1_N27_A_s800_n1,T0_B1_N27_A,322,211,323.1247762,212.5780478,1.9378742
T0_B1_N27_A_s800_n2,T0_B1_N27_A,692,117,693.1247762,118.5780478,1.9378742
T0_B1_N27_A_s800_n3,T0_B1_N27_A,920,1547,755.8615341,1173.831757,407.6714042
T0_B1_N27_A_s800_n4,T0_B1_N27_A,978,219,1008.294998,194.0515173,39.24555621
T0_B1_N27_A_s800_n5,T0_B1_N27_A,-348,-68,-312.2606863,-138.2701389,78.8364824
T0_B1_N27_A_s800_n6,T0_B1_N27_A,-367,-206,-280.6999768,-269.5206508,107.1567407
T0_B1_N27_A_s800_n7,T0_B1_N27_A,320,-327,334.6916819,-381.8985506,56.83041764
T0_B1_N27_ADAP_s1000_n0,T0_B1_N27_ADAP,620,501,611.6371621,505.3902192,9.445161853
T0_B1_N27_ADAP_s1000_n1,T0_B1_N27_ADAP,1028,891,1013.955535,894.5008546,14.47421801
T0_B1_N27_ADAP_s1000_n2,T0_B1_N27_ADAP,1557,-660,1404.081711,-436.4634091,270.8368709
T0_B1_N27_ADAP_s1000_n3,T0_B1_N27_ADAP,98,1274,38.34821302,1332.398747,83.47903509
T0_B1_N27_ADAP_s1000_n4,T0_B1_N27_ADAP,1223,1246,1131.797896,1265.164186,93.19382937
T0_B1_N27_ADAP_s1000_n5,T0_B1_N27_ADAP,-119,-916,-33.99983057,-749.7090197,186.7557735
T0_B1_N27_ADAP_s1000_n6,T0_B1_N27_ADAP,190,632,181.6371621,636.3902192,9.445161853
T0_B1_N27_ADAP_s1000_n7,T0_B1_N27_ADAP,734,1656,648.7819289,1694.77501,93.62489534
T0_B1_N27_ADAP_s1200_n0,T0_B1_N27_ADAP,1383,185,1395.566898,184.0633195,12.60175796
T0_B1_N27_ADAP_s1200_n1,T0_B1_N27_ADAP,-491,707,-425.634012,797.881146,111.9468404
T0_B1_N27_ADAP_s1200_n2,T0_B1_N27_ADAP,-81,1574,-135.6119633,1622.058302,72.74659397
T0_B1_N27_ADAP_s1200_n3,T0_B1_N27_ADAP,-540,752,-539.8925959,857.8265354,105.8265899
T0_B1_N27_ADAP_s1200_n4,T0_B1_N27_ADAP,102,571,93.6371621,575.3902192,9.445161853
T0_B1_N27_ADAP_s1200_n5,T0_B1_N27_ADAP,592,61,583.609666,65.18847431,9.377687467
T0_B1_N27_ADAP_s1200_n6,T0_B1_N27_ADAP,391,198,382.6371621,206.6505989,12.03203721
T0_B1_N27_ADAP_s1200_n7,T0_B1_N27_ADAP,-540,-281,-381.0004425,-84.00200294,253.1581919
T0_B1_N27_ADAP_s400_n0,T0_B1_N27_ADAP,100,-253,88.87019465,-115.2696582,138.1793024
T0_B1_N27_ADAP_s400_n1,T0_B1_N27_ADAP,309,-51,301.925317,-42.41491374,11.12451553
T0_B1_N27_ADAP_s400_n2,T0_B1_N27_ADAP,112,-596,98.70133589,-587.3800915,15.84794275
T0_B1_N27_ADAP_s400_n3,T0_B1_N27_ADAP,-1189,158,-605.1118408,260.482789,592.8137182
T0_B1_N27_ADAP_s400_n4,T0_B1_N27_ADAP,455,741,396.8901889,696.4874573,73.19915714
T0_B1_N27_ADAP_s400_n5,T0_B1_N27_ADAP,-761,-986,-349.168022,-495.8307627,640.2120425
T0_B1_N27_ADAP_s400_n6,T0_B1_N27_ADAP,260,-430,243.7235383,-316.7773194,114.386619
T0_B1_N27_ADAP_s400_n7,T0_B1_N27_ADAP,-126,-172,-221.3924449,-214.187023,104.3046665
T0_B1_N27_ADAP_s600_n1,T0_B1_N27_ADAP,655,105,643.1828437,108.0272126,12.19873762
T0_B1_N27_ADAP_s600_n2,T0_B1_N27_ADAP,-216,-14,-148.0799879,68.45926911,106.8300478
T0_B1_N27_ADAP_s600_n3,T0_B1_N27_ADAP,779,-1149,738.004064,-1024.804941,130.7863888
T0_B1_N27_ADAP_s600_n4,T0_B1_N27_ADAP,-56,1465,-5.379036953,1355.776287,120.3839746
T0_B1_N27_ADAP_s600_n5,T0_B1_N27_ADAP,-114,594,-151.908013,621.2192575,46.66803437
T0_B1_N27_ADAP_s600_n7,T0_B1_N27_ADAP,659,-688,560.2499068,-480.675803,229.6408143
T0_B1_N27_ADAP_s800_n0,T0_B1_N27_ADAP,652,1707,529.0342169,1666.926626,129.3308126
T0_B1_N27_ADAP_s800_n1,T0_B1_N27_ADAP,-17,-30,-23.65569469,-22.66033256,9.908026543
T0_B1_N27_ADAP_s800_n2,T0_B1_N27_ADAP,248,390,239.6371621,394.3902192,9.445161854
T0_B1_N27_ADAP_s800_n3,T0_B1_N27_ADAP,-435,-141,-264.466334,27.13175718,239.47864
T0_B1_N27_ADAP_s800_n4,T0_B1_N27_ADAP,891,1664,740.196215,1536.467129,197.5004171
T0_B1_N27_ADAP_s800_n5,T0_B1_N27_ADAP,135,-738,194.9885122,-722.6458075,61.92231283
T0_B1_N27_ADAP_s800_n6,T0_B1_N27_ADAP,-705,574,-781.0475505,713.0099565,158.451879
T0_B1_N27_ADAP_s800_n7,T0_B1_N27_ADAP,72,470,63.75167226,474.3750583,9.336811342
T0_B1_N27_B_s1000_n0,T0_B1_N27_B,-445,978,-226.5469832,851.1189219,252.6272521
T0_B1_N27_B_s1000_n1,T0_B1_N27_B,-38,1869,39.46055335,1468.747467,407.6790742
T0_B1_N27_B_s1000_n2,T0_B1_N27_B,387,190,409.2843311,217.8972274,35.70499561
T0_B1_N27_B_s1000_n3,T0_B1_N27_B,-633,-284,-533.3732442,-279.1076841,99.74680557
T0_B1_N27_B_s1000_n4,T0_B1_N27_B,766,-832,719.8398494,-1042.139374,215.1495205
T0_B1_N27_B_s1000_n5,T0_B1_N27_B,-229,562,-154.4883375,593.5731236,80.92496514
T0_B1_N27_B_s1000_n6,T0_B1_N27_B,694,-495,650.6123239,-303.0811641,196.7621152
T0_B1_N27_B_s1000_n7,T0_B1_N27_B,776,234,798.8133497,236.3011277,22.92911056
T0_B1_N27_B_s1200_n0,T0_B1_N27_B,526,-19,547.152154,3.843486481,31.13259533
T0_B1_N27_B_s1200_n1,T0_B1_N27_B,607,-611,574.3934316,-711.1082835,105.2846462
T0_B1_N27_B_s1200_n2,T0_B1_N27_B,1775,667,1736.592356,607.0101744,71.23149789
T0_B1_N27_B_s1200_n3,T0_B1_N27_B,1785,296,1892.134577,241.6203232,120.1456064
T0_B1_N27_B_s1200_n4,T0_B1_N27_B,-114,-13,16.24172836,55.9396871,147.3620991
T0_B1_N27_B_s1200_n5,T0_B1_N27_B,1589,1042,1361.208012,929.612375,254.0082046
T0_B1_N27_B_s1200_n6,T0_B1_N27_B,1681,1429,1591.283414,1420.7221,90.09766582
T0_B1_N27_B_s1200_n7,T0_B1_N27_B,1750,466,1974.866145,386.2891644,238.5761939
T0_B1_N27_B_s400_n0,T0_B1_N27_B,-259,1870,-54.78482481,969.9305477,922.9457496
T0_B1_N27_B_s400_n1,T0_B1_N27_B,-541,1680,-313.6506882,1071.687286,649.4090139
T0_B1_N27_B_s400_n2,T0_B1_N27_B,1981,-100,330.9004889,203.8618333,1677.843977
T0_B1_N27_B_s400_n3,T0_B1_N27_B,559,-1622,344.0605806,-473.7733451,1168.170966
T0_B1_N27_B_s400_n4,T0_B1_N27_B,309,1288,236.5078566,791.9228795,501.3458092
T0_B1_N27_B_s400_n5,T0_B1_N27_B,862,-478,423.3581515,-70.71270485,598.5729797
T0_B1_N27_B_s400_n6,T0_B1_N27_B,1683,-194,914.1203562,35.29104649,802.3405079
T0_B1_N27_B_s600_n0,T0_B1_N27_B,1415,-1237,1026.601994,-763.8335888,612.1596716
T0_B1_N27_B_s600_n1,T0_B1_N27_B,-503,-596,-338.1022989,-460.9803967,213.1233096
T0_B1_N27_B_s600_n2,T0_B1_N27_B,6,-523,95.47945752,-315.0998039,226.3383857
T0_B1_N27_B_s600_n3,T0_B1_N27_B,-1094,-1216,-230.144939,-288.1622988,1267.725667
T0_B1_N27_B_s600_n4,T0_B1_N27_B,-81,472,-42.75634467,509.6127383,53.64042555
T0_B1_N27_B_s600_n6,T0_B1_N27_B,349,-1449,298.4756238,-1219.01801,235.4664058
T0_B1_N27_B_s600_n7,T0_B1_N27_B,436,1353,382.6650358,1354.270324,53.35009021
T0_B1_N27_B_s800_n0,T0_B1_N27_B,541,66,558.9456926,89.99843547,29.96619409
T0_B1_N27_B_s800_n1,T0_B1_N27_B,503,-378,569.0987546,-116.035822,270.1745286
T0_B1_N27_B_s800_n2,T0_B1_N27_B,216,-616,239.1553317,-601.5886779,27.27371607
T0_B1_N27_B_s800_n3,T0_B1_N27_B,-569,-635,-352.7206317,-370.92143,341.3418467
T0_B1_N27_B_s800_n4,T0_B1_N27_B,381,1769,412.5850602,1447.721262,322.8275755
T0_B1_N27_B_s800_n5,T0_B1_N27_B,1419,1577,1408.786209,1459.538699,117.9045325
T0_B1_N27_B_s800_n6,T0_B1_N27_B,404,383,426.5417407,385.8679083,22.72344543
T0_B1_N27_B_s800_n7,T0_B1_N27_B,-406,-726,-141.5749102,-494.7793757,351.2600251
T0_B1_N27_C_s1000_n0,T0_B1_N27_C,868,-335,848.108241,-291.6467047,47.69895479
T0_B1_N27_C_s1000_n1,T0_B1_N27_C,-95,-931,-94.94792009,-717.558095,213.4419113
T0_B1_N27_C_s1000_n2,T0_B1_N27_C,-614,631,-550.7350064,614.4205693,65.40135273
T0_B1_N27_C_s1000_n3,T0_B1_N27_C,819,-691,775.945684,-481.3936143,213.9825017
T0_B1_N27_C_s1000_n4,T0_B1_N27_C,-492,740,-422.466007,724.0680884,71.33583945
T0_B1_N27_C_s1000_n5,T0_B1_N27_C,-1,-457,19.29629843,-250.4461635,207.5486139
T0_B1_N27_C_s1000_n6,T0_B1_N27_C,-140,802,21.807957,744.8228693,171.6130509
T0_B1_N27_C_s1000_n7,T0_B1_N27_C,1735,1122,1808.778922,1038.099422,111.7257191
T0_B1_N27_C_s1200_n0,T0_B1_N27_C,524,-963,480.9038528,-909.2149729,68.9210203
T0_B1_N27_C_s1200_n1,T0_B1_N27_C,-356,1487,-228.5133028,1450.433222,132.627249
T0_B1_N27_C_s1200_n2,T0_B1_N27_C,-10,-498,-21.35311919,-342.1916973,156.221383
T0_B1_N27_C_s1200_n3,T0_B1_N27_C,-214,145,-318.3769568,153.0270888,104.6851626
T0_B1_N27_C_s1200_n4,T0_B1_N27_C,1374,790,1326.026044,786.7083682,48.08674732
T0_B1_N27_C_s1200_n5,T0_B1_N27_C,686,654,668.3284431,665.8402939,21.27149463
T0_B1_N27_C_s1200_n6,T0_B1_N27_C,-414,904,-313.3063524,874.7271832,104.8623311
T0_B1_N27_C_s1200_n7,T0_B1_N27_C,874,-629,839.872693,-515.1906369,118.8160099
T0_B1_N27_C_s400_n0,T0_B1_N27_C,-951,502,-469.8747008,322.6846961,513.454508
T0_B1_N27_C_s400_n1,T0_B1_N27_C,-23,-349,7.506462104,-198.9197014,153.149405
T0_B1_N27_C_s400_n2,T0_B1_N27_C,-517,1110,238.6037748,140.4847291,1229.185472
T0_B1_N27_C_s400_n3,T0_B1_N27_C,-202,-34,-130.7792251,25.71176446,92.94026891
T0_B1_N27_C_s400_n4,T0_B1_N27_C,-697,-656,-392.5808499,-233.5264445,520.7253825
T0_B1_N27_C_s400_n5,T0_B1_N27_C,-148,-150,80.59264565,109.4303716,345.7726354
T0_B1_N27_C_s400_n6,T0_B1_N27_C,-64,-258,80.12138241,55.77826969,345.2937523
T0_B1_N27_C_s400_n7,T0_B1_N27_C,-14,102,11.5450653,151.3407712,55.56133604
T0_B1_N27_C_s600_n0,T0_B1_N27_C,822,-1268,702.1738164,-981.9215542,310.1599449
T0_B1_N27_C_s600_n1,T0_B1_N27_C,415,335,392.7896671,356.461547,30.88522112
T0_B1_N27_C_s600_n2,T0_B1_N27_C,-476,-136,-176.9281384,37.98062414,345.9960057
T0_B1_N27_C_s600_n3,T0_B1_N27_C,306,-11,294.5799276,6.68091951,21.04834835
T0_B1_N27_C_s600_n4,T0_B1_N27_C,-336,1377,-177.2927146,1071.832489,343.9697836
T0_B1_N27_C_s600_n5,T0_B1_N27_C,1556,-963,1157.175301,-516.8014799,598.4599067
T0_B1_N27_C_s600_n6,T0_B1_N27_C,434,721,430.5640339,618.5243663,102.5332208
T0_B1_N27_C_s600_n7,T0_B1_N27_C,-380,-467,-182.9027872,-130.5467232,389.93348
T0_B1_N27_C_s800_n0,T0_B1_N27_C,-203,688,-38.15761562,633.352193,173.6646035
T0_B1_N27_C_s800_n1,T0_B1_N27_C,1694,-786,1615.64909,-686.8716132,126.3538766
T0_B1_N27_C_s800_n2,T0_B1_N27_C,-570,573,-508.5583785,537.3860531,71.01708292
T0_B1_N27_C_s800_n3,T0_B1_N27_C,600,592,562.1611533,593.6585237,37.87517683
T0_B1_N27_C_s800_n4,T0_B1_N27_C,-305,-454,-218.7992228,-180.1934313,287.0550662
T0_B1_N27_C_s800_n5,T0_B1_N27_C,-439,-411,-365.3489865,-144.3886035,276.5973762
T0_B1_N27_C_s800_n6,T0_B1_N27_C,628,-468,613.2465895,-449.0561346,24.01110488
T0_B1_N27_C_s800_n7,T0_B1_N27_C,1615,1384,1452.219519,1097.717474,329.3253248
T0_B1_N27_D_s1000_n0,T0_B1_N27_D,979,-805,929.274174,-749.3385582,74.6381529
T0_B1_N27_D_s1000_n1,T0_B1_N27_D,615,447,614.8936902,450.4365804,3.438224298
T0_B1_N27_D_s1000_n2,T0_B1_N27_D,118,765,117.8936902,768.4365804,3.438224298
T0_B1_N27_D_s1000_n3,T0_B1_N27_D,453,970,452.8489385,973.4446361,3.447946797
T0_B1_N27_D_s1000_n4,T0_B1_N27_D,489,1105,488.1895849,1123.514905,18.53263316
T0_B1_N27_D_s1000_n5,T0_B1_N27_D,364,717,363.8936902,720.4365804,3.438224298
T0_B1_N27_D_s1000_n6,T0_B1_N27_D,1049,998,1029.348903,1001.549484,19.96908744
T0_B1_N27_D_s1000_n7,T0_B1_N27_D,-226,323,-180.0550476,300.9247646,50.97307786
T0_B1_N27_D_s1200_n0,T0_B1_N27_D,1446,463,1384.354449,471.834346,62.27535367
T0_B1_N27_D_s1200_n1,T0_B1_N27_D,1500,1541,1050.164136,1051.700423,664.6550835
T0_B1_N27_D_s1200_n2,T0_B1_N27_D,1337,139,1283.958273,152.6868759,54.77915057
T0_B1_N27_D_s1200_n3,T0_B1_N27_D,-125,-128,-83.66025817,-75.57457054,66.76376194
T0_B1_N27_D_s1200_n4,T0_B1_N27_D,1040,-433,1010.678725,-369.9955691,69.49313263
T0_B1_N27_D_s1200_n5,T0_B1_N27_D,243,301,246.5762678,304.4419545,4.963541329
T0_B1_N27_D_s1200_n6,T0_B1_N27_D,54,476,53.89369023,479.4365804,3.438224298
T0_B1_N27_D_s1200_n7,T0_B1_N27_D,-490,-906,-304.1360443,-567.7191151,385.9784542
T0_B1_N27_D_s400_n0,T0_B1_N27_D,-162,-1340,-76.86505213,-1189.380441,173.0150595
T0_B1_N27_D_s400_n1,T0_B1_N27_D,722,-974,284.4437052,29.2526079,1094.518756
T0_B1_N27_D_s400_n2,T0_B1_N27_D,-511,-1147,-322.8612337,-793.1028079,400.7984755
T0_B1_N27_D_s400_n3,T0_B1_N27_D,-179,148,-177.8718702,151.903732,4.063471512
T0_B1_N27_D_s400_n4,T0_B1_N27_D,1106,-641,672.9322373,-147.8698573,656.2964457
T0_B1_N27_D_s400_n5,T0_B1_N27_D,-951,483,-447.4231773,326.2359454,527.4131068
T0_B1_N27_D_s400_n6,T0_B1_N27_D,887,1575,505.1214357,1285.392948,479.2739117
T0_B1_N27_D_s400_n7,T0_B1_N27_D,-160,-1172,-70.67142924,-927.3488814,260.449157
T0_B1_N27_D_s600_n0,T0_B1_N27_D,635,-216,589.964336,-144.5979275,84.41840435
T0_B1_N27_D_s600_n1,T0_B1_N27_D,-388,-566,-190.3890873,-284.2632352,344.1303205
T0_B1_N27_D_s600_n2,T0_B1_N27_D,563,104,562.8510496,107.5639677,3.567078872
T0_B1_N27_D_s600_n3,T0_B1_N27_D,1064,241,1007.046822,264.6602065,61.67227769
T0_B1_N27_D_s600_n4,T0_B1_N27_D,1125,717,981.9594825,619.9162898,172.8752048
T0_B1_N27_D_s600_n5,T0_B1_N27_D,-341,-333,-228.6452042,-256.4250884,135.9680743
T0_B1_N27_D_s600_n6,T0_B1_N27_D,482,1601,262.8810952,1131.653291,517.9762812
T0_B1_N27_D_s600_n7,T0_B1_N27_D,323,1074,282.2908774,1100.623495,48.64198946
T0_B1_N27_D_s800_n0,T0_B1_N27_D,-187,117,-165.3124268,108.198493,23.40549841
T0_B1_N27_D_s800_n1,T0_B1_N27_D,1359,-923,1069.632555,-540.1779894,479.8814542
T0_B1_N27_D_s800_n2,T0_B1_N27_D,-727,-340,-537.6119698,-137.7475052,277.0810308
T0_B1_N27_D_s800_n3,T0_B1_N27_D,-359,66,-328.670552,47.58623671,35.48157403
T0_B1_N27_D_s800_n4,T0_B1_N27_D,364,1668,170.1439147,1985.592806,372.0824804
T0_B1_N27_D_s800_n5,T0_B1_N27_D,-68,-94,-79.77182995,-129.2341128,37.14860277
T0_B1_N27_D_s800_n6,T0_B1_N27_D,53,727,52.89369023,730.4365804,3.438224298
T0_B1_N27_D_s800_n7,T0_B1_N27_D,6,747,6.20997821,750.3419303,3.348520399
T0_B1_N32_A_s1000_n0,T0_B1_N32_A,-139,545,-109.7643454,505.3263549,49.28206181
T0_B1_N32_A_s1000_n1,T0_B1_N32_A,-91,1066,-46.18423951,1024.626627,60.99351083
T0_B1_N32_A_s1000_n2,T0_B1_N32_A,-471,109,-352.6554711,119.7815223,118.8346278
T0_B1_N32_A_s1000_n3,T0_B1_N32_A,867,363,862.3253515,363.785554,4.740193382
T0_B1_N32_A_s1000_n4,T0_B1_N32_A,-373,208,-265.3614841,174.989024,112.5867427
T0_B1_N32_A_s1000_n5,T0_B1_N32_A,1232,-361,1196.587492,-365.5296633,35.70103021
T0_B1_N32_A_s1000_n6,T0_B1_N32_A,-477,909,-437.9083048,874.164074,52.36126788
T0_B1_N32_A_s1000_n7,T0_B1_N32_A,481,742,481.0385981,742.785554,0.786501641
T0_B1_N32_A_s1200_n0,T0_B1_N32_A,-98,1049,-64.91542099,1028.605578,38.86543239
T0_B1_N32_A_s1200_n1,T0_B1_N32_A,192,123,192.0385981,123.785554,0.786501641
T0_B1_N32_A_s1200_n2,T0_B1_N32_A,733,1004,759.2559963,940.4656426,68.74585016
T0_B1_N32_A_s1200_n3,T0_B1_N32_A,1285,171,1278.965542,138.364281,33.1889264
T0_B1_N32_A_s1200_n4,T0_B1_N32_A,643,1305,647.3519328,1199.073998,106.0153636
T0_B1_N32_A_s1200_n5,T0_B1_N32_A,806,455,806.0385981,455.785554,0.786501641
T0_B1_N32_A_s1200_n6,T0_B1_N32_A,1170,612,1170.038598,612.785554,0.786501641
T0_B1_N32_A_s1200_n7,T0_B1_N32_A,371,362,400.6492461,335.6415315,39.67173627
T0_B1_N32_A_s400_n0,T0_B1_N32_A,558,-280,506.4027852,-257.4187349,56.32216354
T0_B1_N32_A_s400_n1,T0_B1_N32_A,191,-202,219.656266,-334.1551055,135.2263047
T0_B1_N32_A_s400_n2,T0_B1_N32_A,733,-1035,368.7286349,22.09489456,1118.098047
T0_B1_N32_A_s400_n3,T0_B1_N32_A,33,-79,89.77837748,-79.90168147,56.7855367
T0_B1_N32_A_s400_n4,T0_B1_N32_A,-153,-117,-71.4828915,-91.40808182,85.43995116
T0_B1_N32_A_s400_n5,T0_B1_N32_A,19,-321,82.67789905,-393.8832494,96.78245129
T0_B1_N32_A_s400_n6,T0_B1_N32_A,329,-815,367.8420701,-487.1793778,330.1137179
T0_B1_N32_A_s400_n7,T0_B1_N32_A,-513,82,-88.05801044,20.81053625,429.3248711
T0_B1_N32_A_s600_n0,T0_B1_N32_A,-110,1253,269.3119782,448.4081943,889.5198427
T0_B1_N32_A_s600_n1,T0_B1_N32_A,-398,-205,-102.6221929,-49.24594746,333.9271983
T0_B1_N32_A_s600_n2,T0_B1_N32_A,545,-445,625.8831292,-501.1393658,98.45663501
T0_B1_N32_A_s600_n3,T0_B1_N32_A,534,1023,513.0324124,743.078449,280.7057436
T0_B1_N32_A_s600_n4,T0_B1_N32_A,-216,1413,28.38513615,1055.432227,433.1036905
T0_B1_N32_A_s600_n5,T0_B1_N32_A,-745,406,-502.6894055,355.8873254,247.4382839
T0_B1_N32_A_s600_n6,T0_B1_N32_A,577,263,577.0385981,263.785554,0.786501642
T0_B1_N32_A_s600_n7,T0_B1_N32_A,534,1225,496.3127908,881.0666201,345.9920455
T0_B1_N32_A_s800_n0,T0_B1_N32_A,716,-82,754.2106985,-198.4313962,122.5411257
T0_B1_N32_A_s800_n1,T0_B1_N32_A,10,220,10.42816894,220.8515559,0.953140118
T0_B1_N32_A_s800_n2,T0_B1_N32_A,-647,-331,-575.7726234,-314.9136054,73.02130692
T0_B1_N32_A_s800_n3,T0_B1_N32_A,487,-513,548.1222311,-507.8670853,61.33737811
T0_B1_N32_A_s800_n4,T0_B1_N32_A,-591,-110,-544.2991387,-186.041679,89.2373654
T0_B1_N32_A_s800_n5,T0_B1_N32_A,216,40,216.0385981,40.78555396,0.786501641
T0_B1_N32_A_s800_n6,T0_B1_N32_A,-47,240,-11.15308877,236.7950768,35.9898955
T0_B1_N32_A_s800_n7,T0_B1_N32_A,595,696,595.0385981,696.785554,0.786501641
T0_B1_N32_ADAP_s1000_n0,T0_B1_N32_ADAP,27,-142,77.18360128,-127.4009143,52.26401382
T0_B1_N32_ADAP_s1000_n1,T0_B1_N32_ADAP,518,45,515.3002891,44.78827517,2.708000477
T0_B1_N32_ADAP_s1000_n2,T0_B1_N32_ADAP,781,-156,739.9673756,-99.70114364,69.66518135
T0_B1_N32_ADAP_s1000_n3,T0_B1_N32_ADAP,596,520,596.4700905,516.7044237,3.328934985
T0_B1_N32_ADAP_s1000_n4,T0_B1_N32_ADAP,27,-156,106.7161857,-58.73115259,125.7612776
T0_B1_N32_ADAP_s1000_n5,T0_B1_N32_ADAP,932,613,930.0438795,595.4729111,17.63590802
T0_B1_N32_ADAP_s1000_n6,T0_B1_N32_ADAP,27,-156,106.7161857,-58.73115259,125.7612776
T0_B1_N32_ADAP_s1000_n7,T0_B1_N32_ADAP,27,448,29.35476557,447.8331686,2.360668039
T0_B1_N32_ADAP_s1200_n0,T0_B1_N32_ADAP,629,265,608.8336365,263.9807513,20.19210453
T0_B1_N32_ADAP_s1200_n1,T0_B1_N32_ADAP,792,119,784.3997731,116.5662666,7.980382624
T0_B1_N32_ADAP_s1200_n2,T0_B1_N32_ADAP,283,248,283.4700905,246.9807513,1.122431716
T0_B1_N32_ADAP_s1200_n3,T0_B1_N32_ADAP,227,44,228.3373066,38.04402015,6.104267753
T0_B1_N32_ADAP_s1200_n4,T0_B1_N32_ADAP,1022,406,1022.47009,389.4495419,16.55713285
T0_B1_N32_ADAP_s1200_n5,T0_B1_N32_ADAP,872,298,851.2976223,294.7044237,20.96304519
T0_B1_N32_ADAP_s1200_n6,T0_B1_N32_ADAP,497,771,492.5274946,767.7044237,5.555549231
T0_B1_N32_ADAP_s1200_n7,T0_B1_N32_ADAP,227,44,228.3373066,38.04402015,6.104267753
T0_B1_N32_ADAP_s400_n0,T0_B1_N32_ADAP,-407,-25,-374.2157039,1.993962252,42.46744716
T0_B1_N32_ADAP_s400_n1,T0_B1_N32_ADAP,-563,953,-241.4116909,573.1088029,497.7312148
T0_B1_N32_ADAP_s400_n2,T0_B1_N32_ADAP,475,230,483.1694364,180.1654861,50.49968778
T0_B1_N32_ADAP_s400_n3,T0_B1_N32_ADAP,321,-460,233.1387468,-268.7256204,210.4886888
T0_B1_N32_ADAP_s400_n4,T0_B1_N32_ADAP,19,293,112.0260638,256.7588849,99.83620069
T0_B1_N32_ADAP_s400_n5,T0_B1_N32_ADAP,-212,-333,-234.0597855,-427.0224672,96.57566192
T0_B1_N32_ADAP_s400_n6,T0_B1_N32_ADAP,915,-569,380.7176896,15.60772229,791.9746058
T0_B1_N32_ADAP_s400_n7,T0_B1_N32_ADAP,451,-128,374.0796866,-7.644600097,142.836119
T0_B1_N32_ADAP_s600_n0,T0_B1_N32_ADAP,74,-10,139.8481341,44.63493238,85.56256539
T0_B1_N32_ADAP_s600_n1,T0_B1_N32_ADAP,-294,880,-247.918235,741.9888896,145.5011878
T0_B1_N32_ADAP_s600_n2,T0_B1_N32_ADAP,191,-76,193.1061053,-55.55110155,20.55707001
T0_B1_N32_ADAP_s600_n3,T0_B1_N32_ADAP,226,-308,197.9092613,-247.1726109,67.00045419
T0_B1_N32_ADAP_s600_n4,T0_B1_N32_ADAP,592,527,477.3949272,441.9761951,142.7002807
T0_B1_N32_ADAP_s600_n5,T0_B1_N32_ADAP,429,-376,363.7109044,-333.474438,77.91719595
T0_B1_N32_ADAP_s600_n6,T0_B1_N32_ADAP,-357,699,-440.7448086,705.1258209,83.96855746
T0_B1_N32_ADAP_s600_n7,T0_B1_N32_ADAP,233,56,237.6292182,90.59670147,34.90503422
T0_B1_N32_ADAP_s800_n0,T0_B1_N32_ADAP,345,611,347.9584075,607.7044237,4.428656482
T0_B1_N32_ADAP_s800_n1,T0_B1_N32_ADAP,98,-356,56.34914287,-443.1330684,96.5762161
T0_B1_N32_ADAP_s800_n2,T0_B1_N32_ADAP,-173,-356,-265.6566517,-526.3274264,193.8986521
T0_B1_N32_ADAP_s800_n3,T0_B1_N32_ADAP,-80,108,-33.83465362,123.6559102,48.74778693
T0_B1_N32_ADAP_s800_n4,T0_B1_N32_ADAP,470,-356,431.5371263,-383.8817728,47.50564078
T0_B1_N32_ADAP_s800_n5,T0_B1_N32_ADAP,1018,-220,983.9018068,-207.568984,36.29348342
T0_B1_N32_ADAP_s800_n6,T0_B1_N32_ADAP,391,-76,359.440965,-93.98228472,36.32265485
T0_B1_N32_ADAP_s800_n7,T0_B1_N32_ADAP,-173,759,-213.9228556,737.4443354,46.25285704
T0_B1_N32_B_s1000_n0,T0_B1_N32_B,617,588,617.5430197,579.3001804,8.716750058
T0_B1_N32_B_s1000_n1,T0_B1_N32_B,83,246,80.60201544,232.3210472,13.88755123
T0_B1_N32_B_s1000_n2,T0_B1_N32_B,533,512,521.5495202,486.3020241,28.13360012
T0_B1_N32_B_s1000_n3,T0_B1_N32_B,168,845,210.7954125,808.4822627,56.25826582
T0_B1_N32_B_s1000_n4,T0_B1_N32_B,216,525,214.4479896,507.4189322,17.64943852
T0_B1_N32_B_s1000_n5,T0_B1_N32_B,833,692,831.4479896,691.2165658,1.738535422
T0_B1_N32_B_s1000_n6,T0_B1_N32_B,373,837,378.0799065,836.2165658,5.139962915
T0_B1_N32_B_s1000_n7,T0_B1_N32_B,17,334,10.08851311,309.8697427,25.10055715
T0_B1_N32_B_s1200_n0,T0_B1_N32_B,375,146,373.6094285,145.2165658,1.596075896
T0_B1_N32_B_s1200_n1,T0_B1_N32_B,955,875,953.761333,874.2165658,1.465627878
T0_B1_N32_B_s1200_n2,T0_B1_N32_B,200,52,204.6889035,56.40890342,6.436167017
T0_B1_N32_B_s1200_n3,T0_B1_N32_B,870,956,871.9332201,955.2165658,2.085931221
T0_B1_N32_B_s1200_n4,T0_B1_N32_B,438,62,438.1492609,61.90000833,0.179658432
T0_B1_N32_B_s1200_n5,T0_B1_N32_B,200,52,204.6889035,56.40890342,6.436167017
T0_B1_N32_B_s1200_n6,T0_B1_N32_B,695,611,693.761333,610.2165658,1.465627878
T0_B1_N32_B_s1200_n7,T0_B1_N32_B,421,876,433.0329137,861.0021304,19.22828916
T0_B1_N32_B_s400_n0,T0_B1_N32_B,195,-142,177.4292779,-17.79741474,125.439278
T0_B1_N32_B_s400_n1,T0_B1_N32_B,413,-259,305.5701019,-109.1491098,184.3813231
T0_B1_N32_B_s400_n2,T0_B1_N32_B,419,853,387.1252561,820.4766652,45.53862762
T0_B1_N32_B_s400_n3,T0_B1_N32_B,166,576,191.6265086,389.9632781,187.79345
T0_B1_N32_B_s400_n4,T0_B1_N32_B,103,-258,155.4806435,-140.2017933,128.959821
T0_B1_N32_B_s400_n5,T0_B1_N32_B,-39,-532,27.63090065,-390.2763724,156.605439
T0_B1_N32_B_s400_n6,T0_B1_N32_B,139,-230,179.9537503,-177.0575581,66.93363742
T0_B1_N32_B_s400_n7,T0_B1_N32_B,74,-121,147.562145,4.393394265,145.3784458
T0_B1_N32_B_s600_n0,T0_B1_N32_B,-363,33,-375.896308,38.19797251,13.90444813
T0_B1_N32_B_s600_n1,T0_B1_N32_B,547,-516,624.1827502,-720.2315075,218.3293054
T0_B1_N32_B_s600_n2,T0_B1_N32_B,932,53,871.696553,93.5724244,72.68168509
T0_B1_N32_B_s600_n3,T0_B1_N32_B,269,-211,314.8258337,-212.2676519,45.84336347
T0_B1_N32_B_s600_n4,T0_B1_N32_B,172,459,190.8025474,403.8780402,58.24058928
T0_B1_N32_B_s600_n5,T0_B1_N32_B,-396,561,-258.1723609,481.8197409,158.9527337
T0_B1_N32_B_s600_n6,T0_B1_N32_B,446,-544,547.7631213,-714.739398,198.7653765
T0_B1_N32_B_s600_n7,T0_B1_N32_B,508,-522,599.4560727,-865.6164683,355.5790918
T0_B1_N32_B_s800_n0,T0_B1_N32_B,-5,-119,22.66868551,-70.47466855,55.85932286
T0_B1_N32_B_s800_n1,T0_B1_N32_B,479,9,477.279161,8.558700139,1.77652252
T0_B1_N32_B_s800_n2,T0_B1_N32_B,351,919,372.6744293,949.1846913,37.16041543
T0_B1_N32_B_s800_n3,T0_B1_N32_B,355,399,353.4479896,383.4204835,15.65663021
T0_B1_N32_B_s800_n4,T0_B1_N32_B,-200,332,-282.930359,279.9200687,97.92733877
T0_B1_N32_B_s800_n5,T0_B1_N32_B,412,-348,429.6161016,-323.7555238,29.96867804
T0_B1_N32_B_s800_n6,T0_B1_N32_B,71,-348,104.9994689,-126.2768607,224.3147663
T0_B1_N32_B_s800_n7,T0_B1_N32_B,415,-348,432.6161016,-323.7555238,29.96867804
T0_B1_N32_C_s1000_n0,T0_B1_N32_C,-712,768,-314.9893338,579.1495928,439.6384258
T0_B1_N32_C_s1000_n1,T0_B1_N32_C,-263,711,-210.7058316,672.8037832,64.75825063
T0_B1_N32_C_s1000_n2,T0_B1_N32_C,-615,326,-317.1590836,238.6275057,310.3919527
T0_B1_N32_C_s1000_n3,T0_B1_N32_C,263,-758,407.8756367,-748.1225691,145.2119615
T0_B1_N32_C_s1000_n4,T0_B1_N32_C,677,544,680.4146118,520.3422045,23.90294676
T0_B1_N32_C_s1000_n5,T0_B1_N32_C,418,466,428.8639474,452.651702,17.21053199
T0_B1_N32_C_s1000_n6,T0_B1_N32_C,1184,560,1151.868813,534.5445775,40.99258133
T0_B1_N32_C_s1000_n7,T0_B1_N32_C,902,97,904.9285115,80.75330723,16.50851918
T0_B1_N32_C_s1200_n0,T0_B1_N32_C,829,1448,846.2356409,1313.646179,135.4548507
T0_B1_N32_C_s1200_n1,T0_B1_N32_C,-546,-388,-398.5016602,-271.403039,188.0175831
T0_B1_N32_C_s1200_n2,T0_B1_N32_C,7,1765,159.6519505,1527.880453,282.0076194
T0_B1_N32_C_s1200_n3,T0_B1_N32_C,953,1047,959.46351,1018.927043,28.80742709
T0_B1_N32_C_s1200_n4,T0_B1_N32_C,444,1930,467.2092163,1897.736242,39.74440622
T0_B1_N32_C_s1200_n5,T0_B1_N32_C,-635,1001,-460.7674753,816.1528329,254.0185975
T0_B1_N32_C_s1200_n6,T0_B1_N32_C,828,-371,966.1788177,-515.5726795,199.9866129
T0_B1_N32_C_s1200_n7,T0_B1_N32_C,1129,1253,1159.516132,1157.662673,100.1021493
T0_B1_N32_C_s400_n0,T0_B1_N32_C,572,-639,726.5168001,-827.3088661,243.589143
T0_B1_N32_C_s400_n1,T0_B1_N32_C,-381,-158,-578.8652302,-317.927799,254.4160966
T0_B1_N32_C_s400_n2,T0_B1_N32_C,-511,1965,-74.99042933,1072.465521,993.3388861
T0_B1_N32_C_s400_n3,T0_B1_N32_C,-64,140,-67.92655527,124.3658176,16.1197238
T0_B1_N32_C_s400_n4,T0_B1_N32_C,1063,-108,1195.134715,-321.1505241,250.7842276
T0_B1_N32_C_s400_n5,T0_B1_N32_C,23,-90,27.97619983,-81.21301986,10.0981971
T0_B1_N32_C_s400_n6,T0_B1_N32_C,1,232,1.322690686,218.7778929,13.22604419
T0_B1_N32_C_s400_n7,T0_B1_N32_C,651,-1288,631.3605068,-1041.500281,247.2808552
T0_B1_N32_C_s600_n0,T0_B1_N32_C,385,443,385.9418063,429.651702,13.3814819
T0_B1_N32_C_s600_n1,T0_B1_N32_C,1223,1645,1472.824517,1753.636279,272.4227055
T0_B1_N32_C_s600_n2,T0_B1_N32_C,318,82,318.6441899,67.57644443,14.43793392
T0_B1_N32_C_s600_n3,T0_B1_N32_C,425,-550,470.0266074,-520.4207231,53.87326795
T0_B1_N32_C_s600_n4,T0_B1_N32_C,-366,389,-296.9667911,352.3697244,78.1496067
T0_B1_N32_C_s600_n6,T0_B1_N32_C,-482,-865,-245.7056463,-726.2764777,274.0059072
T0_B1_N32_C_s600_n7,T0_B1_N32_C,-74,-81,-26.35988124,-25.91955924,72.82469272
T0_B1_N32_C_s800_n0,T0_B1_N32_C,-304,704,-279.323302,667.677914,43.911654
T0_B1_N32_C_s800_n1,T0_B1_N32_C,459,-169,473.872352,-193.6685716,28.80495236
T0_B1_N32_C_s800_n2,T0_B1_N32_C,923,761,891.4148187,743.1449539,36.2825902
T0_B1_N32_C_s800_n3,T0_B1_N32_C,-1028,1119,-966.9834653,966.8048379,163.9706829
T0_B1_N32_C_s800_n4,T0_B1_N32_C,607,-587,731.392877,-687.6927505,160.039426
T0_B1_N32_C_s800_n5,T0_B1_N32_C,1366,17,1495.748252,-197.4958996,250.6852607
T0_B1_N32_C_s800_n6,T0_B1_N32_C,1445,-690,1869.142035,-1200.713535,663.8710571
T0_B1_N32_C_s800_n7,T0_B1_N32_C,-277,21,-187.0247297,43.48158767,92.74142039
T0_B1_N32_D_s1000_n0,T0_B1_N32_D,-631,-463,-439.5792088,-431.5142035,193.9929759
T0_B1_N32_D_s1000_n1,T0_B1_N32_D,-195,-345,-339.1644611,-668.083475,353.7885295
T0_B1_N32_D_s1000_n2,T0_B1_N32_D,397,714,400.1696466,723.3750782,9.896400884
T0_B1_N32_D_s1000_n3,T0_B1_N32_D,1313,1004,1391.280947,1044.274711,88.0338515
T0_B1_N32_D_s1000_n4,T0_B1_N32_D,-897,-759,-791.3912272,-780.385838,107.7523409
T0_B1_N32_D_s1000_n5,T0_B1_N32_D,51,573,76.24183819,579.1679914,25.98450524
T0_B1_N32_D_s1000_n6,T0_B1_N32_D,-1028,-1178,-425.5694924,-567.0010353,858.0455998
T0_B1_N32_D_s1000_n7,T0_B1_N32_D,-447,942,-639.8975293,1116.270062,259.9605957
T0_B1_N32_D_s1200_n0,T0_B1_N32_D,1566,821,1126.018237,713.2712665,452.9784008
T0_B1_N32_D_s1200_n1,T0_B1_N32_D,621,-694,692.8821604,-244.0543136,455.6513642
T0_B1_N32_D_s1200_n2,T0_B1_N32_D,-498,-733,-493.9473449,-841.7112289,108.7867423
T0_B1_N32_D_s1200_n3,T0_B1_N32_D,362,-1073,464.3008802,-698.083017,388.6234865
T0_B1_N32_D_s1200_n4,T0_B1_N32_D,1610,1249,1584.062679,1338.922344,93.58831425
T0_B1_N32_D_s1200_n5,T0_B1_N32_D,-352,-1013,-216.934337,-883.3333025,187.2329718
T0_B1_N32_D_s1200_n6,T0_B1_N32_D,1732,-294,2405.218892,-861.6715501,880.6103936
T0_B1_N32_D_s1200_n7,T0_B1_N32_D,556,-416,608.5374487,-81.74559104,338.3580846
T0_B1_N32_D_s400_n0,T0_B1_N32_D,317,-28,308.9366709,-20.65407827,10.90778816
T0_B1_N32_D_s400_n1,T0_B1_N32_D,1787,176,1420.802242,36.21154752,391.9714394
T0_B1_N32_D_s400_n2,T0_B1_N32_D,-686,442,-707.2329997,602.5561942,161.9541039
T0_B1_N32_D_s400_n3,T0_B1_N32_D,-770,-288,-652.1167451,-419.2980673,176.452952
T0_B1_N32_D_s400_n4,T0_B1_N32_D,125,349,132.9165928,352.6822983,8.731080282
T0_B1_N32_D_s400_n6,T0_B1_N32_D,1884,390,1128.805986,230.730263,771.8062246
T0_B1_N32_D_s600_n0,T0_B1_N32_D,524,-1749,528.8694466,-764.3258513,984.6861889
T0_B1_N32_D_s600_n1,T0_B1_N32_D,-443,-488,88.75086751,55.44096108,760.3203688
T0_B1_N32_D_s600_n2,T0_B1_N32_D,-219,-194,-24.48809398,22.47531225,291.0265321
T0_B1_N32_D_s600_n3,T0_B1_N32_D,-296,704,-317.3328237,756.9417827,57.07820709
T0_B1_N32_D_s600_n4,T0_B1_N32_D,-44,-34,44.22397089,-27.21382305,88.48458192
T0_B1_N32_D_s600_n5,T0_B1_N32_D,1219,2013,785.2849597,1076.055675,1032.45988
T0_B1_N32_D_s600_n6,T0_B1_N32_D,242,-208,282.2451851,-337.7272694,135.8265046
T0_B1_N32_D_s600_n7,T0_B1_N32_D,131,-1105,224.4159531,-538.571502,574.0799453
T0_B1_N32_D_s800_n0,T0_B1_N32_D,247,359,250.1696466,368.3750782,9.896400884
T0_B1_N32_D_s800_n1,T0_B1_N32_D,-403,1620,93.32371086,755.9716721,996.4347331
T0_B1_N32_D_s800_n2,T0_B1_N32_D,611,-734,681.9678434,-432.9873092,309.2653793
T0_B1_N32_D_s800_n3,T0_B1_N32_D,1950,1284,1648.598983,1223.952031,307.3244729
T0_B1_N32_D_s800_n4,T0_B1_N32_D,747,-156,658.3991704,-54.83330386,134.4797658
T0_B1_N32_D_s800_n5,T0_B1_N32_D,1840,-642,492.3095632,324.6161263,1658.498191
T0_B1_N32_D_s800_n6,T0_B1_N32_D,1224,1244,1371.45472,1334.334403,172.925414
T0_B1_N32_D_s800_n7,T0_B1_N32_D,1814,211,1573.038693,102.8770322,264.1077959
T0_B2_N12_A_s1000_n0,T0_B2_N12_A,320,563,321.6950423,560.4982086,3.021941209
T0_B2_N12_A_s1000_n1,T0_B2_N12_A,181,115,175.2711807,114.4641458,5.753825686
T0_B2_N12_A_s1000_n2,T0_B2_N12_A,495,558,496.6950423,555.4982086,3.021941209
T0_B2_N12_A_s1000_n3,T0_B2_N12_A,349,208,344.9345363,205.4982086,4.773568416
T0_B2_N12_A_s1000_n4,T0_B2_N12_A,285,343,280.9345363,340.4982086,4.773568416
T0_B2_N12_A_s1000_n5,T0_B2_N12_A,565,415,565.6402115,417.5691454,2.647711985
T0_B2_N12_A_s1000_n6,T0_B2_N12_A,337,527,338.6950423,524.4982086,3.021941209
T0_B2_N12_A_s1000_n7,T0_B2_N12_A,773,115,768.4995089,119.6731165,6.487868509
T0_B2_N12_A_s1200_n0,T0_B2_N12_A,463,793,464.6950423,790.4982086,3.021941209
T0_B2_N12_A_s1200_n1,T0_B2_N12_A,527,695,528.6950423,692.4982086,3.021941209
T0_B2_N12_A_s1200_n2,T0_B2_N12_A,773,315,773.6402115,319.6731165,4.716766766
T0_B2_N12_A_s1200_n3,T0_B2_N12_A,448,446,449.6950423,443.4982086,3.021941209
T0_B2_N12_A_s1200_n4,T0_B2_N12_A,505,430,506.6950423,427.4982086,3.021941209
T0_B2_N12_A_s1200_n5,T0_B2_N12_A,381,315,381.6402115,312.4982086,2.582407954
T0_B2_N12_A_s1200_n6,T0_B2_N12_A,381,315,381.6402115,312.4982086,2.582407954
T0_B2_N12_A_s1200_n7,T0_B2_N12_A,696,639,697.6950423,636.4982086,3.021941209
T0_B2_N12_A_s400_n0,T0_B2_N12_A,340,-21,338.5924437,-16.65808874,4.564362834
T0_B2_N12_A_s400_n1,T0_B2_N12_A,-354,-179,-197.4999185,-93.63528809,178.2678029
T0_B2_N12_A_s400_n2,T0_B2_N12_A,311,-187,309.0094452,-184.3847411,3.286622517
T0_B2_N12_A_s400_n3,T0_B2_N12_A,151,-253,137.9441636,-147.7479639,106.0586912
T0_B2_N12_A_s400_n4,T0_B2_N12_A,-337,528,-264.4803101,415.3327296,133.9888773
T0_B2_N12_A_s400_n5,T0_B2_N12_A,490,703,477.3283625,600.5298135,103.2507119
T0_B2_N12_A_s400_n6,T0_B2_N12_A,381,78,380.3632954,82.79562087,4.837703209
T0_B2_N12_A_s400_n7,T0_B2_N12_A,-198,212,-180.5479548,191.9908833,26.55068047
T0_B2_N12_A_s600_n0,T0_B2_N12_A,630,667,635.7986336,641.358825,26.28866689
T0_B2_N12_A_s600_n1,T0_B2_N12_A,338,575,333.7753942,550.3431518,25.01614389
T0_B2_N12_A_s600_n2,T0_B2_N12_A,287,436,288.6950423,438.5691454,3.077933818
T0_B2_N12_A_s600_n3,T0_B2_N12_A,460,380,454.2862887,307.834806,72.39103344
T0_B2_N12_A_s600_n4,T0_B2_N12_A,-182,-145,-211.7255868,-191.5352307,55.21900218
T0_B2_N12_A_s600_n5,T0_B2_N12_A,413,43,402.4006807,46.35032432,11.11621533
T0_B2_N12_A_s600_n6,T0_B2_N12_A,753,-246,676.5307769,-159.3101781,115.5970039
T0_B2_N12_A_s600_n7,T0_B2_N12_A,-61,105,-83.65313899,91.21040349,26.52013721
T0_B2_N12_A_s800_n0,T0_B2_N12_A,226,117,221.8997194,116.2749071,4.163899692
T0_B2_N12_A_s800_n1,T0_B2_N12_A,-19,306,-30.23332611,302.0154287,11.91907815
T0_B2_N12_A_s800_n2,T0_B2_N12_A,486,94,481.9345363,98.67311652,6.194030459
T0_B2_N12_A_s800_n3,T0_B2_N12_A,-19,-85,-80.84344433,-143.7559845,85.3046149
T0_B2_N12_A_s800_n4,T0_B2_N12_A,-19,172,-30.23332611,168.0154287,11.91907815
T0_B2_N12_A_s800_n5,T0_B2_N12_A,571,782,572.7517305,782.5420574,1.833681041
T0_B2_N12_A_s800_n6,T0_B2_N12_A,587,668,588.6950423,667.4367394,1.786177769
T0_B2_N12_A_s800_n7,T0_B2_N12_A,48,267,37.36602435,264.0623552,11.03227968
T0_B2_N12_ADAP_s1000_n0,T0_B2_N12_ADAP,184,1485,241.8745218,1488.505397,57.98058368
T0_B2_N12_ADAP_s1000_n1,T0_B2_N12_ADAP,204,391,204.6217751,393.5387831,2.61381403
T0_B2_N12_ADAP_s1000_n2,T0_B2_N12_ADAP,619,495,619.6217751,497.5387831,2.61381403
T0_B2_N12_ADAP_s1000_n3,T0_B2_N12_ADAP,1665,244,1346.790287,380.216287,346.1391319
T0_B2_N12_ADAP_s1000_n4,T0_B2_N12_ADAP,-659,97,-845.3373288,32.31435978,197.2456137
T0_B2_N12_ADAP_s1000_n5,T0_B2_N12_ADAP,1515,-450,1371.704858,-359.0736245,169.7088788
T0_B2_N12_ADAP_s1000_n6,T0_B2_N12_ADAP,16,1257,143.262547,1199.105521,139.8124694
T0_B2_N12_ADAP_s1000_n7,T0_B2_N12_ADAP,646,1141,650.7645719,1131.549143,10.58394297
T0_B2_N12_ADAP_s1200_n0,T0_B2_N12_ADAP,116,1120,131.2675649,1105.34531,21.16266699
T0_B2_N12_ADAP_s1200_n1,T0_B2_N12_ADAP,1213,-81,1213.483178,-69.41884253,11.59123243
T0_B2_N12_ADAP_s1200_n2,T0_B2_N12_ADAP,-83,-147,-50.91388188,-99.29202206,57.49408782
T0_B2_N12_ADAP_s1200_n3,T0_B2_N12_ADAP,927,122,927.6217751,124.5387831,2.61381403
T0_B2_N12_ADAP_s1200_n4,T0_B2_N12_ADAP,-57,279,-92.97094468,271.6437409,36.71543829
T0_B2_N12_ADAP_s1200_n5,T0_B2_N12_ADAP,592,-714,617.1140025,-644.0338354,74.33691758
T0_B2_N12_ADAP_s1200_n6,T0_B2_N12_ADAP,287,-643,349.800512,-520.7892155,137.4022568
T0_B2_N12_ADAP_s1200_n7,T0_B2_N12_ADAP,465,-2,524.6428118,89.86335877,109.5268994
T0_B2_N12_ADAP_s400_n0,T0_B2_N12_ADAP,-1203,1230,-337.946549,572.8204179,1086.371242
T0_B2_N12_ADAP_s400_n1,T0_B2_N12_ADAP,-303,-181,-224.8616715,-95.20477493,116.0449009
T0_B2_N12_ADAP_s400_n2,T0_B2_N12_ADAP,-985,269,-579.931157,185.6303898,413.5592575
T0_B2_N12_ADAP_s400_n3,T0_B2_N12_ADAP,401,-1422,414.6652862,-1457.648489,38.17793579
T0_B2_N12_ADAP_s400_n4,T0_B2_N12_ADAP,-1154,725,-835.7021514,460.8528054,413.6269586
T0_B2_N12_ADAP_s400_n5,T0_B2_N12_ADAP,1467,1015,1215.677486,924.300332,267.1880159
T0_B2_N12_ADAP_s400_n6,T0_B2_N12_ADAP,-135,747,-208.1942036,854.1196894,129.7382723
T0_B2_N12_ADAP_s400_n7,T0_B2_N12_ADAP,1073,860,1033.575746,874.7160855,42.0812898
T0_B2_N12_ADAP_s600_n0,T0_B2_N12_ADAP,738,-485,798.8458482,-471.4735098,62.33123763
T0_B2_N12_ADAP_s600_n1,T0_B2_N12_ADAP,313,-231,325.3717572,-175.9755749,56.39811815
T0_B2_N12_ADAP_s600_n2,T0_B2_N12_ADAP,694,-986,697.2657893,-1143.231143,157.2650556
T0_B2_N12_ADAP_s600_n3,T0_B2_N12_ADAP,1397,1025,1264.520991,985.9085015,138.1261491
T0_B2_N12_ADAP_s600_n4,T0_B2_N12_ADAP,-317,582,-207.1910624,525.7430269,123.3809135
T0_B2_N12_ADAP_s600_n5,T0_B2_N12_ADAP,105,-290,186.1264515,-157.5703788,155.3032701
T0_B2_N12_ADAP_s600_n6,T0_B2_N12_ADAP,-446,1414,-69.8108146,1109.412356,484.0371226
T0_B2_N12_ADAP_s800_n0,T0_B2_N12_ADAP,905,310,919.2883476,310.2362021,14.29029983
T0_B2_N12_ADAP_s800_n1,T0_B2_N12_ADAP,153,734,153.6217751,736.5387831,2.61381403
T0_B2_N12_ADAP_s800_n2,T0_B2_N12_ADAP,751,723,751.6217751,725.5387831,2.61381403
T0_B2_N12_ADAP_s800_n3,T0_B2_N12_ADAP,-252,-79,-139.6386622,-51.3168484,115.7213338
T0_B2_N12_ADAP_s800_n4,T0_B2_N12_ADAP,-621,-630,-534.9472028,-483.9712309,169.4977443
T0_B2_N12_ADAP_s800_n5,T0_B2_N12_ADAP,554,-744,617.4606226,-868.2728652,139.5385095
T0_B2_N12_ADAP_s800_n6,T0_B2_N12_ADAP,-793,-29,-999.9746365,-105.0280973,220.4966479
T0_B2_N12_ADAP_s800_n7,T0_B2_N12_ADAP,-376,-92,-409.7150114,-78.00177362,36.50551106
T0_B2_N12_B_s1000_n0,T0_B2_N12_B,-5,-452,149.0993717,-269.6265096,238.7607723
T0_B2_N12_B_s1000_n1,T0_B2_N12_B,-642,985,-719.5607044,1064.513398,111.0767455
T0_B2_N12_B_s1000_n2,T0_B2_N12_B,1045,1435,1052.517994,1368.745658,66.67951797
T0_B2_N12_B_s1000_n3,T0_B2_N12_B,855,224,851.750059,220.1973404,5.002233135
T0_B2_N12_B_s1000_n4,T0_B2_N12_B,1631,439,1682.820647,405.9072762,61.48583437
T0_B2_N12_B_s1000_n5,T0_B2_N12_B,-767,442,-678.6949628,494.1243978,102.5413694
T0_B2_N12_B_s1000_n6,T0_B2_N12_B,-463,-834,-285.003526,-834.1122208,177.9965094
T0_B2_N12_B_s1000_n7,T0_B2_N12_B,-375,1302,-460.8901136,1349.028573,97.92240978
T0_B2_N12_B_s1200_n0,T0_B2_N12_B,439,-1091,423.9481891,-1542.363029,451.6139295
T0_B2_N12_B_s1200_n1,T0_B2_N12_B,-39,501,-43.77447033,489.0297656,12.88728359
T0_B2_N12_B_s1200_n2,T0_B2_N12_B,1109,827,1130.939219,808.7426952,28.54222318
T0_B2_N12_B_s1200_n3,T0_B2_N12_B,134,975,130.750059,971.1973404,5.002233135
T0_B2_N12_B_s1200_n4,T0_B2_N12_B,-242,288,-233.1392819,318.799295,32.04853977
T0_B2_N12_B_s1200_n5,T0_B2_N12_B,907,641,903.750059,637.1973404,5.002233135
T0_B2_N12_B_s1200_n6,T0_B2_N12_B,1759,-690,1768.049306,-589.7020456,100.7053603
T0_B2_N12_B_s1200_n7,T0_B2_N12_B,13,1128,10.89903787,1095.071907,32.99505007
T0_B2_N12_B_s400_n0,T0_B2_N12_B,-1136,834,-876.8952456,760.6227931,269.2944267
T0_B2_N12_B_s400_n1,T0_B2_N12_B,30,-308,57.19535282,-141.4012254,168.8038474
T0_B2_N12_B_s400_n2,T0_B2_N12_B,-174,-307,-219.1860877,-274.6345412,55.58152076
T0_B2_N12_B_s400_n3,T0_B2_N12_B,-429,-1003,-215.776502,-813.0548806,285.558065
T0_B2_N12_B_s400_n4,T0_B2_N12_B,-370,-13,-214.0434168,35.15242691,163.2210527
T0_B2_N12_B_s400_n6,T0_B2_N12_B,-228,129,-173.7277921,134.6381488,54.56428569
T0_B2_N12_B_s400_n7,T0_B2_N12_B,-284,56,-99.94619772,111.6286387,192.2767474
T0_B2_N12_B_s600_n0,T0_B2_N12_B,-703,537,-737.5119752,570.6376812,48.19304953
T0_B2_N12_B_s600_n1,T0_B2_N12_B,-132,511,-134.0847055,478.4307325,32.63591855
T0_B2_N12_B_s600_n2,T0_B2_N12_B,-153,3,-162.7999054,-6.071171906,13.35381237
T0_B2_N12_B_s600_n3,T0_B2_N12_B,1428,-1219,1118.119306,-685.8777132,616.6404276
T0_B2_N12_B_s600_n4,T0_B2_N12_B,-1360,-895,-641.5976991,-475.6260173,831.8511906
T0_B2_N12_B_s600_n5,T0_B2_N12_B,488,224,491.6793349,212.5378056,12.03824765
T0_B2_N12_B_s600_n6,T0_B2_N12_B,1365,928,1169.452204,730.6955978,277.7912303
T0_B2_N12_B_s600_n7,T0_B2_N12_B,493,385,489.750059,381.1973404,5.002233135
T0_B2_N12_B_s800_n0,T0_B2_N12_B,1091,320,1055.514768,314.2942481,35.94102546
T0_B2_N12_B_s800_n1,T0_B2_N12_B,-602,-240,-502.3421401,-178.4431682,117.1363845
T0_B2_N12_B_s800_n2,T0_B2_N12_B,602,-109,624.7635631,-123.860278,27.18469552
T0_B2_N12_B_s800_n3,T0_B2_N12_B,-574,159,-482.964848,211.0302588,104.8548842
T0_B2_N12_B_s800_n4,T0_B2_N12_B,-1002,1504,-859.2960463,1436.095268,158.0362964
T0_B2_N12_B_s800_n5,T0_B2_N12_B,-551,-723,-391.7765869,-613.2167511,193.4023191
T0_B2_N12_B_s800_n6,T0_B2_N12_B,-291,-9,-166.8550721,48.58590856,136.8506485
T0_B2_N12_B_s800_n7,T0_B2_N12_B,-600,-292,-443.7262323,-197.4624862,182.6440034
T0_B2_N12_C_s1000_n0,T0_B2_N12_C,1117,72,1150.958222,42.19704617,45.18159928
T0_B2_N12_C_s1000_n1,T0_B2_N12_C,1025,101,1033.791664,96.58524953,9.837854036
T0_B2_N12_C_s1000_n2,T0_B2_N12_C,139,354,146.7018692,349.968719,8.693101616
T0_B2_N12_C_s1000_n3,T0_B2_N12_C,464,672,471.7018692,676.007005,8.681870637
T0_B2_N12_C_s1000_n4,T0_B2_N12_C,687,-71,695.841346,-74.74254624,9.600835945
T0_B2_N12_C_s1000_n5,T0_B2_N12_C,843,-60,850.0802657,-54.94761722,8.698087966
T0_B2_N12_C_s1000_n6,T0_B2_N12_C,709,916,716.7018692,905.5526827,12.97941555
T0_B2_N12_C_s1000_n7,T0_B2_N12_C,-88,1214,-27.78958938,1169.02208,75.15521801
T0_B2_N12_C_s1200_n0,T0_B2_N12_C,33,954,47.42218318,939.924392,20.1524715
T0_B2_N12_C_s1200_n1,T0_B2_N12_C,37,824,51.29648742,808.5513481,21.04876242
T0_B2_N12_C_s1200_n2,T0_B2_N12_C,648,-191,658.1856857,-184.5323739,12.06558661
T0_B2_N12_C_s1200_n3,T0_B2_N12_C,547,904,553.1886979,867.5309799,36.99039612
T0_B2_N12_C_s1200_n4,T0_B2_N12_C,416,1082,423.7018692,1086.007005,8.681870637
T0_B2_N12_C_s1200_n5,T0_B2_N12_C,844,1150,851.7434106,1130.08036,21.37176773
T0_B2_N12_C_s1200_n6,T0_B2_N12_C,33,-191,35.57393458,-214.9569798,24.09485469
T0_B2_N12_C_s1200_n7,T0_B2_N12_C,1127,58,1135.060699,56.59293344,8.182585578
T0_B2_N12_C_s400_n0,T0_B2_N12_C,242,-300,216.7132298,-243.3457934,62.04127557
T0_B2_N12_C_s400_n1,T0_B2_N12_C,-494,-423,-684.6002423,-631.0808125,282.1809293
T0_B2_N12_C_s400_n2,T0_B2_N12_C,347,-46,353.60299,-35.61906878,12.30297565
T0_B2_N12_C_s400_n3,T0_B2_N12_C,258,66,265.658018,70.33252668,8.79863779
T0_B2_N12_C_s400_n4,T0_B2_N12_C,96,-67,103.492176,-50.32828709,18.27782022
T0_B2_N12_C_s400_n5,T0_B2_N12_C,219,-213,220.7829187,-194.189902,18.89440624
T0_B2_N12_C_s400_n6,T0_B2_N12_C,160,215,167.7018692,219.007005,8.681870637
T0_B2_N12_C_s400_n7,T0_B2_N12_C,12,-237,37.81105011,-194.4466519,49.76944585
T0_B2_N12_C_s600_n0,T0_B2_N12_C,172,23,179.2835496,28.29321484,9.003789069
T0_B2_N12_C_s600_n1,T0_B2_N12_C,466,-457,508.1849201,-644.2558676,191.9487625
T0_B2_N12_C_s600_n2,T0_B2_N12_C,652,-727,613.9662938,-628.9640443,105.1551778
T0_B2_N12_C_s600_n3,T0_B2_N12_C,-194,462,-140.5201403,413.677867,72.07720812
T0_B2_N12_C_s600_n4,T0_B2_N12_C,598,1040,531.6263241,816.9845715,232.6829307
T0_B2_N12_C_s600_n5,T0_B2_N12_C,-62,-323,-12.50487857,-227.6194154,107.4580056
T0_B2_N12_C_s600_n6,T0_B2_N12_C,-233,264,-176.5855172,204.0926247,82.28904836
T0_B2_N12_C_s600_n7,T0_B2_N12_C,742,674,649.382686,604.3796081,115.8661547
T0_B2_N12_C_s800_n0,T0_B2_N12_C,-200,-185,-245.8108797,-208.5070215,51.48996756
T0_B2_N12_C_s800_n1,T0_B2_N12_C,-367,382,-333.2376632,293.9403095,94.31015046
T0_B2_N12_C_s800_n2,T0_B2_N12_C,174,93,185.3097469,97.00700497,11.99860261
T0_B2_N12_C_s800_n3,T0_B2_N12_C,-367,371,-337.1188242,282.6665257,93.25066941
T0_B2_N12_C_s800_n4,T0_B2_N12_C,630,-252,639.3535961,-260.7540147,12.8110317
T0_B2_N12_C_s800_n5,T0_B2_N12_C,145,-116,153.8297575,-112.79826,9.392324337
T0_B2_N12_C_s800_n6,T0_B2_N12_C,471,-200,489.0768315,-224.7136579,30.61922146
T0_B2_N12_C_s800_n7,T0_B2_N12_C,217,660,228.1157668,657.1559673,11.47383083
T0_B2_N12_D_s1000_n0,T0_B2_N12_D,430,-840,384.4136805,-1447.102451,608.8115462
T0_B2_N12_D_s1000_n1,T0_B2_N12_D,776,1003,776.9221869,816.784598,186.2176854
T0_B2_N12_D_s1000_n2,T0_B2_N12_D,-4,1160,14.75523511,1079.525628,82.63100755
T0_B2_N12_D_s1000_n3,T0_B2_N12_D,255,-4,257.1409877,3.586749793,7.883057818
T0_B2_N12_D_s1000_n4,T0_B2_N12_D,1398,-499,1198.47322,-391.8778707,226.4643164
T0_B2_N12_D_s1000_n5,T0_B2_N12_D,-610,1790,-488.3772086,1376.899433,430.6323047
T0_B2_N12_D_s1000_n6,T0_B2_N12_D,1131,-625,981.7199826,-524.2623197,180.0905434
T0_B2_N12_D_s1000_n7,T0_B2_N12_D,-106,985,-38.3463921,806.4338981,190.9525161
T0_B2_N12_D_s1200_n0,T0_B2_N12_D,-153,471,-196.1594182,418.7815718,67.74584577
T0_B2_N12_D_s1200_n1,T0_B2_N12_D,753,281,755.3551136,284.7149093,4.398535136
T0_B2_N12_D_s1200_n2,T0_B2_N12_D,15,1435,86.99371287,1166.924838,277.5741107
T0_B2_N12_D_s1200_n3,T0_B2_N12_D,44,1291,96.23944417,1074.707618,222.5114698
T0_B2_N12_D_s1200_n4,T0_B2_N12_D,216,641,208.9366301,639.3122718,7.262204951
T0_B2_N12_D_s1200_n5,T0_B2_N12_D,-529,-905,-134.3127072,-503.506459,563.0054374
T0_B2_N12_D_s1200_n6,T0_B2_N12_D,1859,90,1801.829994,92.9756051,57.247391
T0_B2_N12_D_s1200_n7,T0_B2_N12_D,124,1702,211.9502984,1401.321647,313.277396
T0_B2_N12_D_s400_n0,T0_B2_N12_D,352,-231,373.600553,-258.3126678,34.82191423
T0_B2_N12_D_s400_n1,T0_B2_N12_D,-143,145,-194.401352,118.9942784,57.60552531
T0_B2_N12_D_s400_n2,T0_B2_N12_D,-377,1699,-60.08350826,1028.391861,741.7218746
T0_B2_N12_D_s400_n3,T0_B2_N12_D,-103,975,-59.9939142,830.2192869,151.0330371
T0_B2_N12_D_s400_n4,T0_B2_N12_D,-9,238,-10.75868081,242.242554,4.59262697
T0_B2_N12_D_s400_n5,T0_B2_N12_D,151,554,152.3862896,537.0906277,16.9661036
T0_B2_N12_D_s400_n6,T0_B2_N12_D,-800,-524,-574.4034997,-412.8268692,251.50198
T0_B2_N12_D_s400_n7,T0_B2_N12_D,-158,-183,-171.7116975,-141.1834755,44.00718543
T0_B2_N12_D_s600_n1,T0_B2_N12_D,506,-134,494.3435793,-99.29583166,36.60944473
T0_B2_N12_D_s600_n2,T0_B2_N12_D,-290,-288,-214.9905853,-267.5878561,77.73717204
T0_B2_N12_D_s600_n3,T0_B2_N12_D,-249,-241,-176.8706082,-225.6548227,73.74363451
T0_B2_N12_D_s600_n4,T0_B2_N12_D,-543,-27,-495.3948152,-69.67839963,63.93511879
T0_B2_N12_D_s600_n5,T0_B2_N12_D,-293,1418,-115.6481296,985.0474923,467.8691696
T0_B2_N12_D_s600_n6,T0_B2_N12_D,-337,278,-391.0670656,229.1004088,72.90005216
T0_B2_N12_D_s600_n7,T0_B2_N12_D,-445,1901,-181.9939229,1269.640801,683.9492924
T0_B2_N12_D_s800_n0,T0_B2_N12_D,1103,1793,1207.271773,1387.251421,418.9325868
T0_B2_N12_D_s800_n1,T0_B2_N12_D,253,1749,331.087648,1265.501702,489.7634991
T0_B2_N12_D_s800_n2,T0_B2_N12_D,857,350,887.5132288,347.7077382,30.59920908
T0_B2_N12_D_s800_n3,T0_B2_N12_D,836,1160,832.0443238,1042.800587,117.2661489
T0_B2_N12_D_s800_n4,T0_B2_N12_D,-118,-356,135.0318804,-175.6063623,310.7523081
T0_B2_N12_D_s800_n5,T0_B2_N12_D,-14,730,-13.69191304,707.528764,22.47334787
T0_B2_N12_D_s800_n6,T0_B2_N12_D,1180,442,1310.150142,380.1004415,144.1201399
T0_B2_N12_D_s800_n7,T0_B2_N12_D,560,-689,425.4153632,-398.5132082,320.1493412
T0_B2_N3_A_s1000_n0,T0_B2_N3_A,-314,305,-394.4241797,300.3848282,80.55649257
T0_B2_N3_A_s1000_n1,T0_B2_N3_A,728,-312,666.5216295,-293.5096969,64.19876437
T0_B2_N3_A_s1000_n2,T0_B2_N3_A,1067,107,1056.097493,103.6615976,11.40217481
T0_B2_N3_A_s1000_n3,T0_B2_N3_A,1451,-136,1437.355411,-123.2960285,18.6431142
T0_B2_N3_A_s1000_n4,T0_B2_N3_A,391,918,381.6397864,892.0072017,27.62678341
T0_B2_N3_A_s1000_n5,T0_B2_N3_A,1204,400,1183.945842,375.4917493,31.66739056
T0_B2_N3_A_s1000_n6,T0_B2_N3_A,899,-463,803.2078735,-367.2327923,135.4529054
T0_B2_N3_A_s1000_n7,T0_B2_N3_A,109,-190,51.27953987,-214.7165501,62.78980307
T0_B2_N3_A_s1200_n0,T0_B2_N3_A,1119,873,1100.087442,861.2590032,22.26063504
T0_B2_N3_A_s1200_n1,T0_B2_N3_A,883,1002,860.7878865,987.5474114,26.50010009
T0_B2_N3_A_s1200_n2,T0_B2_N3_A,1393,681,1228.786394,678.6210163,164.2308376
T0_B2_N3_A_s1200_n3,T0_B2_N3_A,-4,-370,-56.63686609,-345.1860983,58.19252006
T0_B2_N3_A_s1200_n4,T0_B2_N3_A,877,-142,834.0297095,-134.9538381,43.54416446
T0_B2_N3_A_s1200_n5,T0_B2_N3_A,438,1037,424.199135,1009.633546,30.64941545
T0_B2_N3_A_s1200_n6,T0_B2_N3_A,305,949,290.8964901,933.9851337,20.59988351
T0_B2_N3_A_s1200_n7,T0_B2_N3_A,-114,424,-175.0352397,408.8375607,62.89038122
T0_B2_N3_A_s400_n0,T0_B2_N3_A,481,1111,351.9255482,838.923497,301.1408933
T0_B2_N3_A_s400_n1,T0_B2_N3_A,618,210,588.2012288,167.0033269,52.3132934
T0_B2_N3_A_s400_n2,T0_B2_N3_A,-634,954,-533.0636287,737.3012816,239.0533112
T0_B2_N3_A_s400_n3,T0_B2_N3_A,79,130,70.27722303,126.4138969,9.431170332
T0_B2_N3_A_s400_n4,T0_B2_N3_A,-398,46,-358.4576311,51.19830259,39.88259379
T0_B2_N3_A_s400_n5,T0_B2_N3_A,148,-393,92.23498008,-350.356647,70.20108972
T0_B2_N3_A_s400_n6,T0_B2_N3_A,103,-211,75.12164964,-224.6556232,31.04317099
T0_B2_N3_A_s400_n7,T0_B2_N3_A,-260,-171,-319.2233266,-181.6205176,60.16807967
T0_B2_N3_A_s600_n0,T0_B2_N3_A,1004,-419,752.8685428,-133.4339171,380.2827849
T0_B2_N3_A_s600_n1,T0_B2_N3_A,916,-879,676.338929,-595.57874,371.1671316
T0_B2_N3_A_s600_n2,T0_B2_N3_A,604,-327,550.9356583,-133.6000802,200.5476336
T0_B2_N3_A_s600_n3,T0_B2_N3_A,170,164,143.9108429,152.110653,28.67055439
T0_B2_N3_A_s600_n4,T0_B2_N3_A,812,674,722.1934543,632.331426,99.00245306
T0_B2_N3_A_s600_n5,T0_B2_N3_A,-426,574,-333.2061891,493.1110723,123.100406
T0_B2_N3_A_s600_n6,T0_B2_N3_A,-36,731,-33.9526009,704.4075413,26.67115865
T0_B2_N3_A_s600_n7,T0_B2_N3_A,256,-795,128.4211192,-876.4901485,151.3836687
T0_B2_N3_A_s800_n0,T0_B2_N3_A,740,231,730.493125,219.3903757,15.00546728
T0_B2_N3_A_s800_n1,T0_B2_N3_A,213,-131,155.3450112,-126.4571519,57.83368566
T0_B2_N3_A_s800_n2,T0_B2_N3_A,-497,653,-620.465137,660.7625749,123.7089229
T0_B2_N3_A_s800_n3,T0_B2_N3_A,-514,-374,-409.1574019,-214.1263322,191.1846229
T0_B2_N3_A_s800_n4,T0_B2_N3_A,-102,1008,-156.5463089,993.8503873,56.35167566
T0_B2_N3_A_s800_n5,T0_B2_N3_A,103,141,96.62596473,137.4752673,7.283684944
T0_B2_N3_A_s800_n6,T0_B2_N3_A,290,734,280.6700524,714.7832209,21.36194095
T0_B2_N3_A_s800_n7,T0_B2_N3_A,328,1211,298.2316047,1175.818973,46.08537723
T0_B2_N3_ADAP_s1000_n0,T0_B2_N3_ADAP,699,76,690.5845348,76.66570109,8.441754108
T0_B2_N3_ADAP_s1000_n1,T0_B2_N3_ADAP,531,-1170,592.6662805,-1104.705379,89.81156787
T0_B2_N3_ADAP_s1000_n2,T0_B2_N3_ADAP,1712,-1246,1612.420148,-1019.523213,247.4022676
T0_B2_N3_ADAP_s1000_n3,T0_B2_N3_ADAP,450,-1238,503.7154076,-1199.868301,65.87390612
T0_B2_N3_ADAP_s1000_n4,T0_B2_N3_ADAP,-74,-229,-43.00441618,-219.0333478,32.55856835
T0_B2_N3_ADAP_s1000_n5,T0_B2_N3_ADAP,-514,655,-532.8106114,608.1457996,50.48915924
T0_B2_N3_ADAP_s1000_n6,T0_B2_N3_ADAP,-952,-907,-1245.407411,-1260.106772,459.0994464
T0_B2_N3_ADAP_s1000_n7,T0_B2_N3_ADAP,154,-976,230.702259,-812.9663555,180.1754861
T0_B2_N3_ADAP_s1200_n0,T0_B2_N3_ADAP,-828,-129,-679.0966435,-101.9663505,151.3374632
T0_B2_N3_ADAP_s1200_n1,T0_B2_N3_ADAP,1230,-1093,1359.01817,-1270.436751,219.3843403
T0_B2_N3_ADAP_s1200_n2,T0_B2_N3_ADAP,1761,685,1854.091643,621.2896071,112.8054436
T0_B2_N3_ADAP_s1200_n3,T0_B2_N3_ADAP,418,538,412.7218284,538.6657011,5.319986181
T0_B2_N3_ADAP_s1200_n4,T0_B2_N3_ADAP,-483,-671,-579.3650696,-813.218832,171.7918008
T0_B2_N3_ADAP_s1200_n5,T0_B2_N3_ADAP,493,577,484.5845348,577.6657011,8.441754108
T0_B2_N3_ADAP_s1200_n6,T0_B2_N3_ADAP,1535,5,1482.642873,33.1025729,59.42241489
T0_B2_N3_ADAP_s1200_n7,T0_B2_N3_ADAP,-668,-1141,-668.0764641,-1102.58172,38.41835631
T0_B2_N3_ADAP_s400_n0,T0_B2_N3_ADAP,-385,-882,-211.537335,-535.02047,387.9227892
T0_B2_N3_ADAP_s400_n1,T0_B2_N3_ADAP,342,-276,339.1327996,-281.6868424,6.368752997
T0_B2_N3_ADAP_s400_n2,T0_B2_N3_ADAP,146,-361,147.970752,-327.4799157,33.57796769
T0_B2_N3_ADAP_s400_n3,T0_B2_N3_ADAP,264,100,255.5845348,100.6657011,8.441754108
T0_B2_N3_ADAP_s400_n5,T0_B2_N3_ADAP,-75,-90,-36.93223291,-54.64839094,51.95085326
T0_B2_N3_ADAP_s400_n7,T0_B2_N3_ADAP,-311,275,-302.6447204,255.7322695,21.00133647
T0_B2_N3_ADAP_s600_n0,T0_B2_N3_ADAP,354,373,345.5845348,373.6657011,8.441754108
T0_B2_N3_ADAP_s600_n1,T0_B2_N3_ADAP,-495,-916,-496.0498719,-907.2422731,8.820431446
T0_B2_N3_ADAP_s600_n2,T0_B2_N3_ADAP,263,315,254.5845348,315.6657011,8.441754108
T0_B2_N3_ADAP_s600_n3,T0_B2_N3_ADAP,-86,-407,-37.398295,-351.335629,73.89619701
T0_B2_N3_ADAP_s600_n4,T0_B2_N3_ADAP,168,87,159.5845348,87.66570109,8.441754108
T0_B2_N3_ADAP_s600_n5,T0_B2_N3_ADAP,-194,-120,-180.034885,-141.4269819,25.57616064
T0_B2_N3_ADAP_s600_n6,T0_B2_N3_ADAP,570,396,565.310797,369.0518728,27.35306536
T0_B2_N3_ADAP_s600_n7,T0_B2_N3_ADAP,502,-412,505.5112999,-395.4871331,16.88206155
T0_B2_N3_ADAP_s800_n0,T0_B2_N3_ADAP,165,18,161.0957232,18.11199873,3.9058829
T0_B2_N3_ADAP_s800_n1,T0_B2_N3_ADAP,1657,-64,1352.321183,-6.584153984,310.0415475
T0_B2_N3_ADAP_s800_n2,T0_B2_N3_ADAP,-616,209,-607.4904482,180.3168391,29.91882673
T0_B2_N3_ADAP_s800_n3,T0_B2_N3_ADAP,1109,237,1144.798493,171.952076,74.24799353
T0_B2_N3_ADAP_s800_n4,T0_B2_N3_ADAP,371,702,362.5845348,702.6657011,8.441754108
T0_B2_N3_ADAP_s800_n5,T0_B2_N3_ADAP,-177,1679,-36.37778326,1458.91297,261.1760111
T0_B2_N3_ADAP_s800_n6,T0_B2_N3_ADAP,-66,-753,100.2449564,-422.6838668,369.7920137
T0_B2_N3_ADAP_s800_n7,T0_B2_N3_ADAP,185,-1191,288.9102772,-1024.924159,195.9043915
T0_B2_N3_B_s1000_n0,T0_B2_N3_B,726,-1137,645.0245629,-1003.895362,155.8007255
T0_B2_N3_B_s1000_n1,T0_B2_N3_B,801,-694,728.4578337,-664.8451811,78.18164332
T0_B2_N3_B_s1000_n2,T0_B2_N3_B,-284,1875,-329.8099949,1768.079033,116.3213173
T0_B2_N3_B_s1000_n3,T0_B2_N3_B,2014,1333,2114.73563,1369.544132,107.1594169
T0_B2_N3_B_s1000_n4,T0_B2_N3_B,-303,-773,-235.2540744,-763.8894514,68.35577906
T0_B2_N3_B_s1000_n5,T0_B2_N3_B,-373,-631,-424.4752759,-801.4300872,178.034038
T0_B2_N3_B_s1000_n6,T0_B2_N3_B,1418,-191,1103.201707,22.00851442,380.0928739
T0_B2_N3_B_s1000_n7,T0_B2_N3_B,805,-1179,727.0682927,-1110.22118,103.9417002
T0_B2_N3_B_s1200_n0,T0_B2_N3_B,1928,1367,1917.739359,1269.75186,97.78794156
T0_B2_N3_B_s1200_n1,T0_B2_N3_B,-608,-24,-373.0754232,71.19826882,253.4803093
T0_B2_N3_B_s1200_n2,T0_B2_N3_B,1066,1912,1056.850466,1812.454982,99.96461692
T0_B2_N3_B_s1200_n3,T0_B2_N3_B,918,-72,866.2992612,-56.27189353,54.04016771
T0_B2_N3_B_s1200_n4,T0_B2_N3_B,332,-626,284.7496101,-739.2771577,122.7367663
T0_B2_N3_B_s1200_n5,T0_B2_N3_B,1423,-469,1339.492097,-485.2833109,85.08064434
T0_B2_N3_B_s1200_n6,T0_B2_N3_B,1264,1324,1096.668352,1135.003427,252.4273854
T0_B2_N3_B_s1200_n7,T0_B2_N3_B,128,-1086,87.01431868,-1203.922128,124.8417173
T0_B2_N3_B_s400_n0,T0_B2_N3_B,248,-156,177.8251038,-47.56434906,129.1619389
T0_B2_N3_B_s400_n1,T0_B2_N3_B,-224,522,264.2630301,147.1100881,615.583652
T0_B2_N3_B_s400_n2,T0_B2_N3_B,-106,-188,-38.21547517,-83.66590222,124.4200376
T0_B2_N3_B_s400_n3,T0_B2_N3_B,246,-175,172.6167902,-54.34045337,141.2225962
T0_B2_N3_B_s400_n4,T0_B2_N3_B,282,1680,342.5972607,1881.149428,210.0788429
T0_B2_N3_B_s400_n5,T0_B2_N3_B,931,-161,596.2135457,12.72206732,377.1754587
T0_B2_N3_B_s400_n7,T0_B2_N3_B,356,-230,277.2643706,-133.2948859,124.7043641
T0_B2_N3_B_s600_n0,T0_B2_N3_B,459,-368,398.3124075,-339.7235363,66.95179074
T0_B2_N3_B_s600_n1,T0_B2_N3_B,484,-589,492.0023969,-541.6907164,47.98131582
T0_B2_N3_B_s600_n2,T0_B2_N3_B,1529,-223,1284.008732,-2.533326488,329.5850049
T0_B2_N3_B_s600_n3,T0_B2_N3_B,1908,1401,1101.118148,841.4535616,981.9116764
T0_B2_N3_B_s600_n4,T0_B2_N3_B,440,-1479,343.7531415,-1005.740046,482.9476598
T0_B2_N3_B_s600_n5,T0_B2_N3_B,-241,444,-69.52116557,363.4892043,189.4385887
T0_B2_N3_B_s600_n6,T0_B2_N3_B,541,232,541.4913272,233.9931044,2.052770741
T0_B2_N3_B_s600_n7,T0_B2_N3_B,491,1293,455.8590918,1159.059551,138.4735622
T0_B2_N3_B_s800_n0,T0_B2_N3_B,-567,1553,-894.3892568,1804.319968,412.7292717
T0_B2_N3_B_s800_n1,T0_B2_N3_B,-508,1152,-714.7983488,1318.167577,265.2870532
T0_B2_N3_B_s800_n2,T0_B2_N3_B,678,-922,580.5288013,-634.0330348,304.0158016
T0_B2_N3_B_s800_n3,T0_B2_N3_B,-124,788,-115.9777803,783.569796,9.164208495
T0_B2_N3_B_s800_n4,T0_B2_N3_B,202,1444,225.3401949,1112.532366,332.2883641
T0_B2_N3_B_s800_n5,T0_B2_N3_B,-489,-756,-702.7852951,-1129.680348,430.5126656
T0_B2_N3_B_s800_n6,T0_B2_N3_B,966,1503,911.0405228,1353.778967,159.020316
T0_B2_N3_B_s800_n7,T0_B2_N3_B,136,-314,163.0890525,-272.2624928,49.75777601
T0_B2_N3_C_s1000_n0,T0_B2_N3_C,370,928,377.22758,930.9958258,7.823866343
T0_B2_N3_C_s1000_n1,T0_B2_N3_C,-132,815,-54.50570081,790.6259583,81.23706246
T0_B2_N3_C_s1000_n2,T0_B2_N3_C,662,-248,654.8817553,-216.2538668,32.53438769
T0_B2_N3_C_s1000_n3,T0_B2_N3_C,18,957,23.17297194,956.4808625,5.198955898
T0_B2_N3_C_s1000_n4,T0_B2_N3_C,-132,848,-41.78328528,825.552117,92.96753771
T0_B2_N3_C_s1000_n5,T0_B2_N3_C,644,596,643.539428,593.3723165,2.667741968
T0_B2_N3_C_s1000_n6,T0_B2_N3_C,106,811,105.539428,815.024792,4.051058746
T0_B2_N3_C_s1000_n7,T0_B2_N3_C,643,-134,637.4951797,-100.2372064,34.20861413
T0_B2_N3_C_s1200_n0,T0_B2_N3_C,1078,-275,1045.380666,-220.0788567,63.87764019
T0_B2_N3_C_s1200_n1,T0_B2_N3_C,606,235,605.539428,239.024792,4.051058746
T0_B2_N3_C_s1200_n2,T0_B2_N3_C,945,55,944.4537795,58.95595898,3.993490741
T0_B2_N3_C_s1200_n3,T0_B2_N3_C,910,1059,909.539428,1063.024792,4.051058746
T0_B2_N3_C_s1200_n4,T0_B2_N3_C,68,835,97.01113255,823.5749163,31.17977469
T0_B2_N3_C_s1200_n5,T0_B2_N3_C,991,795,990.539428,792.8714672,2.177792107
T0_B2_N3_C_s1200_n6,T0_B2_N3_C,673,-309,661.8835813,-246.381244,63.59782515
T0_B2_N3_C_s1200_n7,T0_B2_N3_C,832,422,831.539428,426.024792,4.051058746
T0_B2_N3_C_s400_n0,T0_B2_N3_C,-303,189,-215.0028481,163.5354361,91.60754744
T0_B2_N3_C_s400_n1,T0_B2_N3_C,-354,184,-223.3661442,152.6762944,134.3368111
T0_B2_N3_C_s400_n2,T0_B2_N3_C,-320,69,-58.15907363,99.07575945,263.5625581
T0_B2_N3_C_s400_n3,T0_B2_N3_C,278,101,277.539428,105.024792,4.051058746
T0_B2_N3_C_s400_n4,T0_B2_N3_C,-400,-225,-69.77772177,19.75756048,411.0389476
T0_B2_N3_C_s400_n5,T0_B2_N3_C,-367,-394,-369.3858152,-393.609987,2.417483038
T0_B2_N3_C_s400_n6,T0_B2_N3_C,-378,246,-275.8755657,213.9895301,107.0236902
T0_B2_N3_C_s400_n7,T0_B2_N3_C,-416,-670,-355.6438215,-528.001853,154.2930395
T0_B2_N3_C_s600_n0,T0_B2_N3_C,899,-178,818.6621304,-78.36039683,127.9930615
T0_B2_N3_C_s600_n1,T0_B2_N3_C,825,-716,749.1545968,-530.8046235,200.1245929
T0_B2_N3_C_s600_n2,T0_B2_N3_C,392,900,396.1185371,747.4228558,152.6327202
T0_B2_N3_C_s600_n3,T0_B2_N3_C,283,-168,292.7960783,-142.3140878,27.4905299
T0_B2_N3_C_s600_n4,T0_B2_N3_C,-274,-160,-297.946702,-206.4401173,52.25063663
T0_B2_N3_C_s600_n5,T0_B2_N3_C,-63,-538,-65.88763895,-465.1112272,72.94595025
T0_B2_N3_C_s600_n6,T0_B2_N3_C,489,76,488.539428,80.02479197,4.051058748
T0_B2_N3_C_s600_n7,T0_B2_N3_C,136,1045,140.3977457,978.7516053,66.39420131
T0_B2_N3_C_s800_n0,T0_B2_N3_C,-217,958,-235.082838,1046.495645,90.32423942
T0_B2_N3_C_s800_n1,T0_B2_N3_C,-332,592,-106.8952337,556.8913016,227.826198
T0_B2_N3_C_s800_n2,T0_B2_N3_C,200,453,207.5161958,457.024792,8.525969139
T0_B2_N3_C_s800_n3,T0_B2_N3_C,-332,325,-217.2333345,295.6067188,118.470893
T0_B2_N3_C_s800_n4,T0_B2_N3_C,757,-311,705.504766,-210.1405301,113.2448312
T0_B2_N3_C_s800_n5,T0_B2_N3_C,0,-92,44.57734613,-48.37037959,62.37534421
T0_B2_N3_C_s800_n6,T0_B2_N3_C,-332,-203,-451.2572766,-347.1699532,187.1023073
T0_B2_N3_C_s800_n7,T0_B2_N3_C,275,913,301.5831143,848.713238,69.56615362
T0_B2_N3_D_s1000_n0,T0_B2_N3_D,1003,504,1002.309584,511.5603906,7.591849612
T0_B2_N3_D_s1000_n1,T0_B2_N3_D,79,1536,208.7225145,1197.376054,362.621163
T0_B2_N3_D_s1000_n2,T0_B2_N3_D,-519,-620,-733.2725661,-920.03664,368.6932572
T0_B2_N3_D_s1000_n3,T0_B2_N3_D,-79,523,-82.77256343,535.1954451,12.76562239
T0_B2_N3_D_s1000_n4,T0_B2_N3_D,-604,1457,-883.6155821,1685.899719,361.3584853
T0_B2_N3_D_s1000_n5,T0_B2_N3_D,611,1711,487.7940999,1251.753446,475.4861627
T0_B2_N3_D_s1000_n6,T0_B2_N3_D,-269,427,-159.3068828,455.0434685,113.2210938
T0_B2_N3_D_s1000_n7,T0_B2_N3_D,-504,1331,-695.3205115,1504.015141,257.9491754
T0_B2_N3_D_s1200_n0,T0_B2_N3_D,186,1501,193.6428657,1487.716364,15.32541588
T0_B2_N3_D_s1200_n1,T0_B2_N3_D,-241,-901,-122.8111265,-730.628781,207.3522657
T0_B2_N3_D_s1200_n2,T0_B2_N3_D,1103,-844,775.0719685,-244.4617693,683.3614592
T0_B2_N3_D_s1200_n3,T0_B2_N3_D,102,1101,349.3247622,879.4897057,332.0185966
T0_B2_N3_D_s1200_n4,T0_B2_N3_D,-450,607,-60.59214565,581.4738544,390.2435921
T0_B2_N3_D_s1200_n5,T0_B2_N3_D,210,-480,323.1564989,-379.565239,151.299486
T0_B2_N3_D_s1200_n6,T0_B2_N3_D,1331,-78,1276.539837,-66.42245728,55.67718465
T0_B2_N3_D_s1200_n7,T0_B2_N3_D,236,-723,352.5693032,-581.9002561,183.0233324
T0_B2_N3_D_s400_n0,T0_B2_N3_D,-295,1516,152.1224536,533.8679695,1079.120852
T0_B2_N3_D_s400_n1,T0_B2_N3_D,1265,625,58.12565646,48.75253762,1337.388058
T0_B2_N3_D_s400_n2,T0_B2_N3_D,795,-1128,192.6257897,-21.22901625,1260.078053
T0_B2_N3_D_s400_n5,T0_B2_N3_D,-878,1588,101.9626538,298.2813731,1619.784226
T0_B2_N3_D_s400_n7,T0_B2_N3_D,222,-114,227.73101,-94.67813764,20.15387905
T0_B2_N3_D_s600_n0,T0_B2_N3_D,1359,314,787.3062024,265.1944752,573.7732805
T0_B2_N3_D_s600_n1,T0_B2_N3_D,666,-1019,264.4140151,271.0590017,1351.119362
T0_B2_N3_D_s600_n2,T0_B2_N3_D,1737,186,1623.818868,-9.604925447,225.9895029
T0_B2_N3_D_s600_n3,T0_B2_N3_D,1790,471,1094.68257,252.2261137,728.9227265
T0_B2_N3_D_s600_n5,T0_B2_N3_D,110,833,108.2682546,844.5584794,11.68748852
T0_B2_N3_D_s600_n6,T0_B2_N3_D,1451,-398,1411.270903,-486.3554342,96.87664265
T0_B2_N3_D_s600_n7,T0_B2_N3_D,942,1672,918.5698484,1640.879907,38.95423174
T0_B2_N3_D_s800_n0,T0_B2_N3_D,73,-96,139.3403586,-53.42794354,78.82526988
T0_B2_N3_D_s800_n1,T0_B2_N3_D,679,-219,667.8289297,-185.5662413,35.25066008
T0_B2_N3_D_s800_n2,T0_B2_N3_D,1776,-541,1953.241029,-729.5579833,258.7827186
T0_B2_N3_D_s800_n3,T0_B2_N3_D,254,-527,367.2066917,-348.3769987,211.4756053
T0_B2_N3_D_s800_n4,T0_B2_N3_D,1232,208,1167.473349,181.2806001,69.83992398
T0_B2_N3_D_s800_n5,T0_B2_N3_D,1984,1337,427.2248948,441.1930297,1796.11215
T0_B2_N3_D_s800_n6,T0_B2_N3_D,-346,-354,-270.41882,-308.3037047,88.32138005
T0_B2_N3_D_s800_n7,T0_B2_N3_D,-177,500,-193.5555269,509.8370237,19.25753114
T0_B3_N14_A_s1000_n0,T0_B3_N14_A,-591,-1120,-414.8242002,-1108.537974,176.5482667
T0_B3_N14_A_s1000_n1,T0_B3_N14_A,259,-123,224.326729,-251.7530028,133.3400595
T0_B3_N14_A_s1000_n2,T0_B3_N14_A,68,466,67.57015923,458.1914888,7.820333102
T0_B3_N14_A_s1000_n3,T0_B3_N14_A,807,420,806.5701592,412.1914888,7.820333102
T0_B3_N14_A_s1000_n4,T0_B3_N14_A,-230,504,-187.1377384,481.4615954,48.42678134
T0_B3_N14_A_s1000_n5,T0_B3_N14_A,1569,1083,1242.6188,864.3072383,392.8755673
T0_B3_N14_A_s1000_n6,T0_B3_N14_A,1098,-398,984.6400937,-415.6961442,114.7328282
T0_B3_N14_A_s1000_n7,T0_B3_N14_A,476,500,475.5701592,492.1914888,7.820333102
T0_B3_N14_A_s1200_n0,T0_B3_N14_A,1145,-1004,1024.653977,-921.7929072,145.7435122
T0_B3_N14_A_s1200_n1,T0_B3_N14_A,-724,1507,-574.7483152,1275.935439,275.076165
T0_B3_N14_A_s1200_n2,T0_B3_N14_A,1079,13,985.2672755,-6.851137993,95.81174939
T0_B3_N14_A_s1200_n3,T0_B3_N14_A,177,690,176.5701592,682.1914888,7.820333102
T0_B3_N14_A_s1200_n4,T0_B3_N14_A,-379,817,-287.5306231,715.7022331,136.4840082
T0_B3_N14_A_s1200_n5,T0_B3_N14_A,-34,-248,-4.516066609,-364.3277309,120.0060137
T0_B3_N14_A_s1200_n6,T0_B3_N14_A,239,-168,184.0700863,-362.0623208,201.6865879
T0_B3_N14_A_s1200_n7,T0_B3_N14_A,-127,1024,-87.46997738,992.0286458,50.84083177
T0_B3_N14_A_s400_n0,T0_B3_N14_A,-191,1851,41.36713283,778.3609195,1097.519513
T0_B3_N14_A_s400_n1,T0_B3_N14_A,-399,-175,-312.1117368,-180.8526971,87.0851557
T0_B3_N14_A_s400_n2,T0_B3_N14_A,-770,-1097,-135.2378782,-264.0973105,1047.210505
T0_B3_N14_A_s400_n3,T0_B3_N14_A,-377,-113,-189.7833305,-86.43677964,189.0917397
T0_B3_N14_A_s400_n4,T0_B3_N14_A,-442,818,-160.8017434,500.6505037,424.008446
T0_B3_N14_A_s400_n5,T0_B3_N14_A,-811,-363,-170.6139038,-23.48999818,724.8181797
T0_B3_N14_A_s400_n6,T0_B3_N14_A,-373,54,-25.46756181,127.8756139,355.2976244
T0_B3_N14_A_s600_n0,T0_B3_N14_A,403,213,402.5701592,205.1914888,7.820333101
T0_B3_N14_A_s600_n1,T0_B3_N14_A,857,-1379,621.0685273,-805.7430918,619.9089793
T0_B3_N14_A_s600_n2,T0_B3_N14_A,-883,1243,-159.5233231,646.4710724,937.6914543
T0_B3_N14_A_s600_n3,T0_B3_N14_A,144,1720,56.62006048,1713.296756,87.63667793
T0_B3_N14_A_s600_n4,T0_B3_N14_A,-40,-3,9.96717412,12.33444339,52.26723298
T0_B3_N14_A_s600_n5,T0_B3_N14_A,-529,415,-423.1306958,380.4553244,111.3626696
T0_B3_N14_A_s600_n6,T0_B3_N14_A,-447,-103,-11.30697327,12.18472349,450.6616625
T0_B3_N14_A_s600_n7,T0_B3_N14_A,100,-940,55.57877059,-725.0269673,219.514579
T0_B3_N14_A_s800_n0,T0_B3_N14_A,728,-226,708.3106913,-229.5381801,20.00468932
T0_B3_N14_A_s800_n1,T0_B3_N14_A,-75,-565,-209.5652984,-973.1828458,429.7918742
T0_B3_N14_A_s800_n2,T0_B3_N14_A,-35,403,-33.18957879,397.0852935,6.18557823
T0_B3_N14_A_s800_n3,T0_B3_N14_A,1111,-1247,880.5371414,-856.0794516,453.7973164
T0_B3_N14_A_s800_n4,T0_B3_N14_A,-579,-270,-273.1131503,-140.5818288,332.1382662
T0_B3_N14_A_s800_n5,T0_B3_N14_A,684,705,683.5701592,697.1914888,7.820333102
T0_B3_N14_A_s800_n6,T0_B3_N14_A,473,1461,389.6423042,1232.932002,242.8240453
T0_B3_N14_A_s800_n7,T0_B3_N14_A,1036,-390,893.1428297,-380.3922956,143.1798837
T0_B3_N14_ADAP_s1000_n0,T0_B3_N14_ADAP,-664,504,-600.5699282,430.2356323,97.28594943
T0_B3_N14_ADAP_s1000_n1,T0_B3_N14_ADAP,-347,-642,-356.3586886,-719.7960457,78.35693832
T0_B3_N14_ADAP_s1000_n2,T0_B3_N14_ADAP,-800,47,-758.4155543,-16.32431309,75.75773726
T0_B3_N14_ADAP_s1000_n3,T0_B3_N14_ADAP,-788,462,-772.1013143,378.8104408,84.695165
T0_B3_N14_ADAP_s1000_n4,T0_B3_N14_ADAP,150,-983,-143.9710718,-1520.751908,612.8589609
T0_B3_N14_ADAP_s1000_n5,T0_B3_N14_ADAP,1599,-396,1494.342476,-503.1586075,149.7870637
T0_B3_N14_ADAP_s1000_n6,T0_B3_N14_ADAP,1578,1394,1300.166514,1177.287379,352.3574973
T0_B3_N14_ADAP_s1000_n7,T0_B3_N14_ADAP,-237,689,-162.4442663,627.555117,96.61278944
T0_B3_N14_ADAP_s1200_n0,T0_B3_N14_ADAP,-600,-421,-536.7906361,-462.285616,75.49785278
T0_B3_N14_ADAP_s1200_n1,T0_B3_N14_ADAP,481,-340,437.2915824,-427.9535819,98.21536709
T0_B3_N14_ADAP_s1200_n2,T0_B3_N14_ADAP,2079,551,1966.452233,473.7109168,136.530591
T0_B3_N14_ADAP_s1200_n3,T0_B3_N14_ADAP,820,-1039,680.2362983,-726.8741437,341.9889508
T0_B3_N14_ADAP_s1200_n4,T0_B3_N14_ADAP,-232,524,-141.1219736,474.6052486,103.4343132
T0_B3_N14_ADAP_s1200_n5,T0_B3_N14_ADAP,-365,1190,-333.4410536,1108.102937,87.76728369
T0_B3_N14_ADAP_s1200_n6,T0_B3_N14_ADAP,-183,1071,-158.94701,998.4901913,76.39514837
T0_B3_N14_ADAP_s1200_n7,T0_B3_N14_ADAP,860,366,859.2491885,367.8594351,2.005297193
T0_B3_N14_ADAP_s400_n0,T0_B3_N14_ADAP,-387,-91,-609.0433968,-369.8283666,356.4386737
T0_B3_N14_ADAP_s400_n1,T0_B3_N14_ADAP,-362,-291,-242.110437,-274.3158057,121.0449076
T0_B3_N14_ADAP_s400_n2,T0_B3_N14_ADAP,-753,-461,-360.2661927,-244.7881265,448.3162027
T0_B3_N14_ADAP_s400_n3,T0_B3_N14_ADAP,1472,-526,700.972703,-155.7836536,855.3030082
T0_B3_N14_ADAP_s400_n4,T0_B3_N14_ADAP,1169,1942,729.4015191,1152.850927,903.3288903
T0_B3_N14_ADAP_s400_n6,T0_B3_N14_ADAP,372,209,370.516969,210.9580623,2.456295747
T0_B3_N14_ADAP_s600_n0,T0_B3_N14_ADAP,998,589,962.397315,522.4794743,75.44886691
T0_B3_N14_ADAP_s600_n1,T0_B3_N14_ADAP,439,-696,379.4343426,-757.9537503,85.94378816
T0_B3_N14_ADAP_s600_n2,T0_B3_N14_ADAP,492,259,491.2491885,260.8594351,2.005297193
T0_B3_N14_ADAP_s600_n3,T0_B3_N14_ADAP,-911,766,-213.1827792,468.2634286,758.6803935
T0_B3_N14_ADAP_s600_n4,T0_B3_N14_ADAP,1258,-205,798.2048715,-69.17416849,479.437396
T0_B3_N14_ADAP_s600_n5,T0_B3_N14_ADAP,-515,-89,-414.8347667,-128.3335662,107.6113534
T0_B3_N14_ADAP_s600_n6,T0_B3_N14_ADAP,112,473,111.2491885,474.8594351,2.005297193
T0_B3_N14_ADAP_s600_n7,T0_B3_N14_ADAP,247,-536,216.610579,-543.2808017,31.24943167
T0_B3_N14_ADAP_s800_n0,T0_B3_N14_ADAP,-861,-1044,-419.5441805,-551.9109487,661.0861328
T0_B3_N14_ADAP_s800_n1,T0_B3_N14_ADAP,360,-397,323.5105912,-419.8761911,43.06735504
T0_B3_N14_ADAP_s800_n2,T0_B3_N14_ADAP,397,-666,330.7511955,-586.6851053,103.342908
T0_B3_N14_ADAP_s800_n3,T0_B3_N14_ADAP,-876,442,-849.8806,356.6914966,89.21750843
T0_B3_N14_ADAP_s800_n4,T0_B3_N14_ADAP,321,1978,233.0809295,1582.157471,405.4886814
T0_B3_N14_ADAP_s800_n5,T0_B3_N14_ADAP,692,-213,662.4649482,-203.617688,30.98946696
T0_B3_N14_ADAP_s800_n6,T0_B3_N14_ADAP,33,1257,62.71716514,1115.12718,144.9517403
T0_B3_N14_ADAP_s800_n7,T0_B3_N14_ADAP,-728,-26,-552.4590174,-50.79404899,177.2833366
T0_B3_N14_B_s1000_n0,T0_B3_N14_B,651,841,656.091737,843.0596253,5.492526067
T0_B3_N14_B_s1000_n1,T0_B3_N14_B,269,68,274.091737,70.05962531,5.492526067
T0_B3_N14_B_s1000_n2,T0_B3_N14_B,-222,1313,-78.17369082,1184.100567,193.1348517
T0_B3_N14_B_s1000_n3,T0_B3_N14_B,-1024,-1237,-428.552379,-584.611971,883.2711983
T0_B3_N14_B_s1000_n4,T0_B3_N14_B,642,-495,679.9951899,-268.3926648,229.7705786
T0_B3_N14_B_s1000_n5,T0_B3_N14_B,116,-52,118.8602909,-47.93184583,4.973041542
T0_B3_N14_B_s1000_n6,T0_B3_N14_B,380,812,385.091737,814.0596253,5.492526067
T0_B3_N14_B_s1000_n7,T0_B3_N14_B,493,-843,567.6471576,-698.4492,162.6872211
T0_B3_N14_B_s1200_n0,T0_B3_N14_B,1854,1153,2053.869315,1132.195157,200.9492094
T0_B3_N14_B_s1200_n1,T0_B3_N14_B,1825,-240,1921.545459,-136.228801,141.7373888
T0_B3_N14_B_s1200_n2,T0_B3_N14_B,-300,-1130,-218.2576083,-1055.834173,110.3738581
T0_B3_N14_B_s1200_n3,T0_B3_N14_B,-450,-1009,-274.932281,-779.6003717,288.5704346
T0_B3_N14_B_s1200_n4,T0_B3_N14_B,191,440,196.091737,442.0596253,5.492526067
T0_B3_N14_B_s1200_n5,T0_B3_N14_B,-483,-423,-353.9356479,-304.503968,175.211063
T0_B3_N14_B_s1200_n6,T0_B3_N14_B,1841,1969,1649.951784,1661.68448,361.859434
T0_B3_N14_B_s1200_n7,T0_B3_N14_B,1522,-375,1554.018939,-261.7459567,117.6932061
T0_B3_N14_B_s400_n0,T0_B3_N14_B,763,1813,588.1413823,1074.566497,758.8541198
T0_B3_N14_B_s400_n1,T0_B3_N14_B,1388,623,641.0234526,324.3355769,804.4715036
T0_B3_N14_B_s400_n2,T0_B3_N14_B,1139,-522,918.0389473,-224.7842479,370.3525214
T0_B3_N14_B_s400_n3,T0_B3_N14_B,965,-1312,712.2545438,-644.1353186,714.0892789
T0_B3_N14_B_s400_n4,T0_B3_N14_B,-144,807,-36.94634702,694.525701,155.2770188
T0_B3_N14_B_s400_n5,T0_B3_N14_B,505,1016,519.0232742,953.2825456,64.26609762
T0_B3_N14_B_s400_n6,T0_B3_N14_B,-412,1746,94.35511211,457.7076125,1384.23003
T0_B3_N14_B_s400_n7,T0_B3_N14_B,-184,177,-176.859745,214.069158,37.75057236
T0_B3_N14_B_s600_n0,T0_B3_N14_B,478,-356,511.121333,-250.225419,110.8390035
T0_B3_N14_B_s600_n1,T0_B3_N14_B,-640,772,-547.2447193,790.4786472,94.5780233
T0_B3_N14_B_s600_n2,T0_B3_N14_B,-53,979,4.97967824,944.8379757,67.29551985
T0_B3_N14_B_s600_n3,T0_B3_N14_B,-996,-552,-735.5965576,-365.0602688,320.5564161
T0_B3_N14_B_s600_n4,T0_B3_N14_B,1380,-1002,1216.881079,-696.7345405,346.11383
T0_B3_N14_B_s600_n5,T0_B3_N14_B,1639,-1080,-7.397822724,580.7197634,2338.5072
T0_B3_N14_B_s600_n6,T0_B3_N14_B,403,-449,444.0397634,-324.8669365,130.7412698
T0_B3_N14_B_s600_n7,T0_B3_N14_B,-475,538,-549.575113,645.0381069,130.4553709
T0_B3_N14_B_s800_n0,T0_B3_N14_B,550,-405,598.1316185,-283.8648508,130.3471406
T0_B3_N14_B_s800_n1,T0_B3_N14_B,0,613,3.189117494,614.1615066,3.394048899
T0_B3_N14_B_s800_n2,T0_B3_N14_B,748,633,753.8735154,635.0644724,6.225771362
T0_B3_N14_B_s800_n3,T0_B3_N14_B,957,126,1025.998142,164.8039733,79.1611766
T0_B3_N14_B_s800_n4,T0_B3_N14_B,-860,-1063,-678.1336859,-924.5165139,228.5892214
T0_B3_N14_B_s800_n5,T0_B3_N14_B,-1057,-1032,-709.6641401,-706.9727036,475.6941696
T0_B3_N14_B_s800_n6,T0_B3_N14_B,-722,-17,-468.1257866,109.8343314,283.7940518
T0_B3_N14_B_s800_n7,T0_B3_N14_B,-560,-481,-367.3112144,-341.6015728,237.8253342
T0_B3_N14_C_s1000_n0,T0_B3_N14_C,-777,-142,-697.1723275,-190.0760418,93.1867109
T0_B3_N14_C_s1000_n1,T0_B3_N14_C,729,307,726.9578366,303.2774375,4.245927829
T0_B3_N14_C_s1000_n2,T0_B3_N14_C,832,111,829.8040623,107.7748079,3.901795278
T0_B3_N14_C_s1000_n3,T0_B3_N14_C,-167,70,-176.5527908,57.47660569,15.75091162
T0_B3_N14_C_s1000_n4,T0_B3_N14_C,592,552,589.9578366,548.2774375,4.245927829
T0_B3_N14_C_s1000_n5,T0_B3_N14_C,-406,997,-326.8696602,919.5935272,110.6949534
T0_B3_N14_C_s1000_n6,T0_B3_N14_C,641,533,638.9578366,521.182369,11.99278255
T0_B3_N14_C_s1000_n7,T0_B3_N14_C,769,1690,775.7893056,1469.818329,220.28632
T0_B3_N14_C_s1200_n0,T0_B3_N14_C,466,160,458.1455081,156.2774375,8.69197988
T0_B3_N14_C_s1200_n1,T0_B3_N14_C,-543,1662,-417.5043779,1467.00296,231.8900529
T0_B3_N14_C_s1200_n2,T0_B3_N14_C,1109,720,1108.576864,707.2382246,12.76878833
T0_B3_N14_C_s1200_n3,T0_B3_N14_C,410,474,407.9578366,470.2774375,4.245927829
T0_B3_N14_C_s1200_n4,T0_B3_N14_C,50,1177,53.86351678,1163.320251,14.21486197
T0_B3_N14_C_s1200_n5,T0_B3_N14_C,-717,-817,-352.9799928,-573.7950599,437.789
T0_B3_N14_C_s1200_n6,T0_B3_N14_C,-87,-580,80.91510362,-502.7722523,184.8231778
T0_B3_N14_C_s1200_n7,T0_B3_N14_C,482,-773,519.8116504,-1020.003858,249.8812249
T0_B3_N14_C_s400_n0,T0_B3_N14_C,261,-308,246.0259177,-324.7736555,22.48507631
T0_B3_N14_C_s400_n1,T0_B3_N14_C,616,-38,566.9612484,-32.00813841,49.40345698
T0_B3_N14_C_s400_n2,T0_B3_N14_C,383,-274,361.7030905,-181.6995086,94.72559883
T0_B3_N14_C_s400_n4,T0_B3_N14_C,-229,312,-233.2426465,301.1027437,11.69402604
T0_B3_N14_C_s400_n5,T0_B3_N14_C,728,1080,664.5959397,880.5881591,209.2490314
T0_B3_N14_C_s600_n0,T0_B3_N14_C,1517,1449,1238.890545,996.0247589,531.5368643
T0_B3_N14_C_s600_n1,T0_B3_N14_C,-699,1290,-456.359678,1104.790285,305.2490204
T0_B3_N14_C_s600_n2,T0_B3_N14_C,151,-119,148.077958,-92.44321875,26.71705373
T0_B3_N14_C_s600_n3,T0_B3_N14_C,973,1779,1004.395435,1523.102407,257.8163136
T0_B3_N14_C_s600_n4,T0_B3_N14_C,1141,137,1056.046228,138.6366485,84.96953593
T0_B3_N14_C_s600_n5,T0_B3_N14_C,720,1755,615.7637882,1224.173898,540.9635281
T0_B3_N14_C_s600_n6,T0_B3_N14_C,-935,-923,-498.6983808,-574.1253389,558.6346141
T0_B3_N14_C_s600_n7,T0_B3_N14_C,-975,1232,-616.1346899,915.4493436,478.5275633
T0_B3_N14_C_s800_n0,T0_B3_N14_C,47,-261,39.89974381,-243.569842,18.82084077
T0_B3_N14_C_s800_n1,T0_B3_N14_C,-13,-402,24.77098964,-307.5379789,101.733579
T0_B3_N14_C_s800_n2,T0_B3_N14_C,271,360,268.9578366,356.2774375,4.245927829
T0_B3_N14_C_s800_n3,T0_B3_N14_C,802,754,803.9145789,752.8617327,2.227389684
T0_B3_N14_C_s800_n4,T0_B3_N14_C,-315,372,-352.248083,312.6121101,70.10236194
T0_B3_N14_C_s800_n5,T0_B3_N14_C,159,-673,326.1295302,-270.409523,435.9029388
T0_B3_N14_C_s800_n6,T0_B3_N14_C,1612,1241,1795.892011,1131.473105,214.0383437
T0_B3_N14_C_s800_n7,T0_B3_N14_C,-581,167,-638.5058951,86.37306367,99.03348338
T0_B3_N14_D_s1000_n0,T0_B3_N14_D,-196,352,-225.1454885,239.3713527,116.3386079
T0_B3_N14_D_s1000_n1,T0_B3_N14_D,417,225,418.5891078,203.6260539,21.43293806
T0_B3_N14_D_s1000_n2,T0_B3_N14_D,-223,-176,-338.4879389,-503.4157434,347.1865969
T0_B3_N14_D_s1000_n3,T0_B3_N14_D,406,1138,393.2303173,1086.345297,53.2097086
T0_B3_N14_D_s1000_n4,T0_B3_N14_D,723,398,717.1774475,388.4209075,11.2098676
T0_B3_N14_D_s1000_n5,T0_B3_N14_D,1154,719,1155.827814,663.4334187,55.5966353
T0_B3_N14_D_s1000_n6,T0_B3_N14_D,535,1285,506.2096361,1148.676834,139.33015
T0_B3_N14_D_s1000_n7,T0_B3_N14_D,507,-176,507.7580554,-294.3614786,118.3639061
T0_B3_N14_D_s1200_n0,T0_B3_N14_D,998,1259,992.9193508,1249.338267,10.91613813
T0_B3_N14_D_s1200_n1,T0_B3_N14_D,-23,403,-29.93102419,384.0342448,20.19254727
T0_B3_N14_D_s1200_n2,T0_B3_N14_D,226,951,227.5891078,930.9952025,20.06781469
T0_B3_N14_D_s1200_n3,T0_B3_N14_D,-23,24,-25.63317311,15.90987469,8.507862724
T0_B3_N14_D_s1200_n4,T0_B3_N14_D,1074,963,1075.589108,942.3282421,20.73274799
T0_B3_N14_D_s1200_n5,T0_B3_N14_D,992,972,993.5891078,951.8002493,20.26216157
T0_B3_N14_D_s1200_n6,T0_B3_N14_D,17,1004,19.16927608,985.9022655,18.22728043
T0_B3_N14_D_s1200_n7,T0_B3_N14_D,623,611,624.5891078,601.4209075,9.710009148
T0_B3_N14_D_s400_n0,T0_B3_N14_D,-22,366,-14.51214,358.0529714,10.91894274
T0_B3_N14_D_s400_n1,T0_B3_N14_D,-294,-310,-133.9684763,-210.6577423,188.358628
T0_B3_N14_D_s400_n2,T0_B3_N14_D,1150,1244,665.0581409,581.6804286,820.8750339
T0_B3_N14_D_s400_n3,T0_B3_N14_D,-614,177,-421.8990447,22.5941383,246.4628718
T0_B3_N14_D_s400_n4,T0_B3_N14_D,-343,149,-438.667146,91.3460746,111.6968125
T0_B3_N14_D_s400_n5,T0_B3_N14_D,32,-235,47.19541986,-279.9844896,47.48162896
T0_B3_N14_D_s400_n6,T0_B3_N14_D,422,1239,417.6581269,1216.62981,22.7876561
T0_B3_N14_D_s400_n7,T0_B3_N14_D,208,-267,204.6213537,-393.9423691,126.9873235
T0_B3_N14_D_s600_n0,T0_B3_N14_D,-475,202,-380.7828617,14.9401599,209.4474944
T0_B3_N14_D_s600_n1,T0_B3_N14_D,985,-553,714.4554335,-473.8966054,281.8717962
T0_B3_N14_D_s600_n2,T0_B3_N14_D,311,-525,329.5217748,-696.553424,172.5503794
T0_B3_N14_D_s600_n3,T0_B3_N14_D,76,-406,114.2592753,-418.1817194,40.15179244
T0_B3_N14_D_s600_n4,T0_B3_N14_D,-322,-545,-272.0255281,-522.2467485,54.91045708
T0_B3_N14_D_s600_n5,T0_B3_N14_D,-328,565,-314.8499302,455.1466519,110.6376175
T0_B3_N14_D_s600_n6,T0_B3_N14_D,-591,12,-503.0017942,-147.0016541,181.7283968
T0_B3_N14_D_s600_n7,T0_B3_N14_D,-529,82,-390.8168349,-52.50023594,192.8338679
T0_B3_N14_D_s800_n0,T0_B3_N14_D,144,1254,136.9888114,954.1593495,299.9226108
T0_B3_N14_D_s800_n1,T0_B3_N14_D,-85,136,-72.06439298,126.1453001,16.26176615
T0_B3_N14_D_s800_n2,T0_B3_N14_D,554,-338,559.3200283,-588.2138761,250.2704267
T0_B3_N14_D_s800_n3,T0_B3_N14_D,12,842,11.64211689,809.9356067,32.06639051
T0_B3_N14_D_s800_n4,T0_B3_N14_D,792,307,792.9964101,295.7851244,11.25905268
T0_B3_N14_D_s800_n5,T0_B3_N14_D,369,588,370.5891078,578.4209075,9.710009148
T0_B3_N14_D_s800_n6,T0_B3_N14_D,82,-87,98.03691491,-101.1073251,21.35882166
T0_B3_N14_D_s800_n7,T0_B3_N14_D,1203,776,1284.329391,630.8919068,166.3455096
T0_B3_N23_A_s1000_n0,T0_B3_N23_A,255,435,252.4985863,427.6586471,7.755806401
T0_B3_N23_A_s1000_n1,T0_B3_N23_A,1028,157,1012.670141,153.8583577,15.64846583
T0_B3_N23_A_s1000_n2,T0_B3_N23_A,46,2014,233.8344966,1584.574536,468.7088942
T0_B3_N23_A_s1000_n3,T0_B3_N23_A,-356,432,-351.5484187,399.0572544,33.24215791
T0_B3_N23_A_s1000_n4,T0_B3_N23_A,17,-920,-42.42676262,-1141.17681,229.0212244
T0_B3_N23_A_s1000_n5,T0_B3_N23_A,1043,210,1026.061531,207.8506465,17.07429195
T0_B3_N23_A_s1000_n6,T0_B3_N23_A,301,-935,264.7028343,-1054.960185,125.3312824
T0_B3_N23_A_s1000_n7,T0_B3_N23_A,857,167,845.5362881,162.9069523,12.17249892
T0_B3_N23_A_s1200_n0,T0_B3_N23_A,1181,1005,1176.105635,1001.288817,6.142286803
T0_B3_N23_A_s1200_n1,T0_B3_N23_A,-318,39,-277.3245037,-25.44130644,76.20484222
T0_B3_N23_A_s1200_n2,T0_B3_N23_A,-97,-11,-58.83721513,1.658370687,40.2073687
T0_B3_N23_A_s1200_n3,T0_B3_N23_A,179,851,176.4985863,843.0301623,8.353166084
T0_B3_N23_A_s1200_n4,T0_B3_N23_A,330,768,327.4985863,760.548124,7.860504185
T0_B3_N23_A_s1200_n5,T0_B3_N23_A,-875,33,-803.9263694,-112.3479662,161.7945989
T0_B3_N23_A_s1200_n6,T0_B3_N23_A,870,1015,881.3560907,1005.679521,14.69122598
T0_B3_N23_A_s1200_n7,T0_B3_N23_A,1801,-292,1690.583522,-233.7757909,124.8273092
T0_B3_N23_A_s400_n0,T0_B3_N23_A,1183,-165,942.8509537,-78.65069141,255.2014255
T0_B3_N23_A_s400_n1,T0_B3_N23_A,608,975,517.511139,769.2534371,224.7662833
T0_B3_N23_A_s400_n2,T0_B3_N23_A,134,266,131.4985863,261.9069523,4.796885498
T0_B3_N23_A_s400_n3,T0_B3_N23_A,1672,158,438.6920066,159.4316871,1233.308824
T0_B3_N23_A_s400_n4,T0_B3_N23_A,783,-731,569.625535,-486.4830909,324.526087
T0_B3_N23_A_s400_n5,T0_B3_N23_A,-976,1278,-813.6911944,1093.210864,245.9495336
T0_B3_N23_A_s400_n6,T0_B3_N23_A,243,-81,237.2665083,-93.511314,13.76248179
T0_B3_N23_A_s400_n7,T0_B3_N23_A,-373,1520,362.0407171,-270.0424332,1935.080559
T0_B3_N23_A_s600_n0,T0_B3_N23_A,335,-691,301.9105296,-722.3472599,45.58030008
T0_B3_N23_A_s600_n1,T0_B3_N23_A,497,-1351,445.9821262,-1742.967094,395.2733562
T0_B3_N23_A_s600_n2,T0_B3_N23_A,-170,-186,-199.303437,-264.1967224,83.50699854
T0_B3_N23_A_s600_n3,T0_B3_N23_A,-141,1657,98.86483534,928.56879,766.9075348
T0_B3_N23_A_s600_n4,T0_B3_N23_A,70,237,68.75644912,232.6148079,4.558105774
T0_B3_N23_A_s600_n5,T0_B3_N23_A,533,-8,514.6953078,0.663826953,20.25150996
T0_B3_N23_A_s600_n6,T0_B3_N23_A,58,532,54.93988401,519.3179152,13.04605626
T0_B3_N23_A_s800_n0,T0_B3_N23_A,26,373,27.03200451,362.696644,10.35491079
T0_B3_N23_A_s800_n1,T0_B3_N23_A,231,-678,208.261559,-682.9056465,23.26160065
T0_B3_N23_A_s800_n2,T0_B3_N23_A,584,-745,505.6227008,-731.0646652,79.6064984
T0_B3_N23_A_s800_n3,T0_B3_N23_A,1017,489,998.3837426,484.4049967,19.17496012
T0_B3_N23_A_s800_n4,T0_B3_N23_A,702,635,698.0827942,630.820887,5.72795663
T0_B3_N23_A_s800_n5,T0_B3_N23_A,943,-392,808.9297571,-260.1666186,188.0289086
T0_B3_N23_A_s800_n6,T0_B3_N23_A,1520,1330,1225.088448,1048.057182,408.0007055
T0_B3_N23_A_s800_n7,T0_B3_N23_A,619,315,616.4985863,310.9069523,4.796885498
T0_B3_N23_ADAP_s1000_n0,T0_B3_N23_ADAP,-11,254,-12.6543146,253.6272519,1.695788288
T0_B3_N23_ADAP_s1000_n1,T0_B3_N23_ADAP,247,178,247.0726778,177.9019626,0.122038495
T0_B3_N23_ADAP_s1000_n2,T0_B3_N23_ADAP,501,1227,514.7175498,1261.412368,37.04567784
T0_B3_N23_ADAP_s1000_n3,T0_B3_N23_ADAP,1179,328,1147.393656,313.5591076,34.74910547
T0_B3_N23_ADAP_s1000_n4,T0_B3_N23_ADAP,-228,966,-174.1519558,931.252421,64.08592757
T0_B3_N23_ADAP_s1000_n5,T0_B3_N23_ADAP,236,-148,219.2143826,-203.0565648,57.5585118
T0_B3_N23_ADAP_s1000_n6,T0_B3_N23_ADAP,1043,1073,956.4443394,979.6137708,127.3297695
T0_B3_N23_ADAP_s1000_n7,T0_B3_N23_ADAP,617,-52,605.570454,-52.42283525,11.43736472
T0_B3_N23_ADAP_s1200_n0,T0_B3_N23_ADAP,869,635,869.0726778,634.9019626,0.122038495
T0_B3_N23_ADAP_s1200_n1,T0_B3_N23_ADAP,226,-156,209.6542068,-177.4547402,26.97203795
T0_B3_N23_ADAP_s1200_n2,T0_B3_N23_ADAP,919,199,919.0726778,198.9019626,0.122038495
T0_B3_N23_ADAP_s1200_n3,T0_B3_N23_ADAP,396,-66,387.2886149,-96.27881432,31.50705994
T0_B3_N23_ADAP_s1200_n4,T0_B3_N23_ADAP,1081,662,1081.072678,661.9019626,0.122038495
T0_B3_N23_ADAP_s1200_n5,T0_B3_N23_ADAP,1127,1224,1099.604109,1209.793407,30.86036451
T0_B3_N23_ADAP_s1200_n6,T0_B3_N23_ADAP,1,159,0.793766614,158.7111533,0.354914958
T0_B3_N23_ADAP_s1200_n7,T0_B3_N23_ADAP,503,-66,494.1117285,-96.27881432,31.55642514
T0_B3_N23_ADAP_s400_n0,T0_B3_N23_ADAP,-572,802,-580.1793582,756.0715855,46.65105743
T0_B3_N23_ADAP_s400_n1,T0_B3_N23_ADAP,-270,-58,-109.1922889,-7.804360343,168.4598534
T0_B3_N23_ADAP_s400_n2,T0_B3_N23_ADAP,-563,466,-422.8218242,394.9242873,157.1676745
T0_B3_N23_ADAP_s400_n5,T0_B3_N23_ADAP,705,-164,502.8768946,-26.13070752,244.6664905
T0_B3_N23_ADAP_s400_n6,T0_B3_N23_ADAP,-332,-41,15.84395248,56.4822012,361.2453388
T0_B3_N23_ADAP_s400_n7,T0_B3_N23_ADAP,425,0,373.8578264,58.92759584,78.02553089
T0_B3_N23_ADAP_s600_n0,T0_B3_N23_ADAP,287,-15,287.2463539,-17.34313312,2.356048186
T0_B3_N23_ADAP_s600_n1,T0_B3_N23_ADAP,1016,-842,847.1340688,-526.8577584,357.533684
T0_B3_N23_ADAP_s600_n2,T0_B3_N23_ADAP,-335,-700,-216.2930255,-525.0960588,211.3829095
T0_B3_N23_ADAP_s600_n3,T0_B3_N23_ADAP,104,-75,138.2849769,-10.03283331,73.45878019
T0_B3_N23_ADAP_s600_n4,T0_B3_N23_ADAP,425,288,425.0726778,287.9019626,0.122038495
T0_B3_N23_ADAP_s600_n5,T0_B3_N23_ADAP,140,353,140.0726778,352.9019626,0.122038495
T0_B3_N23_ADAP_s600_n6,T0_B3_N23_ADAP,205,145,205.0726778,144.9019626,0.122038495
T0_B3_N23_ADAP_s600_n7,T0_B3_N23_ADAP,285,-149,274.202905,-4.718576337,144.6848523
T0_B3_N23_ADAP_s800_n0,T0_B3_N23_ADAP,778,-339,726.1656825,-141.0515794,204.6225151
T0_B3_N23_ADAP_s800_n1,T0_B3_N23_ADAP,154,297,154.0726778,296.9019626,0.122038495
T0_B3_N23_ADAP_s800_n2,T0_B3_N23_ADAP,-428,530,-365.6033481,513.777654,64.47097543
T0_B3_N23_ADAP_s800_n3,T0_B3_N23_ADAP,403,-522,392.4056482,-464.8527132,58.12101748
T0_B3_N23_ADAP_s800_n4,T0_B3_N23_ADAP,154,1126,205.6371457,1101.82102,57.01769817
T0_B3_N23_ADAP_s800_n5,T0_B3_N23_ADAP,-428,-682,-208.2185837,-386.2040551,368.5093106
T0_B3_N23_ADAP_s800_n6,T0_B3_N23_ADAP,-45,447,-27.98057559,438.5997326,18.97960221
T0_B3_N23_ADAP_s800_n7,T0_B3_N23_ADAP,820,-119,782.295566,-72.66266325,59.73920922
T0_B3_N23_B_s1000_n0,T0_B3_N23_B,1469,1061,1548.928964,1068.894315,80.3178656
T0_B3_N23_B_s1000_n1,T0_B3_N23_B,848,661,864.9976413,661.3930874,17.00218598
T0_B3_N23_B_s1000_n2,T0_B3_N23_B,788,-71,783.3913831,-72.41266685,4.820267393
T0_B3_N23_B_s1000_n3,T0_B3_N23_B,-317,71,-257.2944638,53.02659469,62.35218002
T0_B3_N23_B_s1000_n4,T0_B3_N23_B,-136,359,-153.5338212,326.3557602,37.05511137
T0_B3_N23_B_s1000_n5,T0_B3_N23_B,643,75,639.0974073,74.98138758,3.902637056
T0_B3_N23_B_s1000_n6,T0_B3_N23_B,530,-918,548.2749524,-706.709332,212.0795141
T0_B3_N23_B_s1000_n7,T0_B3_N23_B,-401,1149,-399.5525137,1111.422596,37.60527278
T0_B3_N23_B_s1200_n0,T0_B3_N23_B,-585,537,-700.8116076,491.3307281,124.4910071
T0_B3_N23_B_s1200_n1,T0_B3_N23_B,969,1587,1035.325441,1566.26626,69.4906621
T0_B3_N23_B_s1200_n2,T0_B3_N23_B,-585,538,-700.8116076,492.3307281,124.4910071
T0_B3_N23_B_s1200_n3,T0_B3_N23_B,1391,135,1397.587446,135.7310076,6.627881639
T0_B3_N23_B_s1200_n4,T0_B3_N23_B,-283,1082,-250.346933,1014.806629,74.70724093
T0_B3_N23_B_s1200_n5,T0_B3_N23_B,1108,-442,1138.546062,-364.4392153,83.3590862
T0_B3_N23_B_s1200_n6,T0_B3_N23_B,367,1644,427.8085515,1571.432553,94.67689457
T0_B3_N23_B_s1200_n7,T0_B3_N23_B,1542,-81,1581.989715,-81.39206445,39.99163719
T0_B3_N23_B_s400_n0,T0_B3_N23_B,137,1570,208.8483883,1056.597241,518.4058097
T0_B3_N23_B_s400_n1,T0_B3_N23_B,-482,-340,-452.6246122,-396.6925133,63.85103341
T0_B3_N23_B_s400_n2,T0_B3_N23_B,238,291,234.5404713,291.6005943,3.511275018
T0_B3_N23_B_s400_n3,T0_B3_N23_B,973,-744,661.9471006,-305.9030188,537.2921655
T0_B3_N23_B_s400_n4,T0_B3_N23_B,103,-253,75.51370768,-390.4796285,140.2003728
T0_B3_N23_B_s400_n5,T0_B3_N23_B,-382,-158,-147.2095426,-34.20591751,265.4270781
T0_B3_N23_B_s400_n6,T0_B3_N23_B,289,1367,310.4174066,1017.607716,350.0481018
T0_B3_N23_B_s400_n7,T0_B3_N23_B,1576,816,1177.168743,651.0691697,431.588404
T0_B3_N23_B_s600_n0,T0_B3_N23_B,-392,499,-331.911445,435.6607239,87.30692039
T0_B3_N23_B_s600_n1,T0_B3_N23_B,-131,6,-122.3618207,7.841244965,8.832232121
T0_B3_N23_B_s600_n2,T0_B3_N23_B,578,1611,625.7496637,1501.92384,119.0698913
T0_B3_N23_B_s600_n3,T0_B3_N23_B,379,83,375.2226616,83.1551797,3.780524547
T0_B3_N23_B_s600_n4,T0_B3_N23_B,234,-49,229.1566851,-50.35908475,5.030388723
T0_B3_N23_B_s600_n5,T0_B3_N23_B,569,-130,561.0777127,-110.2848241,21.24737155
T0_B3_N23_B_s600_n7,T0_B3_N23_B,-13,-644,-18.61335745,-655.0763857,12.4175723
T0_B3_N23_B_s800_n0,T0_B3_N23_B,-526,106,-500.7903834,87.34190234,31.3631851
T0_B3_N23_B_s800_n1,T0_B3_N23_B,-263,-428,-208.5887845,-376.5663576,74.87322581
T0_B3_N23_B_s800_n2,T0_B3_N23_B,626,180,622.5936074,180.3930874,3.42899811
T0_B3_N23_B_s800_n3,T0_B3_N23_B,-127,-793,-153.1874879,-839.1388793,53.05262206
T0_B3_N23_B_s800_n4,T0_B3_N23_B,445,54,440.8640712,53.94250623,4.136328389
T0_B3_N23_B_s800_n5,T0_B3_N23_B,297,1270,356.6072636,1221.276065,76.98732189
T0_B3_N23_B_s800_n6,T0_B3_N23_B,-393,-679,-448.1833601,-795.7085248,129.0971843
T0_B3_N23_B_s800_n7,T0_B3_N23_B,776,-479,747.5443582,-339.6917564,142.1847751
T0_B3_N23_C_s1000_n0,T0_B3_N23_C,390,1870,496.677888,1792.209555,132.0285012
T0_B3_N23_C_s1000_n1,T0_B3_N23_C,1767,295,1685.594991,330.8973636,88.96851244
T0_B3_N23_C_s1000_n2,T0_B3_N23_C,-407,335,-375.9077645,281.4771592,61.89847817
T0_B3_N23_C_s1000_n3,T0_B3_N23_C,40,-448,43.20209317,-478.1422971,30.31190316
T0_B3_N23_C_s1000_n4,T0_B3_N23_C,-935,-596,-1461.855864,-1018.748721,675.4950649
T0_B3_N23_C_s1000_n5,T0_B3_N23_C,-431,-809,-536.1202145,-1006.183261,223.45357
T0_B3_N23_C_s1000_n6,T0_B3_N23_C,-844,-220,-1406.195165,-746.6674267,770.3518562
T0_B3_N23_C_s1000_n7,T0_B3_N23_C,-297,-553,-279.7878343,-619.6870809,68.87253015
T0_B3_N23_C_s1200_n0,T0_B3_N23_C,1120,556,1123.292066,553.9536484,3.876242278
T0_B3_N23_C_s1200_n1,T0_B3_N23_C,-112,-46,-52.31451965,-14.42422874,67.52322486
T0_B3_N23_C_s1200_n2,T0_B3_N23_C,-354,385,-192.7549112,417.6550349,164.5184791
T0_B3_N23_C_s1200_n3,T0_B3_N23_C,11,-560,16.75505007,-572.1803185,13.47147952
T0_B3_N23_C_s1200_n4,T0_B3_N23_C,1801,183,1718.278617,217.1013862,89.47475479
T0_B3_N23_C_s1200_n5,T0_B3_N23_C,-787,1155,-584.3616583,1062.233299,222.8630932
T0_B3_N23_C_s1200_n6,T0_B3_N23_C,175,579,178.2920661,576.9536484,3.876242278
T0_B3_N23_C_s1200_n7,T0_B3_N23_C,-418,417,-338.9690393,395.6258733,81.87030014
T0_B3_N23_C_s400_n0,T0_B3_N23_C,102,143,105.2920661,140.9536484,3.876242278
T0_B3_N23_C_s400_n1,T0_B3_N23_C,729,-221,747.9841917,-208.3150152,22.83217848
T0_B3_N23_C_s400_n2,T0_B3_N23_C,229,-2,232.9214033,-8.308859425,7.428264343
T0_B3_N23_C_s400_n3,T0_B3_N23_C,1488,992,986.7943767,764.1086181,550.5829263
T0_B3_N23_C_s400_n4,T0_B3_N23_C,17,-177,38.29192017,-185.2381319,22.83008281
T0_B3_N23_C_s400_n7,T0_B3_N23_C,887,-399,1096.215984,-552.1288604,259.2677686
T0_B3_N23_C_s600_n0,T0_B3_N23_C,479,-167,489.5856461,-198.4237875,33.15886491
T0_B3_N23_C_s600_n1,T0_B3_N23_C,157,-508,205.9473782,-390.7559956,127.0511803
T0_B3_N23_C_s600_n2,T0_B3_N23_C,439,-299,476.4783797,-397.0825715,104.9991417
T0_B3_N23_C_s600_n3,T0_B3_N23_C,-330,104,-271.8505339,138.1132725,67.41717709
T0_B3_N23_C_s600_n4,T0_B3_N23_C,420,242,423.2920661,239.9536484,3.876242278
T0_B3_N23_C_s600_n5,T0_B3_N23_C,495,306,498.2920661,303.9536484,3.876242278
T0_B3_N23_C_s600_n6,T0_B3_N23_C,-634,977,-478.4227826,823.8451379,218.3132666
T0_B3_N23_C_s600_n7,T0_B3_N23_C,906,1843,1069.092054,1771.791617,177.9596919
T0_B3_N23_C_s800_n0,T0_B3_N23_C,1650,-771,1840.733458,-940.8590247,255.4042686
T0_B3_N23_C_s800_n1,T0_B3_N23_C,896,-1002,959.9236264,-814.2929751,198.2931093
T0_B3_N23_C_s800_n2,T0_B3_N23_C,491,-1109,514.2149163,-773.6178939,336.1846061
T0_B3_N23_C_s800_n3,T0_B3_N23_C,51,63,54.81242933,61.17820869,4.225345075
T0_B3_N23_C_s800_n4,T0_B3_N23_C,-284,-326,-211.9049068,-313.5752212,73.15789493
T0_B3_N23_C_s800_n5,T0_B3_N23_C,-396,763,-319.1833551,689.9157342,106.0288019
T0_B3_N23_C_s800_n6,T0_B3_N23_C,143,166,146.2920661,163.9536484,3.876242278
T0_B3_N23_C_s800_n7,T0_B3_N23_C,1711,112,1495.601714,179.3534182,225.6831955
T0_B3_N23_D_s1000_n0,T0_B3_N23_D,107,903,111.0781247,902.1705907,4.161612803
T0_B3_N23_D_s1000_n1,T0_B3_N23_D,439,298,454.9188528,280.6591486,23.53964738
T0_B3_N23_D_s1000_n2,T0_B3_N23_D,1006,1731,651.769073,1232.926639,611.1927869
T0_B3_N23_D_s1000_n3,T0_B3_N23_D,896,-489,851.7071696,-380.9968336,116.7327665
T0_B3_N23_D_s1000_n4,T0_B3_N23_D,56,-816,12.87598518,-545.2460248,274.1667298
T0_B3_N23_D_s1000_n5,T0_B3_N23_D,631,-896,652.3857886,-831.1369337,68.29765235
T0_B3_N23_D_s1000_n6,T0_B3_N23_D,392,807,410.4259906,787.2944196,26.97826952
T0_B3_N23_D_s1000_n7,T0_B3_N23_D,-103,-723,-291.1750476,-932.460257,281.573166
T0_B3_N23_D_s1200_n0,T0_B3_N23_D,-579,333,-473.9914753,344.051501,105.5884745
T0_B3_N23_D_s1200_n1,T0_B3_N23_D,532,760,536.0781247,757.5390134,4.763145616
T0_B3_N23_D_s1200_n2,T0_B3_N23_D,1353,722,1355.441159,700.759249,21.38056967
T0_B3_N23_D_s1200_n3,T0_B3_N23_D,1558,-363,1502.406189,-286.3162567,94.7157235
T0_B3_N23_D_s1200_n4,T0_B3_N23_D,-207,-989,-710.8991014,-1717.716293,885.9693787
T0_B3_N23_D_s1200_n5,T0_B3_N23_D,1403,-249,1400.286456,-207.9099806,41.17952178
T0_B3_N23_D_s1200_n6,T0_B3_N23_D,1701,230,1913.451637,99.65895996,249.2478383
T0_B3_N23_D_s1200_n7,T0_B3_N23_D,-540,-1143,1333.660853,1797.81631,3486.976564
T0_B3_N23_D_s400_n0,T0_B3_N23_D,-296,242,-266.4978578,227.5396229,32.85542419
T0_B3_N23_D_s400_n1,T0_B3_N23_D,368,85,374.4030707,83.87319536,6.501461634
T0_B3_N23_D_s400_n2,T0_B3_N23_D,-1147,1271,-591.745794,805.3151942,724.6858434
T0_B3_N23_D_s400_n3,T0_B3_N23_D,17,-132,39.21425413,-118.1576954,26.17408038
T0_B3_N23_D_s400_n4,T0_B3_N23_D,64,-40,68.17840498,-35.62093686,6.052707007
T0_B3_N23_D_s400_n5,T0_B3_N23_D,-517,641,-111.2475989,431.4946108,456.6481349
T0_B3_N23_D_s400_n6,T0_B3_N23_D,-1082,-36,-532.3308577,44.41929678,555.5208631
T0_B3_N23_D_s400_n7,T0_B3_N23_D,-952,396,-918.629291,415.8363497,38.82119247
T0_B3_N23_D_s600_n0,T0_B3_N23_D,471,575,475.0156361,573.6612913,4.232903727
T0_B3_N23_D_s600_n1,T0_B3_N23_D,0,-320,-38.13797089,-378.6219319,69.93594018
T0_B3_N23_D_s600_n2,T0_B3_N23_D,-213,190,-158.3496767,183.4732485,55.03868026
T0_B3_N23_D_s600_n3,T0_B3_N23_D,-448,309,-200.6343862,310.6543502,247.3711458
T0_B3_N23_D_s600_n4,T0_B3_N23_D,17,-313,52.76101342,-247.9480599,74.23344926
T0_B3_N23_D_s600_n5,T0_B3_N23_D,418,-13,428.5920828,-15.98972722,11.00593871
T0_B3_N23_D_s600_n6,T0_B3_N23_D,-320,-437,-264.4443043,-492.5271452,78.54743268
T0_B3_N23_D_s600_n7,T0_B3_N23_D,1108,-1092,1077.793522,-1111.430868,35.91643035
T0_B3_N23_D_s800_n0,T0_B3_N23_D,-330,-495,-371.6854084,-779.5689818,287.6059434
T0_B3_N23_D_s800_n1,T0_B3_N23_D,399,1264,421.5330736,1209.696124,58.79328463
T0_B3_N23_D_s800_n2,T0_B3_N23_D,135,-290,141.4529746,-306.365303,17.59158959
T0_B3_N23_D_s800_n3,T0_B3_N23_D,589,739,593.1175286,737.6688747,4.327347536
T0_B3_N23_D_s800_n4,T0_B3_N23_D,-871,424,-747.9699499,439.216081,123.9674246
T0_B3_N23_D_s800_n5,T0_B3_N23_D,1623,1710,1277.407431,1392.460946,469.324274
T0_B3_N23_D_s800_n6,T0_B3_N23_D,982,-286,921.4507274,-148.0122943,150.6878274
T0_B3_N23_D_s800_n7,T0_B3_N23_D,263,34,273.0838908,33.34242521,10.1053084
T2_B1_N10_A_s1000_n0,T2_B1_N10_A,58,-902,149.4299275,-464.7059234,446.7499761
T2_B1_N10_A_s1000_n1,T2_B1_N10_A,-294,354,-194.4979618,313.7306327,107.3418723
T2_B1_N10_A_s1000_n2,T2_B1_N10_A,503,-129,509.6114066,-134.4909742,8.594271091
T2_B1_N10_A_s1000_n3,T2_B1_N10_A,689,-390,677.8233494,-429.0564821,40.62420844
T2_B1_N10_A_s1000_n4,T2_B1_N10_A,1813,-1210,1544.197013,-794.5759791,494.8051769
T2_B1_N10_A_s1000_n5,T2_B1_N10_A,-29,696,-34.19502198,664.7958431,31.63364763
T2_B1_N10_A_s1000_n6,T2_B1_N10_A,1517,1578,1516.152904,1524.168509,53.8381559
T2_B1_N10_A_s1000_n7,T2_B1_N10_A,-963,-942,-638.1215763,-497.0784231,550.9094298
T2_B1_N10_A_s1200_n0,T2_B1_N10_A,1479,-1373,1192.637826,-720.5794579,712.4997253
T2_B1_N10_A_s1200_n1,T2_B1_N10_A,811,6,808.9313769,6.364072944,2.100416733
T2_B1_N10_A_s1200_n2,T2_B1_N10_A,-300,-981,-348.9152257,-913.5947583,83.28364731
T2_B1_N10_A_s1200_n3,T2_B1_N10_A,430,-679,531.5379279,-111.0178573,576.9867115
T2_B1_N10_A_s1200_n4,T2_B1_N10_A,-870,1118,-375.1689941,999.3302427,508.8617058
T2_B1_N10_A_s1200_n5,T2_B1_N10_A,-621,2145,-235.3864367,1698.339639,590.0875347
T2_B1_N10_A_s1200_n6,T2_B1_N10_A,-236,-60,-343.3752789,-288.1915712,252.192077
T2_B1_N10_A_s1200_n7,T2_B1_N10_A,1165,-953,1187.518336,-958.9168511,23.28270984
T2_B1_N10_A_s400_n3,T2_B1_N10_A,255,380,254.5842523,378.3495539,1.702004256
T2_B1_N10_A_s400_n5,T2_B1_N10_A,-1503,696,-202.2820361,338.8396199,1348.862765
T2_B1_N10_A_s400_n6,T2_B1_N10_A,216,233,215.1329785,232.3075431,1.109604816
T2_B1_N10_A_s400_n7,T2_B1_N10_A,61,184,60.2214734,183.3030611,1.044905463
T2_B1_N10_A_s600_n0,T2_B1_N10_A,1247,627,980.8680732,458.5691181,314.9526384
T2_B1_N10_A_s600_n1,T2_B1_N10_A,-478,73,-326.9507288,43.47032378,153.9086875
T2_B1_N10_A_s600_n2,T2_B1_N10_A,699,199,692.3762496,158.5621655,40.97673152
T2_B1_N10_A_s600_n3,T2_B1_N10_A,-567,506,-382.6766437,479.4930389,186.2195443
T2_B1_N10_A_s600_n4,T2_B1_N10_A,615,1349,549.4692161,1122.611665,235.6819086
T2_B1_N10_A_s600_n5,T2_B1_N10_A,-377,489,-316.9870331,462.2440186,65.7072198
T2_B1_N10_A_s600_n6,T2_B1_N10_A,-495,-269,-499.6553898,-391.1396486,122.2283372
T2_B1_N10_A_s600_n7,T2_B1_N10_A,-307,456,-241.3489135,400.8750201,85.72530878
T2_B1_N10_A_s800_n0,T2_B1_N10_A,23,-1127,171.9208444,-455.7725627,687.5490459
T2_B1_N10_A_s800_n1,T2_B1_N10_A,495,-776,486.2638613,-971.4060438,195.6012323
T2_B1_N10_A_s800_n2,T2_B1_N10_A,824,1161,767.9799217,1077.532976,100.5235957
T2_B1_N10_A_s800_n3,T2_B1_N10_A,69,789,69.12327229,787.0864533,1.917513244
T2_B1_N10_A_s800_n4,T2_B1_N10_A,691,-1625,619.2746669,-333.0673071,1293.922179
T2_B1_N10_A_s800_n5,T2_B1_N10_A,-713,-538,-326.3176043,-177.0233338,528.9871725
T2_B1_N10_A_s800_n6,T2_B1_N10_A,-772,950,-327.7891368,800.2793352,468.7638728
T2_B1_N10_A_s800_n7,T2_B1_N10_A,1724,-636,1366.488302,-225.4068513,544.4275418
T2_B1_N10_B_s1000_n0,T2_B1_N10_B,-1023,950,-991.4430509,988.0163222,49.40730501
T2_B1_N10_B_s1000_n1,T2_B1_N10_B,208,208,202.6048263,218.0264942,11.38588972
T2_B1_N10_B_s1000_n2,T2_B1_N10_B,-299,501,-324.5695552,487.4581514,28.93412889
T2_B1_N10_B_s1000_n3,T2_B1_N10_B,-471,2,-378.9424282,12.28512926,92.63034278
T2_B1_N10_B_s1000_n4,T2_B1_N10_B,-123,477,-139.5482067,471.8832718,17.32120243
T2_B1_N10_B_s1000_n5,T2_B1_N10_B,108,-992,143.6640955,-1158.851236,170.620229
T2_B1_N10_B_s1000_n6,T2_B1_N10_B,-832,18,-597.6067826,75.26477819,241.287039
T2_B1_N10_B_s1000_n7,T2_B1_N10_B,-705,96,-346.2985404,202.1863737,374.0886032
T2_B1_N10_B_s1200_n0,T2_B1_N10_B,720,2306,791.4336157,2089.400987,228.074317
T2_B1_N10_B_s1200_n1,T2_B1_N10_B,-515,1261,-546.4128437,1281.642038,37.58803666
T2_B1_N10_B_s1200_n2,T2_B1_N10_B,1045,-101,1040.482201,-122.7967689,22.26004579
T2_B1_N10_B_s1200_n3,T2_B1_N10_B,-533,-509,-311.1716828,-385.0706565,254.098966
T2_B1_N10_B_s1200_n4,T2_B1_N10_B,126,-879,160.062101,-986.2384504,112.5180517
T2_B1_N10_B_s1200_n5,T2_B1_N10_B,1718,1796,2113.799518,2188.216942,557.2175413
T2_B1_N10_B_s1200_n6,T2_B1_N10_B,-696,1137,-759.0747543,1172.936354,72.59370606
T2_B1_N10_B_s1200_n7,T2_B1_N10_B,955,-924,1014.849717,-691.9625577,239.6317243
T2_B1_N10_B_s400_n0,T2_B1_N10_B,-223,29,-172.0822099,37.93133097,51.69516442
T2_B1_N10_B_s400_n1,T2_B1_N10_B,-361,-1608,-180.8617985,-1308.485882,349.5117717
T2_B1_N10_B_s400_n2,T2_B1_N10_B,-220,34,-184.1755373,42.2343527,36.75862743
T2_B1_N10_B_s400_n3,T2_B1_N10_B,365,241,360.1328066,251.4058043,11.48783422
T2_B1_N10_B_s400_n4,T2_B1_N10_B,-346,-12,-252.7786478,7.57168424,95.25372086
T2_B1_N10_B_s400_n5,T2_B1_N10_B,-17,1357,17.10823796,1007.943923,350.718572
T2_B1_N10_B_s400_n6,T2_B1_N10_B,1350,806,1039.251688,612.8716051,365.8730525
T2_B1_N10_B_s400_n7,T2_B1_N10_B,-1270,939,-687.2960247,615.3957814,666.5310294
T2_B1_N10_B_s600_n0,T2_B1_N10_B,159,-467,185.9587294,-387.3412723,84.09688452
T2_B1_N10_B_s600_n1,T2_B1_N10_B,-1203,726,-955.1377741,708.4329997,248.4839684
T2_B1_N10_B_s600_n2,T2_B1_N10_B,264,159,256.9348059,158.1677882,7.114038565
T2_B1_N10_B_s600_n3,T2_B1_N10_B,179,-1393,250.3000868,-1023.758709,376.0622734
T2_B1_N10_B_s600_n4,T2_B1_N10_B,1802,-377,1773.738121,-431.6975219,61.56746452
T2_B1_N10_B_s600_n5,T2_B1_N10_B,83,1060,100.0610791,989.5386578,72.49745626
T2_B1_N10_B_s600_n6,T2_B1_N10_B,-193,233,-203.2225765,234.1400015,10.28594544
T2_B1_N10_B_s600_n7,T2_B1_N10_B,523,-824,531.9485746,-502.0192076,322.105119
T2_B1_N10_B_s800_n0,T2_B1_N10_B,733,-592,770.0640997,-419.3751712,176.5589959
T2_B1_N10_B_s800_n1,T2_B1_N10_B,-797,361,-689.3311289,367.8559754,107.8869325
T2_B1_N10_B_s800_n3,T2_B1_N10_B,827,-1232,868.9808425,-989.8498404,245.7622651
T2_B1_N10_B_s800_n4,T2_B1_N10_B,-1227,2001,-81.54433427,886.2935462,1598.32386
T2_B1_N10_B_s800_n6,T2_B1_N10_B,-445,214,-336.9015881,230.5547106,109.3586992
T2_B1_N10_B_s800_n7,T2_B1_N10_B,-107,-168,-130.9873423,-217.7452348,55.22663285
T2_B1_N10_C_s1000_n0,T2_B1_N10_C,444,186,448.5972096,187.3104733,4.78034269
T2_B1_N10_C_s1000_n1,T2_B1_N10_C,622,317,619.5437773,349.2477976,32.34120404
T2_B1_N10_C_s1000_n2,T2_B1_N10_C,463,866,452.3154557,867.3104733,10.76460998
T2_B1_N10_C_s1000_n3,T2_B1_N10_C,700,-370,705.9523657,-5.324834608,364.7237405
T2_B1_N10_C_s1000_n4,T2_B1_N10_C,130,363,127.5154057,387.6043882,24.72951932
T2_B1_N10_C_s1000_n5,T2_B1_N10_C,1282,1303,1397.174727,1348.411205,123.8038581
T2_B1_N10_C_s1000_n6,T2_B1_N10_C,-76,100,25.31350878,191.1633829,136.2908267
T2_B1_N10_C_s1000_n7,T2_B1_N10_C,-202,189,-124.9970265,292.1807862,128.746777
T2_B1_N10_C_s1200_n0,T2_B1_N10_C,740,611,743.6839069,622.9910859,12.54421423
T2_B1_N10_C_s1200_n1,T2_B1_N10_C,660,446,660.4010951,465.6930526,19.69713677
T2_B1_N10_C_s1200_n2,T2_B1_N10_C,370,1763,331.863551,1705.490346,69.00542741
T2_B1_N10_C_s1200_n3,T2_B1_N10_C,873,580,870.5437773,595.8186791,16.00823653
T2_B1_N10_C_s1200_n4,T2_B1_N10_C,351,1413,305.738479,1443.734671,54.71037624
T2_B1_N10_C_s1200_n5,T2_B1_N10_C,-134,633,-193.1022601,673.9467139,71.90069905
T2_B1_N10_C_s1200_n6,T2_B1_N10_C,-192,999,-181.2175167,1013.580719,18.13447828
T2_B1_N10_C_s1200_n7,T2_B1_N10_C,20,-412,39.86029848,-37.58632348,374.9400387
T2_B1_N10_C_s400_n0,T2_B1_N10_C,119,-128,119.5283784,120.5129789,248.5135406
T2_B1_N10_C_s400_n1,T2_B1_N10_C,-118,-74,23.08491287,26.56319792,173.2567731
T2_B1_N10_C_s400_n2,T2_B1_N10_C,1241,844,944.2965188,663.1707025,347.4653804
T2_B1_N10_C_s400_n3,T2_B1_N10_C,385,140,381.4724918,141.1126689,3.698830371
T2_B1_N10_C_s400_n4,T2_B1_N10_C,-665,-29,-494.1466126,135.1545667,236.9337497
T2_B1_N10_C_s400_n5,T2_B1_N10_C,761,-453,547.1006716,-117.8241567,397.6125861
T2_B1_N10_C_s400_n6,T2_B1_N10_C,-957,603,-1248.065825,782.9650654,342.2086196
T2_B1_N10_C_s400_n7,T2_B1_N10_C,-58,-246,103.4631847,104.3512772,385.7672581
T2_B1_N10_C_s600_n0,T2_B1_N10_C,-210,197,-35.96237541,220.8022946,175.6577468
T2_B1_N10_C_s600_n1,T2_B1_N10_C,-277,797,-196.1469132,727.4224093,106.6689401
T2_B1_N10_C_s600_n2,T2_B1_N10_C,602,497,477.8305259,409.8925844,151.6764983
T2_B1_N10_C_s600_n3,T2_B1_N10_C,-457,-599,-172.2012321,-272.926681,432.9366554
T2_B1_N10_C_s600_n4,T2_B1_N10_C,225,960,167.3304099,927.1436967,66.37257186
T2_B1_N10_C_s600_n5,T2_B1_N10_C,-595,118,-619.1595722,252.1876428,136.3451811
T2_B1_N10_C_s600_n6,T2_B1_N10_C,-291,490,-27.4308666,493.2651112,263.5893568
T2_B1_N10_C_s600_n7,T2_B1_N10_C,1190,806,1287.76736,867.2079095,115.346716
T2_B1_N10_C_s800_n0,T2_B1_N10_C,-481,40,-317.7612438,164.0250343,205.0100014
T2_B1_N10_C_s800_n1,T2_B1_N10_C,-473,-242,-302.9754338,-11.96717886,286.0479888
T2_B1_N10_C_s800_n2,T2_B1_N10_C,-486,108,-460.1393362,224.7513058,119.5811078
T2_B1_N10_C_s800_n3,T2_B1_N10_C,1000,682,1000.005718,656.6073337,25.39266699
T2_B1_N10_C_s800_n4,T2_B1_N10_C,496,-372,512.2714785,-7.324834608,365.0379943
T2_B1_N10_C_s800_n5,T2_B1_N10_C,771,-325,746.0437287,-29.96983575,296.0837944
T2_B1_N10_C_s800_n6,T2_B1_N10_C,250,1235,200.7568776,1152.523837,96.05832871
T2_B1_N10_C_s800_n7,T2_B1_N10_C,-79,492,-73.97555154,496.249815,6.580730165
T2_B1_N10_D_s1000_n0,T2_B1_N10_D,120,-225,113.8896921,-207.4407916,18.59197843
T2_B1_N10_D_s1000_n1,T2_B1_N10_D,142,255,138.2866378,251.8014432,4.901002354
T2_B1_N10_D_s1000_n2,T2_B1_N10_D,810,751,810.7549147,747.61163,3.47144746
T2_B1_N10_D_s1000_n3,T2_B1_N10_D,343,-166,335.2658608,-189.484803,24.72555117
T2_B1_N10_D_s1000_n4,T2_B1_N10_D,566,172,561.3575181,171.0395014,4.74080114
T2_B1_N10_D_s1000_n5,T2_B1_N10_D,364,61,359.4278515,52.10192447,10.0040137
T2_B1_N10_D_s1000_n6,T2_B1_N10_D,370,707,370.7549147,703.61163,3.47144746
T2_B1_N10_D_s1000_n7,T2_B1_N10_D,572,906,572.7549147,906.1179462,0.764073009
T2_B1_N10_D_s1200_n0,T2_B1_N10_D,320,-25,314.8624844,-35.46971664,11.66229109
T2_B1_N10_D_s1200_n1,T2_B1_N10_D,823,439,823.7549147,435.61163,3.47144746
T2_B1_N10_D_s1200_n2,T2_B1_N10_D,694,252,694.7549147,251.0395014,1.22166025
T2_B1_N10_D_s1200_n3,T2_B1_N10_D,741,535,741.7549147,531.61163,3.47144746
T2_B1_N10_D_s1200_n4,T2_B1_N10_D,612,441,612.7549147,437.61163,3.47144746
T2_B1_N10_D_s1200_n5,T2_B1_N10_D,834,-25,827.4910111,-23.40632072,6.701249859
T2_B1_N10_D_s1200_n6,T2_B1_N10_D,739,179,734.702355,178.0395014,4.403670113
T2_B1_N10_D_s1200_n7,T2_B1_N10_D,320,-25,314.8624844,-35.46971664,11.66229109
T2_B1_N10_D_s400_n0,T2_B1_N10_D,643,-194,633.2511533,-188.1181155,11.38580598
T2_B1_N10_D_s400_n1,T2_B1_N10_D,-89,-68,-121.4135157,-133.7359645,73.29292616
T2_B1_N10_D_s400_n2,T2_B1_N10_D,-392,302,-380.6663794,240.5460316,62.49032876
T2_B1_N10_D_s400_n3,T2_B1_N10_D,-94,159,-96.01818753,154.8359287,4.627371894
T2_B1_N10_D_s400_n4,T2_B1_N10_D,184,-267,174.1655132,-249.0129494,20.5000273
T2_B1_N10_D_s400_n5,T2_B1_N10_D,-384,134,-297.8979238,75.56623093,104.0580265
T2_B1_N10_D_s400_n6,T2_B1_N10_D,558,-321,546.5163936,-310.801983,15.35814985
T2_B1_N10_D_s400_n7,T2_B1_N10_D,-86,961,-12.96700085,941.897051,75.4900101
T2_B1_N10_D_s600_n0,T2_B1_N10_D,635,239,627.8372704,236.3164153,7.648942584
T2_B1_N10_D_s600_n1,T2_B1_N10_D,-280,-191,-243.5159154,-210.1240329,41.19243939
T2_B1_N10_D_s600_n2,T2_B1_N10_D,-270,137,-280.3246625,85.62626384,52.40094867
T2_B1_N10_D_s600_n4,T2_B1_N10_D,399,171,394.3386064,170.0395014,4.759322237
T2_B1_N10_D_s600_n5,T2_B1_N10_D,-235,366,-213.5038848,309.8032117,60.16778194
T2_B1_N10_D_s600_n6,T2_B1_N10_D,396,840,396.394745,814.3669335,25.6361058
T2_B1_N10_D_s600_n7,T2_B1_N10_D,188,-296,173.6693614,-314.3081806,23.24987481
T2_B1_N10_D_s800_n0,T2_B1_N10_D,186,381,181.3850068,380.0395014,4.71388581
T2_B1_N10_D_s800_n1,T2_B1_N10_D,580,-313,566.5081046,-297.8994356,20.24989597
T2_B1_N10_D_s800_n2,T2_B1_N10_D,569,451,569.7549147,450.0395014,1.22166025
T2_B1_N10_D_s800_n3,T2_B1_N10_D,162,1047,186.0752565,993.0800139,59.05068059
T2_B1_N10_D_s800_n4,T2_B1_N10_D,308,53,302.9480097,43.89663961,10.4112332
T2_B1_N10_D_s800_n5,T2_B1_N10_D,700,-351,690.1314323,-341.4324555,13.74505498
T2_B1_N10_D_s800_n6,T2_B1_N10_D,65,-315,50.71402599,-381.5580828,68.07398505
T2_B1_N10_D_s800_n7,T2_B1_N10_D,-80,513,-72.43448927,486.9783568,27.09913034
T2_B1_N16_A_s1000_n0,T2_B1_N16_A,1048,-267,1006.920248,-169.441053,105.855062
T2_B1_N16_A_s1000_n1,T2_B1_N16_A,526,1453,643.42542,1485.221138,121.765886
T2_B1_N16_A_s1000_n2,T2_B1_N16_A,1534,760,1229.260505,611.9556178,338.7968401
T2_B1_N16_A_s1000_n3,T2_B1_N16_A,-356,27,-60.50812316,144.573377,318.0235027
T2_B1_N16_A_s1000_n4,T2_B1_N16_A,1744,913,1228.429239,695.7881426,559.458846
T2_B1_N16_A_s1000_n5,T2_B1_N16_A,1860,1328,1624.962865,1246.275091,248.8401408
T2_B1_N16_A_s1000_n6,T2_B1_N16_A,726,489,725.873507,487.1043644,1.899851299
T2_B1_N16_A_s1000_n7,T2_B1_N16_A,985,-494,843.6339569,-223.0563747,305.6056384
T2_B1_N16_A_s1200_n0,T2_B1_N16_A,288,-488,481.756954,-366.6923952,228.5985393
T2_B1_N16_A_s1200_n1,T2_B1_N16_A,-508,-745,-194.0952865,-489.6112886,404.6721674
T2_B1_N16_A_s1200_n2,T2_B1_N16_A,-868,1099,-633.6403979,1001.207917,253.9443139
T2_B1_N16_A_s1200_n3,T2_B1_N16_A,-987,-869,-482.1831468,-440.9875245,661.8419256
T2_B1_N16_A_s1200_n4,T2_B1_N16_A,238,-336,466.7401691,-83.47353087,340.7222953
T2_B1_N16_A_s1200_n5,T2_B1_N16_A,1553,2574,1497.618013,2181.690982,396.1988514
T2_B1_N16_A_s1200_n6,T2_B1_N16_A,-723,-283,-543.6402135,-207.5092538,194.5990385
T2_B1_N16_A_s1200_n7,T2_B1_N16_A,-756,2290,-526.8363829,2079.668946,311.0548437
T2_B1_N16_A_s400_n0,T2_B1_N16_A,1045,959,627.7751106,627.848147,532.6707783
T2_B1_N16_A_s400_n2,T2_B1_N16_A,-557,781,-321.9915421,634.9934061,276.6711058
T2_B1_N16_A_s400_n3,T2_B1_N16_A,-338,347,-100.5943643,284.4042736,245.5191659
T2_B1_N16_A_s400_n5,T2_B1_N16_A,-1096,-134,-99.87941931,135.8016731,1032.012187
T2_B1_N16_A_s400_n6,T2_B1_N16_A,-178,1006,81.00825136,613.1471833,470.5513892
T2_B1_N16_A_s400_n7,T2_B1_N16_A,118,-132,123.6996444,-136.836536,7.475160719
T2_B1_N16_A_s600_n0,T2_B1_N16_A,-1129,-817,-909.5365091,-632.7812125,286.5323464
T2_B1_N16_A_s600_n1,T2_B1_N16_A,-200,965,-30.02801001,879.9663849,190.0557631
T2_B1_N16_A_s600_n2,T2_B1_N16_A,1145,-507,685.9788587,173.560532,820.8916164
T2_B1_N16_A_s600_n3,T2_B1_N16_A,471,-414,534.9769641,-531.3945929,133.6957081
T2_B1_N16_A_s600_n4,T2_B1_N16_A,-315,-88,-21.69372216,97.30309549,346.9377607
T2_B1_N16_A_s600_n6,T2_B1_N16_A,-246,-439,-4.334807319,-116.9731628,402.6206021
T2_B1_N16_A_s600_n7,T2_B1_N16_A,-514,-395,-381.0266024,-245.6005242,200.0053195
T2_B1_N16_A_s800_n0,T2_B1_N16_A,512,-324,565.4292847,-435.116561,123.2946819
T2_B1_N16_A_s800_n1,T2_B1_N16_A,257,791,253.4147786,787.5063274,5.005952486
T2_B1_N16_A_s800_n2,T2_B1_N16_A,32,808,30.97145834,807.8892182,1.034490479
T2_B1_N16_A_s800_n3,T2_B1_N16_A,-213,751,-68.51216286,687.0536075,158.0059372
T2_B1_N16_A_s800_n4,T2_B1_N16_A,1180,720,1139.621966,699.9169866,45.09670793
T2_B1_N16_A_s800_n5,T2_B1_N16_A,208,-354,307.3434746,-384.525345,103.9274874
T2_B1_N16_A_s800_n6,T2_B1_N16_A,27,2269,369.1359934,2165.294056,357.507987
T2_B1_N16_A_s800_n7,T2_B1_N16_A,549,-188,560.220198,-235.3191476,48.63120983
T2_B1_N16_B_s1000_n0,T2_B1_N16_B,-267,2410,-94.70000856,2904.281082,523.45112
T2_B1_N16_B_s1000_n1,T2_B1_N16_B,-782,-1366,-448.5674234,-1244.815936,354.771561
T2_B1_N16_B_s1000_n2,T2_B1_N16_B,1319,1736,1367.671134,1716.759813,52.3360684
T2_B1_N16_B_s1000_n3,T2_B1_N16_B,-618,1071,-336.0338011,1040.710545,283.5884137
T2_B1_N16_B_s1000_n5,T2_B1_N16_B,873,-45,886.6722351,-48.61727172,14.14265422
T2_B1_N16_B_s1000_n6,T2_B1_N16_B,-63,708,-10.05917044,707.8011409,52.94120304
T2_B1_N16_B_s1000_n7,T2_B1_N16_B,92,-578,297.9027789,-521.0763238,213.6264479
T2_B1_N16_B_s1200_n0,T2_B1_N16_B,674,1192,726.1084192,1197.165217,52.36379302
T2_B1_N16_B_s1200_n1,T2_B1_N16_B,648,-297,808.3502524,-342.0092293,166.5473932
T2_B1_N16_B_s1200_n2,T2_B1_N16_B,-563,-1086,-322.1934201,-1213.634733,272.5407014
T2_B1_N16_B_s1200_n3,T2_B1_N16_B,-576,708,-387.3454274,682.9341211,190.3124958
T2_B1_N16_B_s1200_n4,T2_B1_N16_B,-1124,330,-794.6648584,397.8357802,336.2489087
T2_B1_N16_B_s1200_n5,T2_B1_N16_B,1128,924,1141.751014,926.0598967,13.90444347
T2_B1_N16_B_s1200_n6,T2_B1_N16_B,734,-205,813.2550936,-228.0089463,82.52745885
T2_B1_N16_B_s400_n0,T2_B1_N16_B,200,314,197.7321183,317.8618262,4.478502973
T2_B1_N16_B_s400_n1,T2_B1_N16_B,128,357,125.0452574,363.2355744,6.900209563
T2_B1_N16_B_s400_n2,T2_B1_N16_B,-235,-354,-10.41947801,-177.0671678,285.9049457
T2_B1_N16_B_s400_n3,T2_B1_N16_B,-446,-1378,56.54216994,-429.0209156,1073.829565
T2_B1_N16_B_s400_n5,T2_B1_N16_B,374,150,368.5094381,151.9148011,5.814871692
T2_B1_N16_B_s400_n7,T2_B1_N16_B,244,1079,333.5538627,890.483407,208.7064929
T2_B1_N16_B_s600_n0,T2_B1_N16_B,1718,-783,1137.36508,-373.80196,710.3379098
T2_B1_N16_B_s600_n1,T2_B1_N16_B,874,730,903.3745677,672.2341106,64.80558002
T2_B1_N16_B_s600_n2,T2_B1_N16_B,-302,321,-181.8854643,306.044856,121.041968
T2_B1_N16_B_s600_n4,T2_B1_N16_B,-354,-455,-56.14139979,-198.3061502,393.206661
T2_B1_N16_B_s600_n6,T2_B1_N16_B,288,1003,432.0743887,1105.472361,176.7993613
T2_B1_N16_B_s600_n7,T2_B1_N16_B,477,-114,473.98779,-120.3386551,7.017973919
T2_B1_N16_B_s800_n0,T2_B1_N16_B,-463,491,-300.0034395,466.7571952,164.7895395
T2_B1_N16_B_s800_n1,T2_B1_N16_B,-260,1422,52.17201813,1318.806398,328.7860829
T2_B1_N16_B_s800_n2,T2_B1_N16_B,-564,497,-398.0343853,472.9056948,167.7054585
T2_B1_N16_B_s800_n3,T2_B1_N16_B,-475,704,-295.6618977,668.5345068,182.8112583
T2_B1_N16_B_s800_n4,T2_B1_N16_B,103,-735,257.5367096,-875.4036947,208.7936591
T2_B1_N16_B_s800_n5,T2_B1_N16_B,876,-1668,1062.425855,-1838.157555,252.4048197
T2_B1_N16_B_s800_n6,T2_B1_N16_B,1447,1164,1503.521955,1199.860972,66.93833533
T2_B1_N16_B_s800_n7,T2_B1_N16_B,210,788,265.3172352,793.1899958,55.56017071
T2_B1_N16_C_s1000_n0,T2_B1_N16_C,653,-27,634.5762198,-24.49239292,18.59364863
T2_B1_N16_C_s1000_n1,T2_B1_N16_C,143,-113,90.40017827,-165.7951273,74.5256111
T2_B1_N16_C_s1000_n2,T2_B1_N16_C,-167,490,-163.0093779,480.067681,10.70401918
T2_B1_N16_C_s1000_n3,T2_B1_N16_C,-419,691,-413.2411898,686.5077699,7.303699497
T2_B1_N16_C_s1000_n4,T2_B1_N16_C,355,899,349.5470425,900.0470855,5.552579034
T2_B1_N16_C_s1000_n5,T2_B1_N16_C,66,-607,105.0785037,-612.164434,39.41828036
T2_B1_N16_C_s1000_n6,T2_B1_N16_C,207,824,201.5470425,825.0470855,5.552579034
T2_B1_N16_C_s1000_n7,T2_B1_N16_C,1044,1475,1118.887576,1620.564173,163.6981296
T2_B1_N16_C_s1200_n0,T2_B1_N16_C,1037,-12,1012.461061,-2.50620677,26.31143591
T2_B1_N16_C_s1200_n1,T2_B1_N16_C,431,2097,613.1476891,1982.999537,214.8810981
T2_B1_N16_C_s1200_n2,T2_B1_N16_C,688,404,677.8293355,405.1944477,10.2405626
T2_B1_N16_C_s1200_n3,T2_B1_N16_C,676,-606,623.5192664,-561.569424,68.76266054
T2_B1_N16_C_s1200_n4,T2_B1_N16_C,-986,-1205,-399.391187,-570.7259981,863.952203
T2_B1_N16_C_s1200_n5,T2_B1_N16_C,2060,-507,1890.658642,-424.2597119,188.4740058
T2_B1_N16_C_s1200_n6,T2_B1_N16_C,-702,-258,-583.6367115,-277.8401847,120.0145866
T2_B1_N16_C_s1200_n7,T2_B1_N16_C,-870,-568,-730.2390612,-594.1625511,142.1886039
T2_B1_N16_C_s400_n0,T2_B1_N16_C,1307,-804,961.9038731,-545.9695542,430.8956344
T2_B1_N16_C_s400_n1,T2_B1_N16_C,124,-137,99.34876564,-148.5758332,27.23386257
T2_B1_N16_C_s400_n4,T2_B1_N16_C,119,16,112.7611088,18.19110587,6.612466151
T2_B1_N16_C_s400_n5,T2_B1_N16_C,-504,294,175.6175726,206.9214797,685.1734917
T2_B1_N16_C_s400_n6,T2_B1_N16_C,-1180,993,-394.069012,547.8243592,903.2545981
T2_B1_N16_C_s600_n0,T2_B1_N16_C,426,-204,375.2243142,-156.3258829,69.6490611
T2_B1_N16_C_s600_n1,T2_B1_N16_C,-300,407,-162.8069087,361.0411914,144.6864071
T2_B1_N16_C_s600_n2,T2_B1_N16_C,300,-407,215.5173046,-298.4832106,137.5253409
T2_B1_N16_C_s600_n3,T2_B1_N16_C,1000,-1341,575.4994751,-291.8371729,1131.787672
T2_B1_N16_C_s600_n4,T2_B1_N16_C,-376,478,-300.2615616,415.2790197,98.3373399
T2_B1_N16_C_s600_n6,T2_B1_N16_C,20,1297,97.26295369,1134.949836,179.5266543
T2_B1_N16_C_s600_n7,T2_B1_N16_C,-855,1041,-624.6169298,854.0792693,296.674432
T2_B1_N16_C_s800_n0,T2_B1_N16_C,-1140,608,-1368.710596,752.8296317,270.7104711
T2_B1_N16_C_s800_n1,T2_B1_N16_C,-1312,976,-1644.640998,1089.172833,351.3660818
T2_B1_N16_C_s800_n2,T2_B1_N16_C,2042,1277,2592.559524,1789.904576,752.4539144
T2_B1_N16_C_s800_n4,T2_B1_N16_C,-1088,-950,-930.1200433,-968.9882408,159.0177161
T2_B1_N16_C_s800_n5,T2_B1_N16_C,-543,-173,-445.0508131,-141.5543082,102.8731002
T2_B1_N16_C_s800_n7,T2_B1_N16_C,517,-292,462.6656364,-260.3956632,62.8574353
T2_B1_N16_D_s1000_n0,T2_B1_N16_D,986,-309,1006.598768,-257.2256418,55.72157027
T2_B1_N16_D_s1000_n1,T2_B1_N16_D,846,773,723.181746,710.2327171,137.9277177
T2_B1_N16_D_s1000_n2,T2_B1_N16_D,-303,493,-156.4662412,410.4889865,168.1672079
T2_B1_N16_D_s1000_n3,T2_B1_N16_D,631,763,635.3221605,759.2282513,5.736476251
T2_B1_N16_D_s1000_n4,T2_B1_N16_D,-361,-509,-119.4066604,-246.7381927,356.5790198
T2_B1_N16_D_s1000_n5,T2_B1_N16_D,-89,413,-68.17811791,413.0240127,20.82189594
T2_B1_N16_D_s1000_n6,T2_B1_N16_D,-109,493,-90.79631742,491.5880342,18.25835992
T2_B1_N16_D_s1000_n7,T2_B1_N16_D,312,-410,502.7673042,446.0308483,877.0296333
T2_B1_N16_D_s1200_n0,T2_B1_N16_D,-61,15,-22.53267779,16.34878179,38.49096115
T2_B1_N16_D_s1200_n1,T2_B1_N16_D,674,-97,677.4514083,-97.95398692,3.580825395
T2_B1_N16_D_s1200_n2,T2_B1_N16_D,686,239,687.6808412,282.6712156,43.70355023
T2_B1_N16_D_s1200_n3,T2_B1_N16_D,-121,-472,57.2762568,-348.1308317,217.0852243
T2_B1_N16_D_s1200_n4,T2_B1_N16_D,1188,-839,1370.824137,-926.2719665,202.5859349
T2_B1_N16_D_s1200_n5,T2_B1_N16_D,982,852,807.138353,733.2237923,211.3868092
T2_B1_N16_D_s1200_n6,T2_B1_N16_D,694,1680,764.727972,2510.498911,833.5051814
T2_B1_N16_D_s1200_n7,T2_B1_N16_D,1008,1110,1012.32216,1106.228251,5.736476251
T2_B1_N16_D_s400_n0,T2_B1_N16_D,194,256,198.3221605,252.2282513,5.73647625
T2_B1_N16_D_s400_n1,T2_B1_N16_D,-80,-168,-75.84719477,-210.3580887,42.56117323
T2_B1_N16_D_s400_n2,T2_B1_N16_D,-175,-129,-112.4628014,-100.2296651,68.83773229
T2_B1_N16_D_s400_n3,T2_B1_N16_D,332,41,336.0202182,35.6425449,6.698095245
T2_B1_N16_D_s400_n4,T2_B1_N16_D,-777,1246,0.592108494,343.3527694,1191.394775
T2_B1_N16_D_s400_n5,T2_B1_N16_D,-84,-1000,200.6748831,315.2231636,1345.678921
T2_B1_N16_D_s400_n6,T2_B1_N16_D,1005,-514,570.5916931,-73.25067742,618.846138
T2_B1_N16_D_s400_n7,T2_B1_N16_D,-179,126,-135.887529,148.0984524,48.44612219
T2_B1_N16_D_s600_n0,T2_B1_N16_D,61,1079,164.1703677,917.324147,191.7894841
T2_B1_N16_D_s600_n1,T2_B1_N16_D,470,358,474.3221605,354.2282513,5.736476251
T2_B1_N16_D_s600_n2,T2_B1_N16_D,268,433,272.3221605,429.2282513,5.736476251
T2_B1_N16_D_s600_n3,T2_B1_N16_D,485,29,487.5515662,31.04653687,3.270902525
T2_B1_N16_D_s600_n4,T2_B1_N16_D,1384,-804,-207.4700196,834.6525192,2284.285206
T2_B1_N16_D_s600_n5,T2_B1_N16_D,1196,221,1232.816115,165.1138607,66.92299216
T2_B1_N16_D_s600_n6,T2_B1_N16_D,-124,-393,33.64298057,-198.9612933,250.004658
T2_B1_N16_D_s600_n7,T2_B1_N16_D,-381,-347,-315.8812644,-292.4472963,84.94967459
T2_B1_N16_D_s800_n0,T2_B1_N16_D,663,1721,696.9534468,2084.236185,364.8196307
T2_B1_N16_D_s800_n1,T2_B1_N16_D,973,-706,1137.98578,-821.1758704,201.2108067
T2_B1_N16_D_s800_n2,T2_B1_N16_D,639,-24,649.3709547,2.102520339,28.0873329
T2_B1_N16_D_s800_n3,T2_B1_N16_D,-197,-369,7.136336196,-136.4373757,309.4463087
T2_B1_N16_D_s800_n4,T2_B1_N16_D,586,37,596.2438955,49.24143774,15.96214875
T2_B1_N16_D_s800_n5,T2_B1_N16_D,-574,347,-553.6909146,234.5769078,114.2427705
T2_B1_N16_D_s800_n6,T2_B1_N16_D,579,1255,548.9333399,1512.004412,258.757168
T2_B1_N16_D_s800_n7,T2_B1_N16_D,-258,11,-163.2625152,57.07550154,105.3477236
T2_B2_N16_A_s1000_n0,T2_B2_N16_A,609,358,619.2511672,364.0697532,11.91336784
T2_B2_N16_A_s1000_n1,T2_B2_N16_A,803,380,809.8018297,386.0697532,9.116292603
T2_B2_N16_A_s1000_n2,T2_B2_N16_A,474,235,484.7538096,241.0697532,12.34853535
T2_B2_N16_A_s1000_n3,T2_B2_N16_A,670,855,676.8018297,861.0697532,9.116292603
T2_B2_N16_A_s1000_n4,T2_B2_N16_A,565,1059,599.6804822,1025.872336,47.96017077
T2_B2_N16_A_s1000_n5,T2_B2_N16_A,188,-109,219.8036211,-59.27508599,59.02573497
T2_B2_N16_A_s1000_n6,T2_B2_N16_A,508,67,517.0410422,73.06975317,10.88955225
T2_B2_N16_A_s1000_n7,T2_B2_N16_A,786,702,796.2511672,708.0697532,11.91336784
T2_B2_N16_A_s1200_n0,T2_B2_N16_A,812,160,822.2511672,166.0697532,11.91336784
T2_B2_N16_A_s1200_n1,T2_B2_N16_A,736,858,747.2113289,864.0697532,12.74895287
T2_B2_N16_A_s1200_n2,T2_B2_N16_A,795,676,801.8018297,682.0697532,9.116292603
T2_B2_N16_A_s1200_n3,T2_B2_N16_A,388,91,397.3900465,97.06975316,11.18100518
T2_B2_N16_A_s1200_n4,T2_B2_N16_A,402,633,408.8018297,639.0697532,9.116292603
T2_B2_N16_A_s1200_n5,T2_B2_N16_A,388,405,399.2113289,411.0697532,12.74895287
T2_B2_N16_A_s1200_n6,T2_B2_N16_A,820,674,826.8018297,680.0697532,9.116292603
T2_B2_N16_A_s1200_n7,T2_B2_N16_A,898,1140,909.7736999,1145.819072,13.13322511
T2_B2_N16_A_s400_n0,T2_B2_N16_A,45,31,51.63512745,47.87987649,18.13712068
T2_B2_N16_A_s400_n1,T2_B2_N16_A,625,-139,484.6654747,-64.61119324,158.8315887
T2_B2_N16_A_s400_n2,T2_B2_N16_A,566,1115,411.4313328,538.422931,596.9360011
T2_B2_N16_A_s400_n3,T2_B2_N16_A,-369,-14,-419.66988,-85.32157413,87.48830593
T2_B2_N16_A_s400_n4,T2_B2_N16_A,448,784,225.0922411,156.2951772,666.1090103
T2_B2_N16_A_s400_n5,T2_B2_N16_A,417,626,244.0517359,264.5701222,400.6777491
T2_B2_N16_A_s400_n6,T2_B2_N16_A,-139,377,-170.2899617,377.255663,31.29100613
T2_B2_N16_A_s400_n7,T2_B2_N16_A,683,513,542.3202881,453.9168761,152.5830818
T2_B2_N16_A_s600_n0,T2_B2_N16_A,-207,1136,-238.3411396,836.8346413,300.8025579
T2_B2_N16_A_s600_n1,T2_B2_N16_A,282,349,288.1085126,350.1777884,6.221021787
T2_B2_N16_A_s600_n2,T2_B2_N16_A,-212,442,-242.1969731,417.3130869,39.003857
T2_B2_N16_A_s600_n3,T2_B2_N16_A,-44,1012,27.59906996,689.3875637,330.4621172
T2_B2_N16_A_s600_n4,T2_B2_N16_A,-212,-84,-185.5107759,-49.84093104,43.2263922
T2_B2_N16_A_s600_n5,T2_B2_N16_A,410,-333,524.1888133,-728.8983179,412.0370896
T2_B2_N16_A_s600_n6,T2_B2_N16_A,455,488,461.8018297,494.0697532,9.116292603
T2_B2_N16_A_s600_n7,T2_B2_N16_A,436,166,442.8018297,172.0697532,9.116292604
T2_B2_N16_A_s800_n0,T2_B2_N16_A,219,631,261.4213395,582.3243015,64.56697046
T2_B2_N16_A_s800_n1,T2_B2_N16_A,25,45,29.92163124,56.06689169,12.11191751
T2_B2_N16_A_s800_n2,T2_B2_N16_A,-12,173,-10.12697198,179.6252774,6.884949875
T2_B2_N16_A_s800_n3,T2_B2_N16_A,450,487,456.8018297,493.0697532,9.116292603
T2_B2_N16_A_s800_n4,T2_B2_N16_A,491,-196,521.2336445,-156.1134864,50.05004721
T2_B2_N16_A_s800_n5,T2_B2_N16_A,339,-52,346.9937532,-37.74095731,16.34687701
T2_B2_N16_A_s800_n6,T2_B2_N16_A,58,525,61.0609352,531.0697532,6.797884064
T2_B2_N16_A_s800_n7,T2_B2_N16_A,551,206,557.8018297,214.6407553,10.99670586
T2_B2_N16_B_s1000_n0,T2_B2_N16_B,277,71,278.6324252,70.65890704,1.667679973
T2_B2_N16_B_s1000_n1,T2_B2_N16_B,457,740,458.6324252,739.658907,1.667679973
T2_B2_N16_B_s1000_n2,T2_B2_N16_B,307,182,308.6324252,181.658907,1.667679972
T2_B2_N16_B_s1000_n3,T2_B2_N16_B,366,71,367.6324252,70.65890704,1.667679973
T2_B2_N16_B_s1000_n4,T2_B2_N16_B,705,912,706.6324252,911.658907,1.667679973
T2_B2_N16_B_s1000_n5,T2_B2_N16_B,277,71,278.6324252,70.65890704,1.667679973
T2_B2_N16_B_s1000_n6,T2_B2_N16_B,309,720,310.6324252,719.658907,1.667679973
T2_B2_N16_B_s1000_n7,T2_B2_N16_B,443,287,444.6324252,286.658907,1.667679972
T2_B2_N16_B_s1200_n0,T2_B2_N16_B,477,271,478.6324252,270.658907,1.667679972
T2_B2_N16_B_s1200_n1,T2_B2_N16_B,477,271,478.6324252,270.658907,1.667679972
T2_B2_N16_B_s1200_n2,T2_B2_N16_B,477,271,478.6324252,270.658907,1.667679972
T2_B2_N16_B_s1200_n3,T2_B2_N16_B,693,871,694.6324252,870.658907,1.667679973
T2_B2_N16_B_s1200_n4,T2_B2_N16_B,705,576,706.6324252,575.658907,1.667679972
T2_B2_N16_B_s1200_n5,T2_B2_N16_B,606,275,607.6324252,274.658907,1.667679972
T2_B2_N16_B_s1200_n6,T2_B2_N16_B,696,725,697.6324252,724.658907,1.667679973
T2_B2_N16_B_s1200_n7,T2_B2_N16_B,595,628,596.6324252,627.658907,1.667679972
T2_B2_N16_B_s400_n0,T2_B2_N16_B,-301,-355,-385.3471327,-445.5130672,123.7216801
T2_B2_N16_B_s400_n1,T2_B2_N16_B,475,-450,451.5306876,-284.5614419,167.0949585
T2_B2_N16_B_s400_n2,T2_B2_N16_B,40,33,41.63242522,32.65890704,1.667679973
T2_B2_N16_B_s400_n3,T2_B2_N16_B,-296,677,-305.8945065,637.614306,40.6095328
T2_B2_N16_B_s400_n4,T2_B2_N16_B,532,372,448.1119166,324.5460815,96.37989892
T2_B2_N16_B_s400_n5,T2_B2_N16_B,438,842,551.1569092,887.5292189,121.9729309
T2_B2_N16_B_s400_n6,T2_B2_N16_B,-323,307,-509.7577721,369.4167724,196.9119573
T2_B2_N16_B_s400_n7,T2_B2_N16_B,258,-408,224.9093401,-222.7603776,188.172021
T2_B2_N16_B_s600_n0,T2_B2_N16_B,148,821,146.8158878,732.609144,88.39878699
T2_B2_N16_B_s600_n1,T2_B2_N16_B,548,-148,555.8818036,-94.92960988,53.65248489
T2_B2_N16_B_s600_n2,T2_B2_N16_B,467,331,468.6324252,330.658907,1.667679972
T2_B2_N16_B_s600_n3,T2_B2_N16_B,-123,-120,-85.54669357,-59.74902389,70.94314826
T2_B2_N16_B_s600_n4,T2_B2_N16_B,471,92,472.6324252,91.65890704,1.667679972
T2_B2_N16_B_s600_n5,T2_B2_N16_B,367,785,383.3442157,695.6814801,90.80160454
T2_B2_N16_B_s600_n6,T2_B2_N16_B,286,-141,273.2175834,-22.26479081,119.4212715
T2_B2_N16_B_s600_n7,T2_B2_N16_B,399,83,391.574048,81.3452114,7.608093636
T2_B2_N16_B_s800_n0,T2_B2_N16_B,699,828,694.8629601,779.6268028,48.54978176
T2_B2_N16_B_s800_n1,T2_B2_N16_B,77,-129,69.26117964,-120.1717059,11.740022
T2_B2_N16_B_s800_n2,T2_B2_N16_B,261,163,262.6324252,162.658907,1.667679973
T2_B2_N16_B_s800_n3,T2_B2_N16_B,648,706,649.6324252,705.658907,1.667679973
T2_B2_N16_B_s800_n4,T2_B2_N16_B,425,-129,413.3300319,-89.211964,41.46415277
T2_B2_N16_B_s800_n5,T2_B2_N16_B,116,-92,106.5400802,-49.21394053,43.8193675
T2_B2_N16_B_s800_n6,T2_B2_N16_B,236,925,229.2718911,873.9261449,51.51510576
T2_B2_N16_B_s800_n7,T2_B2_N16_B,77,316,78.63242521,315.658907,1.667679972
T2_B2_N16_C_s1000_n0,T2_B2_N16_C,-896,99,-540.1315567,383.6973451,455.7355892
T2_B2_N16_C_s1000_n1,T2_B2_N16_C,1705,2220,1454.051399,2023.60523,318.6629973
T2_B2_N16_C_s1000_n2,T2_B2_N16_C,-518,482,-517.2398059,520.260616,38.26816737
T2_B2_N16_C_s1000_n3,T2_B2_N16_C,972,-456,971.7330104,-489.3628737,33.36394198
T2_B2_N16_C_s1000_n4,T2_B2_N16_C,-537,1715,-563.3091902,1562.069543,155.1769898
T2_B2_N16_C_s1000_n5,T2_B2_N16_C,245,447,247.0784615,451.5431397,4.996010472
T2_B2_N16_C_s1000_n6,T2_B2_N16_C,-171,45,-205.9115416,17.4585357,44.4673812
T2_B2_N16_C_s1000_n7,T2_B2_N16_C,1983,2210,1319.773474,1485.288543,982.3828793
T2_B2_N16_C_s1200_n0,T2_B2_N16_C,2292,-130,2059.688984,49.59126833,293.6348616
T2_B2_N16_C_s1200_n1,T2_B2_N16_C,2016,141,1865.47727,232.0344415,175.9100958
T2_B2_N16_C_s1200_n2,T2_B2_N16_C,-247,-1168,-462.3346911,-1046.705865,247.1463058
T2_B2_N16_C_s1200_n3,T2_B2_N16_C,-560,362,-335.1292925,544.1942501,289.4159288
T2_B2_N16_C_s1200_n4,T2_B2_N16_C,170,311,168.7512793,315.0434741,4.231901032
T2_B2_N16_C_s1200_n5,T2_B2_N16_C,-768,-1188,-862.4134668,-1067.131537,153.3723834
T2_B2_N16_C_s1200_n6,T2_B2_N16_C,263,790,265.0784615,794.6130868,5.059700767
T2_B2_N16_C_s1200_n7,T2_B2_N16_C,346,408,348.0784615,412.7099811,5.148196177
T2_B2_N16_C_s400_n1,T2_B2_N16_C,-52,245,-38.45024883,242.1237708,13.8516588
T2_B2_N16_C_s400_n3,T2_B2_N16_C,335,-98,331.7774671,-89.41513131,9.169770364
T2_B2_N16_C_s400_n4,T2_B2_N16_C,-391,-960,-263.6634287,-673.9172842,313.1420168
T2_B2_N16_C_s400_n5,T2_B2_N16_C,-543,1210,-434.4856772,1024.456188,214.9461895
T2_B2_N16_C_s400_n6,T2_B2_N16_C,-250,-104,-44.55637199,-26.41612028,219.6049696
T2_B2_N16_C_s400_n7,T2_B2_N16_C,-394,-931,-184.9570444,-581.958608,406.8523695
T2_B2_N16_C_s600_n0,T2_B2_N16_C,54,-217,11.63761615,-294.9831794,88.74653704
T2_B2_N16_C_s600_n1,T2_B2_N16_C,-122,-542,-49.05948002,-403.7949299,156.2720732
T2_B2_N16_C_s600_n3,T2_B2_N16_C,-1063,465,-1432.923392,593.8346352,391.7163245
T2_B2_N16_C_s600_n4,T2_B2_N16_C,-1005,-153,-384.6020013,169.9671467,699.4293779
T2_B2_N16_C_s600_n5,T2_B2_N16_C,93,-395,84.53234959,-268.0738072,127.2083312
T2_B2_N16_C_s600_n6,T2_B2_N16_C,238,-561,258.9187285,-448.4945959,114.4336452
T2_B2_N16_C_s600_n7,T2_B2_N16_C,904,923,882.8206615,997.874087,77.81190962
T2_B2_N16_C_s800_n0,T2_B2_N16_C,-739,-1077,-675.7242411,-797.6948842,286.382907
T2_B2_N16_C_s800_n1,T2_B2_N16_C,-217,-442,-82.06980485,-198.9429402,277.998007
T2_B2_N16_C_s800_n2,T2_B2_N16_C,572,-397,529.9483146,-352.2526222,61.40579834
T2_B2_N16_C_s800_n3,T2_B2_N16_C,928,984,897.6579838,1036.173927,60.35525343
T2_B2_N16_C_s800_n5,T2_B2_N16_C,-314,-39,-302.7233063,-105.4388246,67.38902908
T2_B2_N16_C_s800_n6,T2_B2_N16_C,-239,1659,-179.2181316,1338.281822,326.2422746
T2_B2_N16_C_s800_n7,T2_B2_N16_C,-326,484,-201.6129235,511.2374863,127.334306
T2_B2_N16_D_s1000_n0,T2_B2_N16_D,963,270,951.1378877,272.0055796,12.03046374
T2_B2_N16_D_s1000_n1,T2_B2_N16_D,1039,1026,996.5424789,1020.887991,42.76416418
T2_B2_N16_D_s1000_n2,T2_B2_N16_D,692,1137,667.2224712,1139.238252,24.87841854
T2_B2_N16_D_s1000_n3,T2_B2_N16_D,136,-148,112.1718818,-146.0135204,23.91077826
T2_B2_N16_D_s1000_n4,T2_B2_N16_D,810,619,797.0865268,621.1886364,13.09763028
T2_B2_N16_D_s1000_n5,T2_B2_N16_D,1084,735,1048.473245,734.686527,35.52813757
T2_B2_N16_D_s1000_n6,T2_B2_N16_D,290,-414,277.7219193,-260.0494177,154.4394155
T2_B2_N16_D_s1000_n7,T2_B2_N16_D,687,1020,671.8863155,1021.940916,15.23780212
T2_B2_N16_D_s1200_n0,T2_B2_N16_D,1033,-225,988.8857847,-229.5117307,44.34433115
T2_B2_N16_D_s1200_n1,T2_B2_N16_D,931,150,918.1629779,152.1886364,13.02226042
T2_B2_N16_D_s1200_n2,T2_B2_N16_D,1218,383,1205.049496,384.6862379,13.059822
T2_B2_N16_D_s1200_n3,T2_B2_N16_D,1183,755,1170.955123,755.6390232,12.0618167
T2_B2_N16_D_s1200_n4,T2_B2_N16_D,336,-69,317.3105869,-69.38657852,18.69341073
T2_B2_N16_D_s1200_n5,T2_B2_N16_D,336,1134,321.5260069,1136.188636,14.6385315
T2_B2_N16_D_s1200_n6,T2_B2_N16_D,729,-22,718.3111559,-23.02010684,10.73741151
T2_B2_N16_D_s1200_n7,T2_B2_N16_D,1067,359,1054.155744,361.1886364,13.02939169
T2_B2_N16_D_s400_n0,T2_B2_N16_D,788,464,635.712981,436.763086,154.7035412
T2_B2_N16_D_s400_n1,T2_B2_N16_D,-356,584,143.7699114,149.5734534,662.1905985
T2_B2_N16_D_s400_n2,T2_B2_N16_D,-366,293,67.73377954,247.634681,436.0997635
T2_B2_N16_D_s400_n3,T2_B2_N16_D,-440,760,-64.87042011,298.1526013,595.000186
T2_B2_N16_D_s400_n5,T2_B2_N16_D,374,211,369.4880709,212.4928597,4.752487157
T2_B2_N16_D_s400_n6,T2_B2_N16_D,-245,-83,-145.629664,-39.26250179,108.5699426
T2_B2_N16_D_s400_n7,T2_B2_N16_D,17,-195,30.23597443,-123.1174692,73.09096565
T2_B2_N16_D_s600_n0,T2_B2_N16_D,-241,329,110.8245211,323.9439709,351.8608491
T2_B2_N16_D_s600_n1,T2_B2_N16_D,1157,-9,491.8740859,158.1014338,685.7954293
T2_B2_N16_D_s600_n2,T2_B2_N16_D,582,-744,601.625219,-1286.080015,542.4351502
T2_B2_N16_D_s600_n3,T2_B2_N16_D,-71,-70,-38.4872057,-30.9268127,50.83105113
T2_B2_N16_D_s600_n4,T2_B2_N16_D,183,-441,185.8609107,-255.0172589,186.004744
T2_B2_N16_D_s600_n5,T2_B2_N16_D,-218,522,198.415728,432.1261251,426.0039577
T2_B2_N16_D_s600_n6,T2_B2_N16_D,382,-732,370.2313147,-685.6535099,47.81735143
T2_B2_N16_D_s600_n7,T2_B2_N16_D,166,273,148.2749482,276.1527173,18.00325216
T2_B2_N16_D_s800_n0,T2_B2_N16_D,11,-620,29.86127623,-410.3688007,210.4779975
T2_B2_N16_D_s800_n1,T2_B2_N16_D,77,-61,68.22679884,-60.23377616,8.806597392
T2_B2_N16_D_s800_n2,T2_B2_N16_D,807,213,760.5724182,215.2228348,46.4807632
T2_B2_N16_D_s800_n3,T2_B2_N16_D,6,1064,55.46921223,860.2026957,209.7153885
T2_B2_N16_D_s800_n4,T2_B2_N16_D,351,724,343.4034783,726.1886364,7.905521567
T2_B2_N16_D_s800_n5,T2_B2_N16_D,-64,-339,-43.09588812,-234.2204314,106.8444659
T2_B2_N16_D_s800_n6,T2_B2_N16_D,609,-648,607.0878546,-970.4490756,322.4547451
T2_B2_N16_D_s800_n7,T2_B2_N16_D,548,-108,529.6195219,-112.8320811,19.00502519
T2_B2_N6_A_s1000_n0,T2_B2_N6_A,316,1451,331.197989,1174.715263,276.7024296
T2_B2_N6_A_s1000_n1,T2_B2_N6_A,1677,2144,1665.741098,1841.079975,303.1291877
T2_B2_N6_A_s1000_n2,T2_B2_N6_A,653,1915,570.8536877,1620.991165,305.2690812
T2_B2_N6_A_s1000_n3,T2_B2_N6_A,-283,1191,-295.7553106,1120.268968,71.87194703
T2_B2_N6_A_s1000_n4,T2_B2_N6_A,79,665,69.84332603,657.7106287,11.70382897
T2_B2_N6_A_s1000_n5,T2_B2_N6_A,-265,964,-326.7573253,937.8668663,67.05898827
T2_B2_N6_A_s1000_n6,T2_B2_N6_A,-366,655,-462.7635236,649.2540014,96.93397758
T2_B2_N6_A_s1000_n7,T2_B2_N6_A,626,441,620.9435333,439.613689,5.243063365
T2_B2_N6_A_s1200_n0,T2_B2_N6_A,1652,288,1682.334329,347.7573555,67.01576708
T2_B2_N6_A_s1200_n1,T2_B2_N6_A,492,212,486.9435333,210.613689,5.243063365
T2_B2_N6_A_s1200_n2,T2_B2_N6_A,1594,1432,1478.757211,1280.780673,190.1267614
T2_B2_N6_A_s1200_n3,T2_B2_N6_A,722,-923,655.2062151,-826.9322181,117.0061042
T2_B2_N6_A_s1200_n4,T2_B2_N6_A,325,-329,311.5403158,-258.5803393,71.69443293
T2_B2_N6_A_s1200_n5,T2_B2_N6_A,-474,-261,-465.2335306,-155.3105888,106.0523579
T2_B2_N6_A_s1200_n6,T2_B2_N6_A,-106,37,-91.80628252,71.4056454,37.21841011
T2_B2_N6_A_s1200_n7,T2_B2_N6_A,611,1066,605.7332561,1055.289192,11.93566084
T2_B2_N6_A_s400_n0,T2_B2_N6_A,1009,323,855.7153782,319.4155844,153.3265252
T2_B2_N6_A_s400_n1,T2_B2_N6_A,-397,-169,-207.5734331,31.19367458,275.6082938
T2_B2_N6_A_s400_n2,T2_B2_N6_A,-337,-317,-168.1928291,-123.2580302,256.9665578
T2_B2_N6_A_s400_n3,T2_B2_N6_A,-392,821,-328.529094,681.2326385,153.503978
T2_B2_N6_A_s400_n5,T2_B2_N6_A,-255,341,-441.6741656,336.5944567,186.7261442
T2_B2_N6_A_s400_n7,T2_B2_N6_A,192,148,186.9435333,146.613689,5.243063365
T2_B2_N6_A_s600_n0,T2_B2_N6_A,-251,-545,-111.8827843,-285.1169649,294.7758328
T2_B2_N6_A_s600_n1,T2_B2_N6_A,274,511,268.9502231,499.6306798,12.44032514
T2_B2_N6_A_s600_n2,T2_B2_N6_A,-335,-101,-375.2072168,-54.10645524,61.77074406
T2_B2_N6_A_s600_n3,T2_B2_N6_A,403,41,399.1137695,44.23422898,5.055989004
T2_B2_N6_A_s600_n4,T2_B2_N6_A,214,-1455,171.269854,-1263.788407,195.9278911
T2_B2_N6_A_s600_n5,T2_B2_N6_A,231,282,225.9435333,275.9603243,7.876899017
T2_B2_N6_A_s600_n6,T2_B2_N6_A,411,-223,390.6736754,-82.97971327,141.4879506
T2_B2_N6_A_s800_n0,T2_B2_N6_A,868,2031,777.6386314,1701.005721,342.1423699
T2_B2_N6_A_s800_n1,T2_B2_N6_A,231,-21,228.2710231,-16.14923516,5.565719571
T2_B2_N6_A_s800_n2,T2_B2_N6_A,1046,-1360,827.0758924,-623.4133194,768.4319767
T2_B2_N6_A_s800_n3,T2_B2_N6_A,153,77,150.3959522,77.87938613,2.748524127
T2_B2_N6_A_s800_n4,T2_B2_N6_A,1073,633,1082.882655,614.6915596,20.80542852
T2_B2_N6_A_s800_n6,T2_B2_N6_A,-852,1882,-456.6871449,1194.346716,793.183013
T2_B2_N6_A_s800_n7,T2_B2_N6_A,752,-2,752.3209879,-4.445372806,2.466349806
T2_B2_N6_B_s1000_n0,T2_B2_N6_B,730,332,733.7847855,340.1811994,9.014245662
T2_B2_N6_B_s1000_n1,T2_B2_N6_B,125,-794,17.40955583,-651.6568418,178.4300377
T2_B2_N6_B_s1000_n2,T2_B2_N6_B,845,987,844.3500683,994.206313,7.235562069
T2_B2_N6_B_s1000_n3,T2_B2_N6_B,1420,879,1363.129276,973.4519261,110.2517374
T2_B2_N6_B_s1000_n4,T2_B2_N6_B,1106,-568,976.3061208,-573.0314211,129.7914384
T2_B2_N6_B_s1000_n5,T2_B2_N6_B,55,-65,25.69550584,-68.80323473,29.5502618
T2_B2_N6_B_s1000_n6,T2_B2_N6_B,1500,-491,1212.992809,-275.3275706,359.0093652
T2_B2_N6_B_s1000_n7,T2_B2_N6_B,1385,1175,1336.231755,1272.77414,109.2617238
T2_B2_N6_B_s1200_n0,T2_B2_N6_B,1096,361,1093.036773,369.1811994,8.701306832
T2_B2_N6_B_s1200_n1,T2_B2_N6_B,1123,768,1119.727303,776.1811994,8.811502262
T2_B2_N6_B_s1200_n2,T2_B2_N6_B,735,1211,737.8633074,1210.287479,2.950629758
T2_B2_N6_B_s1200_n3,T2_B2_N6_B,600,-104,554.0996634,-109.1583681,46.18928083
T2_B2_N6_B_s1200_n4,T2_B2_N6_B,310,600,313.7847855,608.1811994,9.014245662
T2_B2_N6_B_s1200_n5,T2_B2_N6_B,1163,-329,1029.822218,-282.271137,141.1379051
T2_B2_N6_B_s1200_n6,T2_B2_N6_B,235,767,238.7847855,771.9702819,6.247263675
T2_B2_N6_B_s1200_n7,T2_B2_N6_B,655,833,658.7847855,841.1811994,9.014245662
T2_B2_N6_B_s400_n0,T2_B2_N6_B,-225,162,-293.0922781,143.9584455,70.44186276
T2_B2_N6_B_s400_n1,T2_B2_N6_B,216,-81,210.9291201,-75.8506258,7.227024117
T2_B2_N6_B_s400_n2,T2_B2_N6_B,221,-352,164.2159134,-436.5631852,101.8595346
T2_B2_N6_B_s400_n3,T2_B2_N6_B,910,-866,673.3250968,-720.8568708,277.6356205
T2_B2_N6_B_s400_n4,T2_B2_N6_B,-297,-374,-489.1153317,-426.1071906,199.0564241
T2_B2_N6_B_s400_n5,T2_B2_N6_B,-60,-282,-55.43943128,-191.3897481,90.72494992
T2_B2_N6_B_s400_n6,T2_B2_N6_B,299,170,302.7847855,178.1811994,9.014245663
T2_B2_N6_B_s400_n7,T2_B2_N6_B,-158,312,-144.4120191,281.8251329,33.09313868
T2_B2_N6_B_s600_n0,T2_B2_N6_B,-542,687,-473.767765,683.7606836,68.30908482
T2_B2_N6_B_s600_n1,T2_B2_N6_B,195,287,198.7847855,295.1811994,9.014245662
T2_B2_N6_B_s600_n2,T2_B2_N6_B,-317,433,-282.5762534,403.2773575,45.47999348
T2_B2_N6_B_s600_n4,T2_B2_N6_B,-454,775,-373.3187736,760.4660644,81.97984862
T2_B2_N6_B_s600_n5,T2_B2_N6_B,-537,-485,-893.0266128,-577.9371903,367.9568866
T2_B2_N6_B_s600_n6,T2_B2_N6_B,-200,1417,-412.7718406,1831.465834,465.8903129
T2_B2_N6_B_s600_n7,T2_B2_N6_B,-615,-388,-878.3604781,-416.1555805,264.8612432
T2_B2_N6_B_s800_n0,T2_B2_N6_B,1362,-128,1125.229465,31.76182572,285.6293527
T2_B2_N6_B_s800_n1,T2_B2_N6_B,971,1405,915.5743631,1493.930228,104.788295
T2_B2_N6_B_s800_n2,T2_B2_N6_B,-12,-240,-88.55123397,-191.691348,90.5197066
T2_B2_N6_B_s800_n3,T2_B2_N6_B,904,-1026,827.5375635,-1252.860765,239.3998978
T2_B2_N6_B_s800_n4,T2_B2_N6_B,1483,1364,1503.715054,1638.086392,274.8680846
T2_B2_N6_B_s800_n5,T2_B2_N6_B,-141,-76,-164.2906141,-64.20231544,26.10819921
T2_B2_N6_B_s800_n6,T2_B2_N6_B,125,-689,32.86049927,-638.1221877,105.2532155
T2_B2_N6_B_s800_n7,T2_B2_N6_B,1420,-773,1076.497382,-466.9209154,460.0852685
T2_B2_N6_C_s1000_n0,T2_B2_N6_C,1110,-166,1066.081946,-256.4302641,100.5307325
T2_B2_N6_C_s1000_n1,T2_B2_N6_C,33,450,27.31700159,447.4823992,6.215688616
T2_B2_N6_C_s1000_n2,T2_B2_N6_C,617,479,611.4071555,474.6089394,7.110648577
T2_B2_N6_C_s1000_n3,T2_B2_N6_C,-28,-708,-102.5845467,-728.2105182,77.2743143
T2_B2_N6_C_s1000_n4,T2_B2_N6_C,-270,252,-319.787496,222.129281,58.06078375
T2_B2_N6_C_s1000_n5,T2_B2_N6_C,175,441,169.4071555,437.2619204,6.727046096
T2_B2_N6_C_s1000_n6,T2_B2_N6_C,142,890,135.4577881,883.0697094,9.530449305
T2_B2_N6_C_s1000_n7,T2_B2_N6_C,464,-887,378.3195504,-957.5211307,110.970128
T2_B2_N6_C_s1200_n0,T2_B2_N6_C,1135,606,1093.789861,603.6667985,41.27613617
T2_B2_N6_C_s1200_n1,T2_B2_N6_C,206,889,200.4071555,881.6965814,9.198903878
T2_B2_N6_C_s1200_n3,T2_B2_N6_C,669,1157,662.1173015,1147.980296,11.34577481
T2_B2_N6_C_s1200_n4,T2_B2_N6_C,1048,510,1042.713721,505.0053077,7.272667672
T2_B2_N6_C_s1200_n5,T2_B2_N6_C,217,134,211.3252909,131.7222022,6.114792439
T2_B2_N6_C_s1200_n6,T2_B2_N6_C,1042,653,1036.480409,648.0370615,7.422711089
T2_B2_N6_C_s1200_n7,T2_B2_N6_C,1566,779,1469.437395,703.5825093,122.5240162
T2_B2_N6_C_s400_n0,T2_B2_N6_C,-107,-82,-129.1710404,-94.49946597,25.451752
T2_B2_N6_C_s400_n1,T2_B2_N6_C,481,397,463.853954,379.9959306,24.14798687
T2_B2_N6_C_s400_n2,T2_B2_N6_C,764,-156,536.7221691,-47.38198758,251.898958
T2_B2_N6_C_s400_n3,T2_B2_N6_C,-228,-384,-193.3013028,-290.5227819,99.70952758
T2_B2_N6_C_s400_n4,T2_B2_N6_C,645,-632,516.3980503,-626.8865007,128.7035716
T2_B2_N6_C_s400_n5,T2_B2_N6_C,131,-347,127.9861245,-343.4623954,4.647374715
T2_B2_N6_C_s400_n7,T2_B2_N6_C,469,1502,270.2251851,1168.117883,388.5726383
T2_B2_N6_C_s600_n0,T2_B2_N6_C,455,13,453.1157775,6.996120666,6.292603713
T2_B2_N6_C_s600_n1,T2_B2_N6_C,-466,-223,-589.3023594,-306.8872063,149.1326095
T2_B2_N6_C_s600_n2,T2_B2_N6_C,196,245,199.2776917,242.7222022,3.991444037
T2_B2_N6_C_s600_n3,T2_B2_N6_C,362,1094,294.2123327,1059.14805,76.22221624
T2_B2_N6_C_s600_n4,T2_B2_N6_C,579,211,574.5957617,202.3989134,9.663126108
T2_B2_N6_C_s600_n5,T2_B2_N6_C,242,521,226.0076142,512.1728355,18.2667796
T2_B2_N6_C_s600_n6,T2_B2_N6_C,-286,302,-347.8402652,277.8006387,66.40653194
T2_B2_N6_C_s600_n7,T2_B2_N6_C,487,-272,479.1169911,-356.9603179,85.32524502
T2_B2_N6_C_s800_n0,T2_B2_N6_C,700,841,690.0985964,829.5913367,15.10613756
T2_B2_N6_C_s800_n1,T2_B2_N6_C,170,933,153.7756238,923.2383643,18.93462217
T2_B2_N6_C_s800_n2,T2_B2_N6_C,-130,-536,-174.7170748,-533.9002662,44.76634523
T2_B2_N6_C_s800_n3,T2_B2_N6_C,644,1437,513.807314,1329.383493,168.9125454
T2_B2_N6_C_s800_n4,T2_B2_N6_C,566,-762,487.8072611,-948.938516,202.6329519
T2_B2_N6_C_s800_n5,T2_B2_N6_C,-227,519,-289.2126919,492.7670193,67.51731855
T2_B2_N6_C_s800_n7,T2_B2_N6_C,718,1600,551.0363833,1471.476678,210.7014326
T2_B2_N6_D_s1000_n0,T2_B2_N6_D,394,35,391.0436404,33.54426281,3.295335001
T2_B2_N6_D_s1000_n1,T2_B2_N6_D,363,650,360.0436404,650.7051962,3.039303156
T2_B2_N6_D_s1000_n2,T2_B2_N6_D,363,746,360.0436404,746.7051962,3.039303156
T2_B2_N6_D_s1000_n3,T2_B2_N6_D,385,-111,376.1271024,-24.48054289,86.97324169
T2_B2_N6_D_s1000_n4,T2_B2_N6_D,363,-158,354.0739093,-40.28625656,118.0516857
T2_B2_N6_D_s1000_n5,T2_B2_N6_D,363,-158,354.0739093,-40.28625656,118.0516857
T2_B2_N6_D_s1000_n6,T2_B2_N6_D,697,235,694.0436404,235.7051962,3.039303156
T2_B2_N6_D_s1000_n7,T2_B2_N6_D,731,73,728.0436404,71.54426281,3.295335
T2_B2_N6_D_s1200_n0,T2_B2_N6_D,563,746,560.0436404,746.7051962,3.039303156
T2_B2_N6_D_s1200_n1,T2_B2_N6_D,771,247,768.0436404,247.7051962,3.039303156
T2_B2_N6_D_s1200_n2,T2_B2_N6_D,589,432,586.0436404,432.7051962,3.039303156
T2_B2_N6_D_s1200_n3,T2_B2_N6_D,602,746,599.0436404,746.7051962,3.039303156
T2_B2_N6_D_s1200_n4,T2_B2_N6_D,791,746,788.0436404,746.7051962,3.039303156
T2_B2_N6_D_s1200_n5,T2_B2_N6_D,563,42,560.0436404,40.54426281,3.295335001
T2_B2_N6_D_s1200_n6,T2_B2_N6_D,679,480,676.0436404,480.7051962,3.039303156
T2_B2_N6_D_s1200_n7,T2_B2_N6_D,768,409,765.0436404,409.7051962,3.039303156
T2_B2_N6_D_s400_n0,T2_B2_N6_D,145,225,142.0436404,223.5442628,3.295335001
T2_B2_N6_D_s400_n1,T2_B2_N6_D,-9,658,66.51456047,630.4814324,80.37238583
T2_B2_N6_D_s400_n2,T2_B2_N6_D,247,-407,267.1810586,-303.1231809,105.8190374
T2_B2_N6_D_s400_n3,T2_B2_N6_D,-210,596,-100.976976,499.7710718,145.4167335
T2_B2_N6_D_s400_n4,T2_B2_N6_D,518,-481,447.6550396,-214.3593755,275.7637324
T2_B2_N6_D_s400_n6,T2_B2_N6_D,-237,-237,-31.67866137,-62.46239345,269.481406
T2_B2_N6_D_s400_n7,T2_B2_N6_D,-237,-276,-65.80008935,-49.07059438,284.264603
T2_B2_N6_D_s600_n0,T2_B2_N6_D,-37,-367,92.51639568,-9.387507516,380.3435178
T2_B2_N6_D_s600_n1,T2_B2_N6_D,35,710,61.8905491,750.3228648,48.46684494
T2_B2_N6_D_s600_n2,T2_B2_N6_D,7,12,134.638396,165.3192017,199.4952073
T2_B2_N6_D_s600_n3,T2_B2_N6_D,636,-542,626.2499558,-357.2442805,185.0128083
T2_B2_N6_D_s600_n4,T2_B2_N6_D,384,343,381.0436404,341.5442628,3.295335001
T2_B2_N6_D_s600_n5,T2_B2_N6_D,717,443,701.3062593,535.8950456,94.21137398
T2_B2_N6_D_s600_n6,T2_B2_N6_D,-31,600,30.75103787,582.8529358,64.08753771
T2_B2_N6_D_s600_n7,T2_B2_N6_D,625,576,624.5948158,579.5147986,3.538076282
T2_B2_N6_D_s800_n0,T2_B2_N6_D,215,-186,215.335933,-91.54147419,94.45912316
T2_B2_N6_D_s800_n1,T2_B2_N6_D,765,-138,643.3673958,-55.4364543,147.0075831
T2_B2_N6_D_s800_n2,T2_B2_N6_D,305,-188,251.5215993,-59.38600364,139.2892652
T2_B2_N6_D_s800_n3,T2_B2_N6_D,188,334,185.0436404,334.7051962,3.039303156
T2_B2_N6_D_s800_n4,T2_B2_N6_D,543,635,540.0436404,635.7051962,3.039303156
T2_B2_N6_D_s800_n5,T2_B2_N6_D,582,548,579.0436404,548.7051962,3.039303156
T2_B2_N6_D_s800_n6,T2_B2_N6_D,294,-314,306.5566455,-191.8772459,122.7665932
T2_B2_N6_D_s800_n7,T2_B2_N6_D,682,-323,703.2591777,-238.021687,87.59718209
T2_B3_N16_A_s1000_n0,T2_B3_N16_A,-155,609,-149.8876716,643.8541017,35.22703944
T2_B3_N16_A_s1000_n1,T2_B3_N16_A,841,469,841.0355802,480.0839376,11.08399468
T2_B3_N16_A_s1000_n2,T2_B3_N16_A,863,-578,798.5255927,-504.6185092,97.68209861
T2_B3_N16_A_s1000_n3,T2_B3_N16_A,-395,1104,-502.4072108,1176.408596,129.5349904
T2_B3_N16_A_s1000_n4,T2_B3_N16_A,984,-738,896.3641396,-593.7338397,168.7980125
T2_B3_N16_A_s1000_n5,T2_B3_N16_A,1192,1244,1238.092209,1318.913627,87.95762144
T2_B3_N16_A_s1000_n6,T2_B3_N16_A,-97,894,-86.68989243,915.5322228,23.87331011
T2_B3_N16_A_s1000_n7,T2_B3_N16_A,-95,1062,-7.497333333,1002.78,105.6585305
T2_B3_N16_A_s1200_n0,T2_B3_N16_A,-5,1457,-0.120467277,1470.154511,14.03035964
T2_B3_N16_A_s1200_n1,T2_B3_N16_A,776,1241,771.1742308,1257.046732,16.75666001
T2_B3_N16_A_s1200_n2,T2_B3_N16_A,285,-108,293.636134,-91.40198965,18.71033828
T2_B3_N16_A_s1200_n3,T2_B3_N16_A,642,1580,635.5704525,1595.38243,16.67207947
T2_B3_N16_A_s1200_n4,T2_B3_N16_A,-228,-538,-141.7756212,-426.5269937,140.9286153
T2_B3_N16_A_s1200_n5,T2_B3_N16_A,-228,-408,-147.4861197,-302.6432423,132.5991376
T2_B3_N16_A_s1200_n6,T2_B3_N16_A,1028,1163,1025.783284,1176.758331,13.93576349
T2_B3_N16_A_s1200_n7,T2_B3_N16_A,623,931,620.5153165,939.0879641,8.4610174
T2_B3_N16_A_s400_n0,T2_B3_N16_A,310,-262,366.4288195,-282.2986579,59.96871838
T2_B3_N16_A_s400_n1,T2_B3_N16_A,285,1281,263.7151279,1138.304976,144.2737525
T2_B3_N16_A_s400_n2,T2_B3_N16_A,-288,-93,-194.530725,-50.79458955,102.5563359
T2_B3_N16_A_s400_n3,T2_B3_N16_A,466,-314,433.7529839,-288.4010518,41.17251748
T2_B3_N16_A_s400_n4,T2_B3_N16_A,-509,-937,-206.9715433,-450.0552731,573.0064186
T2_B3_N16_A_s400_n5,T2_B3_N16_A,1354,451,906.4041395,387.8425177,452.0297799
T2_B3_N16_A_s400_n6,T2_B3_N16_A,32,264,76.86224526,260.5180387,44.99716773
T2_B3_N16_A_s600_n0,T2_B3_N16_A,-381,-356,-252.7786975,-255.9281364,162.6501777
T2_B3_N16_A_s600_n1,T2_B3_N16_A,-179,-350,-96.26111196,-221.1103142,153.1609438
T2_B3_N16_A_s600_n2,T2_B3_N16_A,524,744,496.8958203,694.7690717,56.19894002
T2_B3_N16_A_s600_n3,T2_B3_N16_A,192,-1054,128.0475874,-996.1937127,86.20602028
T2_B3_N16_A_s600_n4,T2_B3_N16_A,192,-376,222.4807629,-325.9167922,58.62938353
T2_B3_N16_A_s600_n5,T2_B3_N16_A,-341,674,-393.663662,723.4910533,72.26911967
T2_B3_N16_A_s600_n6,T2_B3_N16_A,200,1313,199.6027764,1203.789087,109.2116358
T2_B3_N16_A_s800_n0,T2_B3_N16_A,428,289,425.5153165,297.0879641,8.4610174
T2_B3_N16_A_s800_n1,T2_B3_N16_A,287,-402,308.2785021,-378.3181144,31.83718511
T2_B3_N16_A_s800_n2,T2_B3_N16_A,-628,689,-686.2823382,772.8845088,102.1442204
T2_B3_N16_A_s800_n3,T2_B3_N16_A,-502,-434,-311.8567116,-202.5999804,299.5003159
T2_B3_N16_A_s800_n4,T2_B3_N16_A,10,-256,57.69147107,-175.5028317,93.56425878
T2_B3_N16_A_s800_n5,T2_B3_N16_A,-507,-619,-236.6172759,-286.1946793,428.7962208
T2_B3_N16_A_s800_n7,T2_B3_N16_A,562,-50,569.2793011,-66.92910643,18.4277744
T2_B3_N16_B_s1000_n0,T2_B3_N16_B,-399,352,-471.1523228,345.473329,72.44691244
T2_B3_N16_B_s1000_n1,T2_B3_N16_B,490,-512,455.876328,-503.79499,35.09625594
T2_B3_N16_B_s1000_n2,T2_B3_N16_B,969,289,927.3640007,298.1521598,42.63001839
T2_B3_N16_B_s1000_n3,T2_B3_N16_B,-307,270,-354.9131568,269.2229243,47.91945784
T2_B3_N16_B_s1000_n4,T2_B3_N16_B,-93,367,-109.8121957,375.5118047,18.84411694
T2_B3_N16_B_s1000_n5,T2_B3_N16_B,-399,-32,-447.2609082,-34.37889764,48.31950346
T2_B3_N16_B_s1000_n6,T2_B3_N16_B,-399,27,-459.6684953,20.75216667,60.98935763
T2_B3_N16_B_s1000_n7,T2_B3_N16_B,336,408,293.6243272,418.1887455,43.58334752
T2_B3_N16_B_s1200_n0,T2_B3_N16_B,803,1015,767.9670812,1016.327654,35.05806708
T2_B3_N16_B_s1200_n1,T2_B3_N16_B,1107,1330,1077.471915,1319.690568,31.27606424
T2_B3_N16_B_s1200_n2,T2_B3_N16_B,-199,917,-263.6166713,908.2073032,65.21215938
T2_B3_N16_B_s1200_n3,T2_B3_N16_B,-199,-528,-221.1232934,-486.489946,47.03748183
T2_B3_N16_B_s1200_n4,T2_B3_N16_B,665,1268,631.959418,1273.367274,33.47368649
T2_B3_N16_B_s1200_n5,T2_B3_N16_B,-199,1147,-255.7183285,1130.891344,58.96149237
T2_B3_N16_B_s1200_n6,T2_B3_N16_B,-176,814,-271.0756877,806.1478487,95.39938509
T2_B3_N16_B_s1200_n7,T2_B3_N16_B,1393,325,1352.253151,339.9359279,43.39801414
T2_B3_N16_B_s400_n0,T2_B3_N16_B,562,739,457.0220387,609.5443333,166.6707593
T2_B3_N16_B_s400_n2,T2_B3_N16_B,-191,52,-304.7011433,49.9302568,113.7199799
T2_B3_N16_B_s400_n3,T2_B3_N16_B,1128,-680,893.5360312,-462.8790352,319.5541676
T2_B3_N16_B_s400_n4,T2_B3_N16_B,321,595,290.4001505,597.5964848,30.70981148
T2_B3_N16_B_s400_n5,T2_B3_N16_B,-41,260,-99.70329312,262.9475251,58.77724498
T2_B3_N16_B_s400_n7,T2_B3_N16_B,-30,190,-94.63710475,196.6621409,64.97953087
T2_B3_N16_B_s600_n0,T2_B3_N16_B,1285,1576,827.9873881,953.5309194,772.2229495
T2_B3_N16_B_s600_n1,T2_B3_N16_B,-8,563,-28.7067808,534.4300492,35.28473975
T2_B3_N16_B_s600_n2,T2_B3_N16_B,544,-75,502.7233725,-62.7361228,43.05998911
T2_B3_N16_B_s600_n3,T2_B3_N16_B,213,74,188.4997076,88.58287274,28.51183099
T2_B3_N16_B_s600_n4,T2_B3_N16_B,392,-669,365.5755847,-730.9194504,67.32212163
T2_B3_N16_B_s600_n5,T2_B3_N16_B,333,-326,291.8957014,-345.2354268,45.38243057
T2_B3_N16_B_s600_n6,T2_B3_N16_B,801,327,785.8762831,345.09152,23.58028644
T2_B3_N16_B_s600_n7,T2_B3_N16_B,562,207,515.1806911,222.2810246,49.24994827
T2_B3_N16_B_s800_n0,T2_B3_N16_B,-286,-609,-282.3479658,-507.3123886,101.7531703
T2_B3_N16_B_s800_n1,T2_B3_N16_B,1117,271,1073.768003,292.5529908,48.30669717
T2_B3_N16_B_s800_n2,T2_B3_N16_B,1089,-1036,957.6226541,-860.4274289,219.2845976
T2_B3_N16_B_s800_n3,T2_B3_N16_B,-532,-396,-588.1862583,-419.4831791,60.89626692
T2_B3_N16_B_s800_n4,T2_B3_N16_B,720,1159,690.215755,1162.201985,29.95586677
T2_B3_N16_B_s800_n5,T2_B3_N16_B,1328,706,1358.535067,685.7197844,36.6562065
T2_B3_N16_B_s800_n6,T2_B3_N16_B,470,-652,441.5216788,-707.6149467,62.48229411
T2_B3_N16_B_s800_n7,T2_B3_N16_B,49,73,6.93371535,84.77345603,43.68279491
T2_B3_N16_C_s1000_n0,T2_B3_N16_C,1100,-499,1071.204582,-456.5951946,51.25762022
T2_B3_N16_C_s1000_n1,T2_B3_N16_C,1044,279,1048.4735,273.1552513,7.360250448
T2_B3_N16_C_s1000_n2,T2_B3_N16_C,-60,795,-50.36248398,780.6596019,17.27798404
T2_B3_N16_C_s1000_n3,T2_B3_N16_C,-219,-142,-180.1808796,-90.97769381,64.11084025
T2_B3_N16_C_s1000_n4,T2_B3_N16_C,688,-532,716.6341794,-592.8538262,67.25402881
T2_B3_N16_C_s1000_n5,T2_B3_N16_C,-142,-26,-136.5220408,2.161598466,28.68943474
T2_B3_N16_C_s1000_n6,T2_B3_N16_C,-417,-962,-357.212766,-860.9049581,117.4509295
T2_B3_N16_C_s1000_n7,T2_B3_N16_C,-24,-502,24.24263594,-402.2581804,110.7961303
T2_B3_N16_C_s1200_n0,T2_B3_N16_C,-217,68,-227.0731929,91.21779442,25.30879675
T2_B3_N16_C_s1200_n1,T2_B3_N16_C,937,1309,933.5300531,1303.499397,6.503627281
T2_B3_N16_C_s1200_n2,T2_B3_N16_C,351,-588,384.433942,-560.9151838,43.02808091
T2_B3_N16_C_s1200_n3,T2_B3_N16_C,735,661,733.5864114,652.1191394,8.992659137
T2_B3_N16_C_s1200_n4,T2_B3_N16_C,177,634,177.3612874,623.0888058,10.91717399
T2_B3_N16_C_s1200_n5,T2_B3_N16_C,854,-413,868.7484816,-437.4190413,28.52730772
T2_B3_N16_C_s1200_n6,T2_B3_N16_C,169,1637,162.0222665,1668.257575,32.02693834
T2_B3_N16_C_s1200_n7,T2_B3_N16_C,1094,-182,1084.706615,-170.4802539,14.80106607
T2_B3_N16_C_s400_n0,T2_B3_N16_C,830,815,920.9034252,872.9114767,107.782985
T2_B3_N16_C_s400_n1,T2_B3_N16_C,-254,-530,-264.4027268,-551.8081446,24.16219973
T2_B3_N16_C_s400_n2,T2_B3_N16_C,-151,36,-159.8612967,14.94309433,22.84547779
T2_B3_N16_C_s400_n3,T2_B3_N16_C,-87,-41,-102.209346,-56.47428355,21.69741128
T2_B3_N16_C_s400_n4,T2_B3_N16_C,248,-264,231.3597606,-226.7857998,40.76511087
T2_B3_N16_C_s400_n5,T2_B3_N16_C,-322,-18,-378.9905354,-10.83567339,57.43908685
T2_B3_N16_C_s400_n6,T2_B3_N16_C,218,-68,211.5000372,-84.74671533,17.96390799
T2_B3_N16_C_s400_n7,T2_B3_N16_C,299,-142,290.3288759,-113.7060679,29.59281987
T2_B3_N16_C_s600_n0,T2_B3_N16_C,720,-346,679.0702022,-274.6658725,82.24236192
T2_B3_N16_C_s600_n1,T2_B3_N16_C,461,500,461.3612874,491.1191394,8.888206468
T2_B3_N16_C_s600_n2,T2_B3_N16_C,-50,343,-41.93862069,332.2445603,13.44118003
T2_B3_N16_C_s600_n3,T2_B3_N16_C,155,-179,145.9518136,-130.9125215,48.93133212
T2_B3_N16_C_s600_n5,T2_B3_N16_C,1000,-897,953.1239044,-749.4044999,154.8605824
T2_B3_N16_C_s600_n6,T2_B3_N16_C,410,1686,380.6781121,1636.065864,57.9067441
T2_B3_N16_C_s600_n7,T2_B3_N16_C,83,107,83.05126261,98.02524035,8.974906048
T2_B3_N16_C_s800_n0,T2_B3_N16_C,-11,-22,-11.42448665,-35.73865422,13.74521039
T2_B3_N16_C_s800_n1,T2_B3_N16_C,823,-921,739.3419118,-661.4660416,272.683977
T2_B3_N16_C_s800_n2,T2_B3_N16_C,360,-98,351.7046798,-96.43646066,8.441385697
T2_B3_N16_C_s800_n3,T2_B3_N16_C,96,-763,154.5200449,-619.8181644,154.6791314
T2_B3_N16_C_s800_n4,T2_B3_N16_C,437,727,437.541383,718.3573196,8.659620088
T2_B3_N16_C_s800_n5,T2_B3_N16_C,472,1197,455.9671769,1192.499652,16.65246363
T2_B3_N16_C_s800_n6,T2_B3_N16_C,109,313,101.9980575,304.1191394,11.30915049
T2_B3_N16_C_s800_n7,T2_B3_N16_C,528,-231,523.7009596,-237.3446892,7.663995612
T2_B3_N16_D_s1000_n0,T2_B3_N16_D,926,-167,887.9714402,-198.6019216,49.44545282
T2_B3_N16_D_s1000_n1,T2_B3_N16_D,-46,867,108.3173077,671.6864266,248.9201145
T2_B3_N16_D_s1000_n2,T2_B3_N16_D,1284,-820,1258.542668,-1116.396141,297.4873912
T2_B3_N16_D_s1000_n3,T2_B3_N16_D,30,803,80.75134264,689.2272079,124.5790793
T2_B3_N16_D_s1000_n4,T2_B3_N16_D,-28,-215,31.15088919,51.34240766,272.8316437
T2_B3_N16_D_s1000_n5,T2_B3_N16_D,223,914,263.5382706,791.8640456,128.6877723
T2_B3_N16_D_s1000_n6,T2_B3_N16_D,-211,859,-259.5366323,782.3431242,90.73081777
T2_B3_N16_D_s1000_n7,T2_B3_N16_D,1137,253,1075.767345,217.1514923,70.95458797
T2_B3_N16_D_s1200_n0,T2_B3_N16_D,1392,-457,1317.952861,-609.0242013,169.0985999
T2_B3_N16_D_s1200_n2,T2_B3_N16_D,913,-215,900.7743657,-293.4132086,79.36055324
T2_B3_N16_D_s1200_n3,T2_B3_N16_D,1084,1526,1055.217457,1461.874404,70.28888167
T2_B3_N16_D_s1200_n4,T2_B3_N16_D,471,-976,583.2976576,-855.1429975,164.9762982
T2_B3_N16_D_s1200_n5,T2_B3_N16_D,1364,-259,1286.226579,-342.1121918,113.8259258
T2_B3_N16_D_s1200_n6,T2_B3_N16_D,1211,260,1207.829299,239.3682557,20.8739603
T2_B3_N16_D_s1200_n7,T2_B3_N16_D,-132,771,-147.0406225,689.900413,82.48250326
T2_B3_N16_D_s400_n0,T2_B3_N16_D,-310,-290,-313.1448948,-365.8109146,75.87611704
T2_B3_N16_D_s400_n1,T2_B3_N16_D,310,-106,267.8034078,-53.7275813,67.17855425
T2_B3_N16_D_s400_n2,T2_B3_N16_D,267,180,265.481419,169.0761708,11.02887724
T2_B3_N16_D_s400_n3,T2_B3_N16_D,-231,393,118.881018,202.2819395,398.4847618
T2_B3_N16_D_s400_n4,T2_B3_N16_D,-226,20,-170.3359019,55.66536094,66.10983126
T2_B3_N16_D_s400_n5,T2_B3_N16_D,612,1328,515.1487246,1106.499819,241.7488356
T2_B3_N16_D_s400_n6,T2_B3_N16_D,327,-94,308.8433665,-101.8831869,19.79413987
T2_B3_N16_D_s400_n7,T2_B3_N16_D,-924,-498,-606.1860815,-313.8145514,367.3281453
T2_B3_N16_D_s600_n0,T2_B3_N16_D,-173,-241,-185.3701451,-296.1169189,56.48800968
T2_B3_N16_D_s600_n1,T2_B3_N16_D,1241,886,1097.694436,708.1400522,228.4089438
T2_B3_N16_D_s600_n2,T2_B3_N16_D,-254,-795,-102.1530262,-522.0652078,312.3314013
T2_B3_N16_D_s600_n3,T2_B3_N16_D,535,1013,484.3234284,977.3021512,61.98750938
T2_B3_N16_D_s600_n4,T2_B3_N16_D,716,1200,579.2600372,843.2051937,382.0999231
T2_B3_N16_D_s600_n5,T2_B3_N16_D,430,229,428.481419,218.0761708,11.02887724
T2_B3_N16_D_s600_n6,T2_B3_N16_D,-236,373,-61.15483309,421.8400954,181.5383907
T2_B3_N16_D_s600_n7,T2_B3_N16_D,183,-278,186.350456,-261.3898138,16.944729
T2_B3_N16_D_s800_n0,T2_B3_N16_D,-530,-663,-452.0754276,-567.3688895,123.3594272
T2_B3_N16_D_s800_n1,T2_B3_N16_D,1383,1166,1234.916987,1023.910654,205.2266093
T2_B3_N16_D_s800_n2,T2_B3_N16_D,379,213,372.3292165,202.0761708,12.79958584
T2_B3_N16_D_s800_n3,T2_B3_N16_D,-220,194,-200.6727173,222.6440618,34.55468324
T2_B3_N16_D_s800_n4,T2_B3_N16_D,771,-570,813.9697224,-923.7339582,356.3342676
T2_B3_N16_D_s800_n5,T2_B3_N16_D,1034,-536,964.1967778,-750.3439969,225.4236874
T2_B3_N16_D_s800_n6,T2_B3_N16_D,416,467,408.522336,450.9763867,17.68252365
T2_B3_N16_D_s800_n7,T2_B3_N16_D,502,-26,495.7026765,-37.22964775,12.87483096
T2_B3_N9_A_s1000_n0,T2_B3_N9_A,315,564,314.0709603,562.7200503,1.581577045
T2_B3_N9_A_s1000_n1,T2_B3_N9_A,343,476,342.0709603,474.7200503,1.581577045
T2_B3_N9_A_s1000_n2,T2_B3_N9_A,632,350,631.0709603,348.7200503,1.581577045
T2_B3_N9_A_s1000_n3,T2_B3_N9_A,315,350,314.0709603,348.7200503,1.581577045
T2_B3_N9_A_s1000_n4,T2_B3_N9_A,315,350,314.0709603,348.7200503,1.581577045
T2_B3_N9_A_s1000_n5,T2_B3_N9_A,548,483,547.0709603,481.7200503,1.581577045
T2_B3_N9_A_s1000_n6,T2_B3_N9_A,450,564,449.0709603,562.7200503,1.581577045
T2_B3_N9_A_s1000_n7,T2_B3_N9_A,477,599,476.0709603,597.7200503,1.581577045
T2_B3_N9_A_s1200_n0,T2_B3_N9_A,541,602,540.0709603,600.7200503,1.581577045
T2_B3_N9_A_s1200_n1,T2_B3_N9_A,632,562,631.0709603,560.7200503,1.581577045
T2_B3_N9_A_s1200_n2,T2_B3_N9_A,576,655,575.0709603,653.7200503,1.581577045
T2_B3_N9_A_s1200_n3,T2_B3_N9_A,591,627,590.0709603,625.7200503,1.581577045
T2_B3_N9_A_s1200_n4,T2_B3_N9_A,559,560,558.0709603,558.7200503,1.581577045
T2_B3_N9_A_s1200_n5,T2_B3_N9_A,515,550,514.0709603,548.7200503,1.581577045
T2_B3_N9_A_s1200_n6,T2_B3_N9_A,515,550,514.0709603,548.7200503,1.581577045
T2_B3_N9_A_s1200_n7,T2_B3_N9_A,612,782,611.0709603,780.7200503,1.581577045
T2_B3_N9_A_s400_n0,T2_B3_N9_A,595,-164,549.3090552,-209.7865464,64.68438967
T2_B3_N9_A_s400_n1,T2_B3_N9_A,-244,342,-263.4777442,222.5450069,121.0325489
T2_B3_N9_A_s400_n2,T2_B3_N9_A,-155,443,28.22516646,189.9859371,312.3901049
T2_B3_N9_A_s400_n3,T2_B3_N9_A,322,-123,320.9047608,-148.0589383,25.08286148
T2_B3_N9_A_s400_n4,T2_B3_N9_A,-218,-199,-170.5062006,-233.4149454,58.6519347
T2_B3_N9_A_s400_n5,T2_B3_N9_A,93,589,103.6652825,562.0919439,28.94463221
T2_B3_N9_A_s400_n6,T2_B3_N9_A,-152,257,-111.8966674,191.9780683,76.39456064
T2_B3_N9_A_s400_n7,T2_B3_N9_A,16,-74,22.51907157,-91.59910745,18.76770836
T2_B3_N9_A_s600_n0,T2_B3_N9_A,483,476,482.0709603,476.9115635,1.301561606
T2_B3_N9_A_s600_n1,T2_B3_N9_A,475,553,474.0709603,551.7200503,1.581577045
T2_B3_N9_A_s600_n2,T2_B3_N9_A,572,490,571.0709603,488.751871,1.555937208
T2_B3_N9_A_s600_n3,T2_B3_N9_A,162,89,161.0709603,87.72005028,1.581577045
T2_B3_N9_A_s600_n4,T2_B3_N9_A,175,196,174.0709603,196.9115635,1.301561606
T2_B3_N9_A_s600_n5,T2_B3_N9_A,-85,445,-88.99313659,394.0348946,51.12129801
T2_B3_N9_A_s600_n6,T2_B3_N9_A,-13,315,-14.26658051,300.0983166,14.95541354
T2_B3_N9_A_s600_n7,T2_B3_N9_A,-10,206,-5.192195478,207.1462436,4.942555893
T2_B3_N9_A_s800_n0,T2_B3_N9_A,115,150,114.0709603,148.7200503,1.581577045
T2_B3_N9_A_s800_n1,T2_B3_N9_A,155,614,154.0709603,612.7200503,1.581577045
T2_B3_N9_A_s800_n2,T2_B3_N9_A,165,298,164.0709603,296.7200503,1.581577045
T2_B3_N9_A_s800_n3,T2_B3_N9_A,541,682,540.0709603,680.7200503,1.581577045
T2_B3_N9_A_s800_n4,T2_B3_N9_A,435,578,434.0709603,576.7200503,1.581577045
T2_B3_N9_A_s800_n5,T2_B3_N9_A,115,377,114.0709603,375.7200503,1.581577045
T2_B3_N9_A_s800_n6,T2_B3_N9_A,378,196,377.0709603,194.7200503,1.581577045
T2_B3_N9_A_s800_n7,T2_B3_N9_A,540,476,539.0709603,474.7200503,1.581577045
T2_B3_N9_B_s1000_n0,T2_B3_N9_B,657,1009,656.5786022,986.8690451,22.13496645
T2_B3_N9_B_s1000_n1,T2_B3_N9_B,243,356,241.5424895,342.4795289,13.59880422
T2_B3_N9_B_s1000_n2,T2_B3_N9_B,-67,-170,-67.84706505,-147.1315154,22.88416716
T2_B3_N9_B_s1000_n3,T2_B3_N9_B,321,-170,324.1577344,-167.1260082,4.269791042
T2_B3_N9_B_s1000_n4,T2_B3_N9_B,230,-61,226.2923599,-72.85193177,12.41832847
T2_B3_N9_B_s1000_n5,T2_B3_N9_B,963,862,960.213227,832.9439266,29.18940739
T2_B3_N9_B_s1000_n6,T2_B3_N9_B,130,321,128.2078635,299.5751981,21.49962531
T2_B3_N9_B_s1000_n7,T2_B3_N9_B,619,739,617.5424895,709.4606544,29.57528147
T2_B3_N9_B_s1200_n0,T2_B3_N9_B,133,1100,131.5424895,1055.673523,44.35043298
T2_B3_N9_B_s1200_n1,T2_B3_N9_B,708,926,707.2379376,903.0564318,22.95622048
T2_B3_N9_B_s1200_n2,T2_B3_N9_B,298,603,296.5424895,580.0564318,22.98981636
T2_B3_N9_B_s1200_n3,T2_B3_N9_B,133,957,131.5424895,929.1669439,27.87119213
T2_B3_N9_B_s1200_n4,T2_B3_N9_B,329,1087,328.9741595,1054.763417,32.23659368
T2_B3_N9_B_s1200_n5,T2_B3_N9_B,133,279,123.6874633,256.9372965,23.9475724
T2_B3_N9_B_s1200_n6,T2_B3_N9_B,644,73,642.380533,59.79852825,13.30043345
T2_B3_N9_B_s1200_n7,T2_B3_N9_B,361,776,359.5424895,752.729946,23.31565461
T2_B3_N9_B_s400_n0,T2_B3_N9_B,27,252,25.02858295,230.5384485,21.55190655
T2_B3_N9_B_s400_n1,T2_B3_N9_B,-247,35,-275.9128083,14.59284496,35.38929866
T2_B3_N9_B_s400_n2,T2_B3_N9_B,347,354,340.9023484,323.237239,31.36126303
T2_B3_N9_B_s400_n3,T2_B3_N9_B,674,403,650.6770922,364.9428438,44.63524585
T2_B3_N9_B_s400_n4,T2_B3_N9_B,-142,160,-146.5596695,138.7023536,21.78027388
T2_B3_N9_B_s400_n5,T2_B3_N9_B,-447,-327,-317.5202273,-184.6842501,192.4026616
T2_B3_N9_B_s400_n6,T2_B3_N9_B,218,313,216.5825265,299.4423669,13.63153129
T2_B3_N9_B_s400_n7,T2_B3_N9_B,-584,351,-388.2413366,244.7538168,222.7323634
T2_B3_N9_B_s600_n0,T2_B3_N9_B,-14,-506,-45.24064404,-501.9020947,31.50826348
T2_B3_N9_B_s600_n1,T2_B3_N9_B,-411,-474,-262.4687448,-290.1903685,236.320787
T2_B3_N9_B_s600_n2,T2_B3_N9_B,-467,-302,-367.4298182,-173.0810716,162.8935579
T2_B3_N9_B_s600_n3,T2_B3_N9_B,201,-551,190.5659969,-477.0724856,74.66020231
T2_B3_N9_B_s600_n4,T2_B3_N9_B,635,-178,540.2327588,-6.857951774,195.6282972
T2_B3_N9_B_s600_n5,T2_B3_N9_B,396,824,388.8031918,791.5509886,33.23751482
T2_B3_N9_B_s600_n6,T2_B3_N9_B,424,-459,404.7763677,-448.3990624,21.9528567
T2_B3_N9_B_s600_n7,T2_B3_N9_B,504,317,503.5121901,295.2548144,21.75065647
T2_B3_N9_B_s800_n0,T2_B3_N9_B,656,409,654.5424895,387.281589,21.76726238
T2_B3_N9_B_s800_n1,T2_B3_N9_B,-51,550,-50.12400927,512.7603424,37.24995913
T2_B3_N9_B_s800_n2,T2_B3_N9_B,647,408,645.5424895,386.262858,21.78595142
T2_B3_N9_B_s800_n3,T2_B3_N9_B,153,-241,150.3577312,-226.816884,14.42713984
T2_B3_N9_B_s800_n4,T2_B3_N9_B,-31,62,-32.39092948,49.20103634,12.87432156
T2_B3_N9_B_s800_n5,T2_B3_N9_B,994,912,997.8721324,891.3535298,21.00643094
T2_B3_N9_B_s800_n6,T2_B3_N9_B,941,-36,1004.884921,-108.2200725,96.42106644
T2_B3_N9_B_s800_n7,T2_B3_N9_B,-15,27,-13.58353713,14.44841322,12.63125875
T2_B3_N9_C_s1000_n0,T2_B3_N9_C,234,785,272.812446,695.9392969,97.15047507
T2_B3_N9_C_s1000_n1,T2_B3_N9_C,675,-144,674.1694314,-165.9055808,21.92132104
T2_B3_N9_C_s1000_n2,T2_B3_N9_C,-5,179,-1.807265793,173.8264111,6.079438646
T2_B3_N9_C_s1000_n3,T2_B3_N9_C,830,577,831.0696331,571.1769259,5.920498906
T2_B3_N9_C_s1000_n4,T2_B3_N9_C,-208,-411,-157.6517495,-399.8353882,51.57126028
T2_B3_N9_C_s1000_n5,T2_B3_N9_C,-208,-294,-95.73726347,-284.2926979,112.6816477
T2_B3_N9_C_s1000_n6,T2_B3_N9_C,1200,840,1225.132389,843.4905832,25.37363081
T2_B3_N9_C_s1000_n7,T2_B3_N9_C,779,-355,785.7158077,-410.5415348,55.94608263
T2_B3_N9_C_s1200_n0,T2_B3_N9_C,695,707,696.0696331,701.629738,5.475749202
T2_B3_N9_C_s1200_n1,T2_B3_N9_C,596,80,597.0696331,72.98515936,7.095921665
T2_B3_N9_C_s1200_n2,T2_B3_N9_C,207,677,208.0696331,671.629738,5.475749202
T2_B3_N9_C_s1200_n3,T2_B3_N9_C,-8,-211,13.17103469,-195.6486518,26.15103444
T2_B3_N9_C_s1200_n4,T2_B3_N9_C,756,309,757.0696331,303.629738,5.475749202
T2_B3_N9_C_s1200_n5,T2_B3_N9_C,848,1102,850.0313621,1096.629738,5.741615321
T2_B3_N9_C_s1200_n6,T2_B3_N9_C,-8,-211,13.17103469,-195.6486518,26.15103444
T2_B3_N9_C_s1200_n7,T2_B3_N9_C,894,215,893.7646947,209.629738,5.375414674
T2_B3_N9_C_s400_n0,T2_B3_N9_C,1008,611,1196.81911,611.8617059,188.8210758
T2_B3_N9_C_s400_n1,T2_B3_N9_C,518,328,520.1407245,321.119492,7.205837294
T2_B3_N9_C_s400_n2,T2_B3_N9_C,12,-87,4.741669611,-91.2401248,8.406070328
T2_B3_N9_C_s400_n3,T2_B3_N9_C,180,285,181.0696331,279.629738,5.475749202
T2_B3_N9_C_s400_n4,T2_B3_N9_C,-189,1173,-153.0942658,978.3882493,197.8963245
T2_B3_N9_C_s400_n5,T2_B3_N9_C,543,722,528.4521042,556.9899421,165.6501146
T2_B3_N9_C_s400_n7,T2_B3_N9_C,-253,158,-238.1671363,135.4525152,26.98894065
T2_B3_N9_C_s600_n0,T2_B3_N9_C,11,-235,12.02596408,-248.6842993,13.72270559
T2_B3_N9_C_s600_n1,T2_B3_N9_C,-442,439,-738.9987164,416.4135128,297.8563193
T2_B3_N9_C_s600_n2,T2_B3_N9_C,406,-450,400.597309,-414.3893924,36.01811269
T2_B3_N9_C_s600_n3,T2_B3_N9_C,100,-174,110.5250562,-166.0599969,13.18409869
T2_B3_N9_C_s600_n4,T2_B3_N9_C,347,-388,343.8306521,-379.6789945,8.904150615
T2_B3_N9_C_s600_n5,T2_B3_N9_C,-170,-535,-246.1242394,-795.4779173,271.3736266
T2_B3_N9_C_s600_n6,T2_B3_N9_C,275,932,302.2029969,917.6229461,30.7685346
T2_B3_N9_C_s600_n7,T2_B3_N9_C,-8,438,-4.285670674,432.8520698,6.348025501
T2_B3_N9_C_s800_n0,T2_B3_N9_C,-212,1207,-142.7349759,965.8132567,250.9356266
T2_B3_N9_C_s800_n1,T2_B3_N9_C,-408,-539,-256.9064155,-505.3100953,154.8040082
T2_B3_N9_C_s800_n2,T2_B3_N9_C,70,-611,26.24803353,-795.5529859,189.6682345
T2_B3_N9_C_s800_n3,T2_B3_N9_C,769,-280,790.6131268,-335.1529845,59.2366352
T2_B3_N9_C_s800_n4,T2_B3_N9_C,183,1030,231.3416194,945.9932631,96.92287663
T2_B3_N9_C_s800_n5,T2_B3_N9_C,205,-150,201.0188805,-168.6499623,19.07014432
T2_B3_N9_C_s800_n6,T2_B3_N9_C,-408,-139,-196.3832785,-46.96603116,230.7637065
T2_B3_N9_C_s800_n7,T2_B3_N9_C,539,-611,536.29156,-534.0791,76.9685683
T2_B3_N9_D_s1000_n0,T2_B3_N9_D,757,1057,699.8164445,867.0072303,198.4117223
T2_B3_N9_D_s1000_n1,T2_B3_N9_D,157,-978,411.3078556,435.2607071,1435.959022
T2_B3_N9_D_s1000_n2,T2_B3_N9_D,616,-337,642.9360269,8.366723451,346.4155355
T2_B3_N9_D_s1000_n3,T2_B3_N9_D,-404,-593,-23.19049946,-222.8298557,531.0760882
T2_B3_N9_D_s1000_n4,T2_B3_N9_D,1141,1257,1239.909628,1345.3147,132.5993999
T2_B3_N9_D_s1000_n5,T2_B3_N9_D,1253,808,1016.605428,751.1107445,243.14354
T2_B3_N9_D_s1000_n6,T2_B3_N9_D,1101,1145,1084.89624,1122.716162,27.49364547
T2_B3_N9_D_s1000_n7,T2_B3_N9_D,-290,1387,-447.6172141,1608.853804,272.1438897
T2_B3_N9_D_s1200_n0,T2_B3_N9_D,345,784,341.6809755,761.1095811,23.12979036
T2_B3_N9_D_s1200_n1,T2_B3_N9_D,929,712,854.0277106,687.9862663,78.72422491
T2_B3_N9_D_s1200_n2,T2_B3_N9_D,1343,-399,1305.128245,-203.7374412,198.9013241
T2_B3_N9_D_s1200_n3,T2_B3_N9_D,841,1551,789.4132805,1210.198931,344.6832724
T2_B3_N9_D_s1200_n4,T2_B3_N9_D,477,-237,457.6353097,-84.81365213,153.4134144
T2_B3_N9_D_s1200_n5,T2_B3_N9_D,1284,328,1269.832838,332.0189582,14.72618407
T2_B3_N9_D_s1200_n6,T2_B3_N9_D,44,1279,38.9879499,1274.93642,6.452389469
T2_B3_N9_D_s1200_n7,T2_B3_N9_D,459,-833,432.5983774,-654.2732541,180.6662541
T2_B3_N9_D_s400_n0,T2_B3_N9_D,-54,86,284.2443158,212.9176281,361.2717835
T2_B3_N9_D_s400_n2,T2_B3_N9_D,-102,167,204.8467726,210.1012761,309.8591
T2_B3_N9_D_s400_n3,T2_B3_N9_D,-262,-735,152.0364967,-19.14602937,826.9662193
T2_B3_N9_D_s400_n4,T2_B3_N9_D,6,-393,117.9583485,59.53204815,466.1758535
T2_B3_N9_D_s400_n6,T2_B3_N9_D,-213,140,243.3647275,202.7008451,460.6518865
T2_B3_N9_D_s400_n7,T2_B3_N9_D,832,2,423.2273136,129.5470286,428.2094741
T2_B3_N9_D_s600_n0,T2_B3_N9_D,1287,-501,933.3055752,-104.051571,531.6651215
T2_B3_N9_D_s600_n1,T2_B3_N9_D,593,-667,533.4879144,-340.7832488,331.6007495
T2_B3_N9_D_s600_n2,T2_B3_N9_D,558,1692,495.7229124,1108.516169,586.7979352
T2_B3_N9_D_s600_n3,T2_B3_N9_D,-500,208,-165.0640706,171.6651669,336.9010194
T2_B3_N9_D_s600_n4,T2_B3_N9_D,359,1508,323.0259552,972.5129424,536.6940663
T2_B3_N9_D_s600_n6,T2_B3_N9_D,-384,-409,-65.9831787,-65.74974785,467.9267402
T2_B3_N9_D_s600_n7,T2_B3_N9_D,579,480,361.8348919,317.9505478,270.9625604
T2_B3_N9_D_s800_n0,T2_B3_N9_D,-55,175,-57.31577076,211.6084975,36.68166957
T2_B3_N9_D_s800_n1,T2_B3_N9_D,-421,-283,-350.9446962,-243.3861352,80.47983521
T2_B3_N9_D_s800_n2,T2_B3_N9_D,228,454,224.6809755,458.4892154,5.582918415
T2_B3_N9_D_s800_n3,T2_B3_N9_D,-280,455,-233.6494733,422.0171897,56.88793456
T2_B3_N9_D_s800_n4,T2_B3_N9_D,-267,-715,78.66042025,-268.8125647,564.4150543
T2_B3_N9_D_s800_n5,T2_B3_N9_D,-20,-972,421.331996,909.0235206,1932.103366
T2_B3_N9_D_s800_n6,T2_B3_N9_D,307,717,328.3988275,573.0169082,145.564558
T2_B3_N9_D_s800_n7,T2_B3_N9_D,-435,-427,-254.2382428,-337.5033936,201.7038805
T4_B1_N18_A_s1000_n0,T4_B1_N18_A,1077,-602,1043.087107,-498.4450408,108.9665723
T4_B1_N18_A_s1000_n1,T4_B1_N18_A,-346,-350,-426.662445,-323.9924117,84.75154681
T4_B1_N18_A_s1000_n2,T4_B1_N18_A,-109,-570,-231.5953361,-526.5283788,130.0745874
T4_B1_N18_A_s1000_n3,T4_B1_N18_A,187,833,186.8692887,830.3465198,2.65669769
T4_B1_N18_A_s1000_n4,T4_B1_N18_A,1133,-831,1103.526918,-722.5067924,112.4252581
T4_B1_N18_A_s1000_n5,T4_B1_N18_A,-346,-564,-322.0537393,-391.639883,174.0156123
T4_B1_N18_A_s1000_n6,T4_B1_N18_A,724,-673,648.9521674,-440.1661193,244.6299107
T4_B1_N18_A_s1000_n7,T4_B1_N18_A,1509,582,1116.32231,602.0673277,393.1901144
T4_B1_N18_A_s1200_n0,T4_B1_N18_A,1032,-649,962.2137976,-480.5143084,182.3665055
T4_B1_N18_A_s1200_n1,T4_B1_N18_A,-146,43,-157.3784326,51.73695894,14.3458419
T4_B1_N18_A_s1200_n2,T4_B1_N18_A,120,895,119.8692887,892.3465198,2.65669769
T4_B1_N18_A_s1200_n3,T4_B1_N18_A,-146,-204,-183.6978723,-224.4338844,42.87975284
T4_B1_N18_A_s1200_n4,T4_B1_N18_A,1435,-41,1486.24427,-77.48463375,62.90551421
T4_B1_N18_A_s1200_n5,T4_B1_N18_A,1013,856,1012.869289,853.3465198,2.65669769
T4_B1_N18_A_s1200_n6,T4_B1_N18_A,865,-135,812.3562043,-67.1618957,85.86837378
T4_B1_N18_A_s1200_n7,T4_B1_N18_A,164,-265,46.27173311,-269.1647045,117.8019083
T4_B1_N18_A_s400_n1,T4_B1_N18_A,-76,-1065,-105.4115958,-611.8269863,454.1264387
T4_B1_N18_A_s400_n2,T4_B1_N18_A,106,-827,58.84162975,-556.1707639,274.9043234
T4_B1_N18_A_s400_n3,T4_B1_N18_A,133,1465,133.0596608,1075.594242,389.4057629
T4_B1_N18_A_s400_n4,T4_B1_N18_A,1038,-222,853.8955074,-175.7868748,189.8160086
T4_B1_N18_A_s400_n5,T4_B1_N18_A,1381,-57,1208.990121,-86.80619834,174.5732162
T4_B1_N18_A_s400_n6,T4_B1_N18_A,20,-317,-36.08410042,-333.3234273,58.41130542
T4_B1_N18_A_s400_n7,T4_B1_N18_A,-348,257,-421.844253,265.7912863,74.36572068
T4_B1_N18_A_s600_n0,T4_B1_N18_A,-344,306,-410.0301468,315.330485,66.68611725
T4_B1_N18_A_s600_n1,T4_B1_N18_A,-492,461,-358.608142,418.1795189,140.096329
T4_B1_N18_A_s600_n2,T4_B1_N18_A,141,598,140.9884953,595.2566801,2.743344045
T4_B1_N18_A_s600_n3,T4_B1_N18_A,-434,573,-269.3491675,519.5002293,173.1245855
T4_B1_N18_A_s600_n4,T4_B1_N18_A,574,-871,441.2306993,-347.2750891,540.2920224
T4_B1_N18_A_s600_n5,T4_B1_N18_A,292,463,291.8692887,460.3465198,2.65669769
T4_B1_N18_A_s600_n6,T4_B1_N18_A,399,428,398.8692887,425.3465198,2.65669769
T4_B1_N18_A_s600_n7,T4_B1_N18_A,493,232,492.8692887,229.3465198,2.65669769
T4_B1_N18_A_s800_n0,T4_B1_N18_A,1163,38,1301.989625,-70.6231927,176.4004361
T4_B1_N18_A_s800_n1,T4_B1_N18_A,757,707,756.8692887,704.3465198,2.65669769
T4_B1_N18_A_s800_n2,T4_B1_N18_A,288,140,287.8692887,137.3465198,2.65669769
T4_B1_N18_A_s800_n3,T4_B1_N18_A,200,-524,110.3403215,-442.7506693,120.9971557
T4_B1_N18_A_s800_n4,T4_B1_N18_A,476,-403,412.5802244,-268.5854883,148.6247924
T4_B1_N18_A_s800_n5,T4_B1_N18_A,497,-377,432.4554893,-239.5590621,151.8420405
T4_B1_N18_A_s800_n6,T4_B1_N18_A,616,703,615.8692887,700.3465198,2.65669769
T4_B1_N18_A_s800_n7,T4_B1_N18_A,674,430,673.8692887,427.3465198,2.65669769
T4_B1_N18_B_s1000_n0,T4_B1_N18_B,1426,1148,1457.28738,1185.223761,48.62621242
T4_B1_N18_B_s1000_n1,T4_B1_N18_B,1122,-230,1032.482703,-179.6092157,102.7257399
T4_B1_N18_B_s1000_n2,T4_B1_N18_B,17,1669,27.3605515,1536.955346,132.4504875
T4_B1_N18_B_s1000_n3,T4_B1_N18_B,259,784,264.8017633,787.5723389,6.813373785
T4_B1_N18_B_s1000_n4,T4_B1_N18_B,723,1811,657.2420895,1602.375456,218.7425502
T4_B1_N18_B_s1000_n5,T4_B1_N18_B,254,972,259.9048669,975.4094077,6.818468589
T4_B1_N18_B_s1000_n6,T4_B1_N18_B,-422,619,-232.2626377,609.9091826,189.95502
T4_B1_N18_B_s1000_n7,T4_B1_N18_B,271,1218,251.6293335,1213.173485,19.96291486
T4_B1_N18_B_s1200_n0,T4_B1_N18_B,864,1580,834.3863485,1425.499363,157.313112
T4_B1_N18_B_s1200_n1,T4_B1_N18_B,-212,800,-196.7182367,797.4912415,15.48632166
T4_B1_N18_B_s1200_n2,T4_B1_N18_B,941,1158,946.8017633,1161.572339,6.813373785
T4_B1_N18_B_s1200_n3,T4_B1_N18_B,447,1035,452.8017633,1038.572339,6.813373785
T4_B1_N18_B_s1200_n4,T4_B1_N18_B,-214,1023,-222.7043238,1028.705165,10.40740887
T4_B1_N18_B_s1200_n5,T4_B1_N18_B,840,1425,811.9319257,1396.520017,39.98657536
T4_B1_N18_B_s1200_n6,T4_B1_N18_B,-86,864,-81.54065774,866.4092367,5.068545613
T4_B1_N18_B_s1200_n7,T4_B1_N18_B,-222,886,-226.6523474,893.2468676,8.611702933
T4_B1_N18_B_s400_n0,T4_B1_N18_B,701,1406,753.3611275,1390.316786,54.65940789
T4_B1_N18_B_s400_n2,T4_B1_N18_B,-39,-335,-162.8000955,-537.1615284,237.056422
T4_B1_N18_B_s400_n3,T4_B1_N18_B,-337,-317,-80.36530149,-33.8062523,382.178057
T4_B1_N18_B_s400_n4,T4_B1_N18_B,797,490,717.82027,504.0920695,80.42397698
T4_B1_N18_B_s400_n5,T4_B1_N18_B,372,-166,348.1031638,-134.4175895,39.60438652
T4_B1_N18_B_s400_n6,T4_B1_N18_B,968,-560,736.4217137,-395.3924769,284.1199383
T4_B1_N18_B_s400_n7,T4_B1_N18_B,-27,-227,-46.62084907,-206.3651176,28.47413015
T4_B1_N18_B_s600_n0,T4_B1_N18_B,-81,289,-70.23269017,291.6433072,11.08702097
T4_B1_N18_B_s600_n2,T4_B1_N18_B,483,447,488.8017633,450.5723389,6.813373785
T4_B1_N18_B_s600_n3,T4_B1_N18_B,-370,-315,-398.6157882,-335.9625254,35.47239495
T4_B1_N18_B_s600_n4,T4_B1_N18_B,-215,198,-272.9678447,159.3126282,69.69206383
T4_B1_N18_B_s600_n5,T4_B1_N18_B,174,-293,153.6113101,-227.1690282,68.91600336
T4_B1_N18_B_s600_n6,T4_B1_N18_B,-345,203,-366.8028347,182.4511262,29.96030399
T4_B1_N18_B_s600_n7,T4_B1_N18_B,248,-421,210.2544553,-332.8999708,95.8454031
T4_B1_N18_B_s800_n0,T4_B1_N18_B,-347,161,-340.8412987,118.8449786,42.60252844
T4_B1_N18_B_s800_n1,T4_B1_N18_B,1288,-759,960.3160695,-421.6931357,470.2687307
T4_B1_N18_B_s800_n2,T4_B1_N18_B,-349,768,-353.1781275,740.8173892,27.50183777
T4_B1_N18_B_s800_n3,T4_B1_N18_B,714,-566,691.8231222,-772.9679523,208.1527016
T4_B1_N18_B_s800_n4,T4_B1_N18_B,480,146,485.8017633,149.5723389,6.813373786
T4_B1_N18_B_s800_n5,T4_B1_N18_B,-430,540,-235.4352892,542.6531265,194.5827993
T4_B1_N18_B_s800_n6,T4_B1_N18_B,-345,-446,-604.0513625,-727.691477,382.6979182
T4_B1_N18_B_s800_n7,T4_B1_N18_B,137,1385,116.5587104,1336.202738,52.90575685
T4_B1_N18_C_s1000_n0,T4_B1_N18_C,526,664,524.6590736,652.8727848,11.20772064
T4_B1_N18_C_s1000_n1,T4_B1_N18_C,-140,1081,-76.13392343,1038.762833,76.56927576
T4_B1_N18_C_s1000_n2,T4_B1_N18_C,195,997,243.7344247,975.7827524,53.15275861
T4_B1_N18_C_s1000_n3,T4_B1_N18_C,845,-206,832.6462078,-197.5564327,14.9636229
T4_B1_N18_C_s1000_n4,T4_B1_N18_C,1343,751,1349.745136,791.9045046,41.45690972
T4_B1_N18_C_s1000_n5,T4_B1_N18_C,1274,-133,1140.377524,-19.71901294,175.178618
T4_B1_N18_C_s1000_n6,T4_B1_N18_C,822,-6,796.422207,7.705681303,29.01842852
T4_B1_N18_C_s1000_n7,T4_B1_N18_C,1335,788,1369.329681,828.310844,52.94800411
T4_B1_N18_C_s1200_n0,T4_B1_N18_C,460,73,450.5113358,65.04499115,12.38212076
T4_B1_N18_C_s1200_n1,T4_B1_N18_C,1320,723,1331.775887,744.1446659,24.20265297
T4_B1_N18_C_s1200_n2,T4_B1_N18_C,1381,613,1380.852746,645.690837,32.69116866
T4_B1_N18_C_s1200_n3,T4_B1_N18_C,245,733,263.1977366,717.4719768,23.92231425
T4_B1_N18_C_s1200_n4,T4_B1_N18_C,194,-996,184.2044236,-915.4979617,81.09581673
T4_B1_N18_C_s1200_n5,T4_B1_N18_C,1234,481,1221.326486,496.7996552,20.25455683
T4_B1_N18_C_s1200_n6,T4_B1_N18_C,1228,-562,1262.367018,-695.4081893,137.7636995
T4_B1_N18_C_s1200_n7,T4_B1_N18_C,-209,283,-220.1494352,256.6152417,28.64376675
T4_B1_N18_C_s400_n1,T4_B1_N18_C,121,-279,121.3065157,-220.2216705,58.77912868
T4_B1_N18_C_s400_n2,T4_B1_N18_C,-616,539,-503.2336093,409.2035132,171.9400677
T4_B1_N18_C_s400_n3,T4_B1_N18_C,-282,-377,-328.7424649,-447.3947309,84.50015482
T4_B1_N18_C_s400_n5,T4_B1_N18_C,290,-369,275.283045,-310.1053118,60.70562624
T4_B1_N18_C_s400_n6,T4_B1_N18_C,468,1454,609.0811822,1715.495434,297.1258351
T4_B1_N18_C_s400_n7,T4_B1_N18_C,483,-847,456.5340928,-768.4715333,82.86835541
T4_B1_N18_C_s600_n1,T4_B1_N18_C,1327,372,1611.278697,490.038794,307.8108743
T4_B1_N18_C_s600_n2,T4_B1_N18_C,508,-83,494.4075233,-108.2956383,28.71628007
T4_B1_N18_C_s600_n3,T4_B1_N18_C,1058,958,936.3821147,858.8687884,156.9009469
T4_B1_N18_C_s600_n4,T4_B1_N18_C,-292,-697,-319.7185393,-790.6038877,97.62174562
T4_B1_N18_C_s600_n5,T4_B1_N18_C,107,196,87.1827429,179.7405532,25.63383097
T4_B1_N18_C_s600_n6,T4_B1_N18_C,-173,624,-157.4422684,598.1118163,30.20332877
T4_B1_N18_C_s600_n7,T4_B1_N18_C,-457,562,-371.6579602,511.040791,99.39871601
T4_B1_N18_C_s800_n0,T4_B1_N18_C,361,1511,426.4245231,1462.990314,81.14985025
T4_B1_N18_C_s800_n1,T4_B1_N18_C,-2,-1091,14.49885981,-920.4515818,171.3446098
T4_B1_N18_C_s800_n3,T4_B1_N18_C,-63,269,-69.26669107,247.9011831,22.00980447
T4_B1_N18_C_s800_n4,T4_B1_N18_C,-661,-34,-731.6318532,-87.45260899,88.57787586
T4_B1_N18_C_s800_n5,T4_B1_N18_C,1138,906,1101.967567,882.8422137,42.83245598
T4_B1_N18_C_s800_n6,T4_B1_N18_C,945,991,891.4335764,934.8038058,77.63616412
T4_B1_N18_C_s800_n7,T4_B1_N18_C,246,-988,240.5881458,-923.1255281,65.09981011
T4_B1_N18_D_s1000_n0,T4_B1_N18_D,-347,-700,-207.7734093,-490.5610908,251.4929427
T4_B1_N18_D_s1000_n2,T4_B1_N18_D,865,492,882.9312464,496.8561206,18.57717701
T4_B1_N18_D_s1000_n3,T4_B1_N18_D,-11,318,2.554133403,314.0732886,14.11147032
T4_B1_N18_D_s1000_n4,T4_B1_N18_D,-17,1398,-60.23046516,1397.483257,43.23355342
T4_B1_N18_D_s1000_n5,T4_B1_N18_D,330,-633,351.1330775,-605.2185847,34.90578747
T4_B1_N18_D_s1000_n6,T4_B1_N18_D,701,-366,725.6730442,-407.2546296,48.06977819
T4_B1_N18_D_s1000_n7,T4_B1_N18_D,1008,-575,1051.759908,-719.5591019,151.0372918
T4_B1_N18_D_s1200_n0,T4_B1_N18_D,709,559,736.7254053,565.5611003,28.49115893
T4_B1_N18_D_s1200_n1,T4_B1_N18_D,1065,-527,1109.196269,-645.3860951,126.3668379
T4_B1_N18_D_s1200_n2,T4_B1_N18_D,1366,-605,1395.861502,-698.5635137,98.21323951
T4_B1_N18_D_s1200_n3,T4_B1_N18_D,85,-264,128.9769318,-201.284609,76.59759
T4_B1_N18_D_s1200_n4,T4_B1_N18_D,1132,-842,1167.385053,-916.2486222,82.249376
T4_B1_N18_D_s1200_n5,T4_B1_N18_D,691,-714,703.1801594,-740.5914335,29.24825839
T4_B1_N18_D_s1200_n6,T4_B1_N18_D,-147,-482,-59.78020675,-312.4846384,190.6377459
T4_B1_N18_D_s400_n0,T4_B1_N18_D,396,119,404.1519519,123.6817568,9.400700314
T4_B1_N18_D_s400_n2,T4_B1_N18_D,-326,-167,-198.4233577,-80.23749183,154.2839346
T4_B1_N18_D_s400_n3,T4_B1_N18_D,968,947,718.7644275,694.8222093,354.5588932
T4_B1_N18_D_s400_n4,T4_B1_N18_D,1438,549,1172.312333,506.0029968,269.1443453
T4_B1_N18_D_s400_n5,T4_B1_N18_D,516,1132,458.624462,860.3381991,277.6546172
T4_B1_N18_D_s400_n6,T4_B1_N18_D,1196,-426,1125.303957,-544.3603566,137.8662558
T4_B1_N18_D_s400_n7,T4_B1_N18_D,85,-51,93.49900227,-47.32763295,9.258472842
T4_B1_N18_D_s600_n0,T4_B1_N18_D,-171,438,-32.6498256,379.1652774,150.3405978
T4_B1_N18_D_s600_n1,T4_B1_N18_D,1396,478,1434.127256,518.0294742,55.28152007
T4_B1_N18_D_s600_n2,T4_B1_N18_D,208,-313,225.8618704,-354.7154418,45.37867889
T4_B1_N18_D_s600_n3,T4_B1_N18_D,-302,-398,-169.2440753,-185.0901811,250.9078049
T4_B1_N18_D_s600_n4,T4_B1_N18_D,502,577,506.5601856,582.3974115,7.0659284
T4_B1_N18_D_s600_n5,T4_B1_N18_D,-746,572,-495.9151173,434.6667904,285.3118627
T4_B1_N18_D_s600_n6,T4_B1_N18_D,-253,-396,-96.58372342,-163.8998229,279.8866624
T4_B1_N18_D_s600_n7,T4_B1_N18_D,-633,1055,-435.5312296,888.7547542,258.1305814
T4_B1_N18_D_s800_n0,T4_B1_N18_D,557,599,576.7467809,605.5611003,20.80825304
T4_B1_N18_D_s800_n1,T4_B1_N18_D,350,1039,393.8231565,936.94033,111.0704519
T4_B1_N18_D_s800_n2,T4_B1_N18_D,-67,1190,-135.1038475,1174.839735,69.77082246
T4_B1_N18_D_s800_n3,T4_B1_N18_D,-28,1350,-34.71192252,1233.343113,116.8498142
T4_B1_N18_D_s800_n4,T4_B1_N18_D,-474,1369,-681.155862,1455.706065,224.5695726
T4_B1_N18_D_s800_n5,T4_B1_N18_D,301,-283,324.0081967,-244.658794,44.71493258
T4_B1_N18_D_s800_n6,T4_B1_N18_D,694,-456,726.3364188,-523.0216328,74.41467092
T4_B1_N18_D_s800_n7,T4_B1_N18_D,-304,-203,-242.505766,-91.38188415,127.4368259
T4_B1_N9_A_s1000_n0,T4_B1_N9_A,1182,241,1124.772669,245.1633316,57.37857402
T4_B1_N9_A_s1000_n1,T4_B1_N9_A,-398,920,-311.2039208,852.7620614,109.7929859
T4_B1_N9_A_s1000_n2,T4_B1_N9_A,32,1757,58.10864443,1716.742957,47.98219275
T4_B1_N9_A_s1000_n3,T4_B1_N9_A,569,-389,577.4097115,-404.3794278,17.5285495
T4_B1_N9_A_s1000_n4,T4_B1_N9_A,619,1176,630.0287309,1139.451687,38.17606683
T4_B1_N9_A_s1000_n5,T4_B1_N9_A,1435,-203,1367.308231,-168.4546873,75.99706757
T4_B1_N9_A_s1000_n6,T4_B1_N9_A,1212,1021,1208.031932,963.6761159,57.46105855
T4_B1_N9_A_s1000_n7,T4_B1_N9_A,1290,504,1402.503474,507.6699166,112.5633148
T4_B1_N9_A_s1200_n0,T4_B1_N9_A,-198,-757,-178.0139426,-537.0711287,220.8351216
T4_B1_N9_A_s1200_n1,T4_B1_N9_A,1418,665,1485.023336,662.8512403,67.05777115
T4_B1_N9_A_s1200_n2,T4_B1_N9_A,11,794,23.52035448,773.158677,24.31295993
T4_B1_N9_A_s1200_n3,T4_B1_N9_A,845,641,864.9288794,621.2571331,28.05246918
T4_B1_N9_A_s1200_n4,T4_B1_N9_A,34,1667,52.53660072,1590.124313,79.07892815
T4_B1_N9_A_s1200_n5,T4_B1_N9_A,907,1766,895.5031914,1795.644491,31.79579337
T4_B1_N9_A_s1200_n6,T4_B1_N9_A,1012,-616,1060.787155,-699.9759557,97.1192443
T4_B1_N9_A_s1200_n7,T4_B1_N9_A,143,-203,159.9893886,-208.6261057,17.89671455
T4_B1_N9_A_s400_n0,T4_B1_N9_A,1025,-432,678.5826698,-202.3320228,415.6348715
T4_B1_N9_A_s400_n1,T4_B1_N9_A,-115,172,-91.07251345,156.7257655,28.38708954
T4_B1_N9_A_s400_n2,T4_B1_N9_A,637,-892,593.8801446,-785.9739564,114.4589177
T4_B1_N9_A_s400_n3,T4_B1_N9_A,1352,-672,433.2288454,-23.45958481,1124.608867
T4_B1_N9_A_s400_n4,T4_B1_N9_A,1027,-825,523.9552309,-135.2278342,853.7210788
T4_B1_N9_A_s400_n6,T4_B1_N9_A,3,741,-15.11753146,720.1571455,27.61647207
T4_B1_N9_A_s400_n7,T4_B1_N9_A,-141,140,-113.3385387,116.2803982,36.43866013
T4_B1_N9_A_s600_n0,T4_B1_N9_A,723,1537,630.3164166,1360.671067,199.2037628
T4_B1_N9_A_s600_n1,T4_B1_N9_A,-504,647,-332.2101174,539.1020165,202.8638426
T4_B1_N9_A_s600_n2,T4_B1_N9_A,35,19,56.95801621,2.651246641,27.37583263
T4_B1_N9_A_s600_n4,T4_B1_N9_A,585,1414,523.7324214,1431.814977,63.80509066
T4_B1_N9_A_s600_n6,T4_B1_N9_A,448,-230,466.3539083,-250.4754695,27.49746895
T4_B1_N9_A_s600_n7,T4_B1_N9_A,437,-421,457.2873235,-471.3539284,54.28714024
T4_B1_N9_A_s800_n0,T4_B1_N9_A,1107,818,1080.650902,755.0943848,68.20110975
T4_B1_N9_A_s800_n1,T4_B1_N9_A,217,-523,256.2907317,-287.4667708,238.7879052
T4_B1_N9_A_s800_n2,T4_B1_N9_A,201,1340,200.7520564,1500.953366,160.9535569
T4_B1_N9_A_s800_n3,T4_B1_N9_A,-299,1591,-78.00909575,1376.393113,308.0472295
T4_B1_N9_A_s800_n4,T4_B1_N9_A,453,-1143,543.6813317,-1058.603103,123.8787316
T4_B1_N9_A_s800_n5,T4_B1_N9_A,-262,1012,-120.6036485,905.0355177,177.297289
T4_B1_N9_A_s800_n6,T4_B1_N9_A,-55,1110,-12.84765974,1154.691097,61.43381763
T4_B1_N9_A_s800_n7,T4_B1_N9_A,-127,-626,-108.7283037,-473.1543802,153.9338766
T4_B1_N9_B_s1000_n0,T4_B1_N9_B,-2,8,3.667846743,-1.952431837,11.45318236
T4_B1_N9_B_s1000_n1,T4_B1_N9_B,615,-279,632.0588724,-258.8159119,26.42730675
T4_B1_N9_B_s1000_n2,T4_B1_N9_B,408,1255,436.7665326,1201.167367,61.03659331
T4_B1_N9_B_s1000_n3,T4_B1_N9_B,-101,-74,-88.43115072,-88.25279536,19.0031089
T4_B1_N9_B_s1000_n4,T4_B1_N9_B,694,95,701.661058,93.72375839,7.766633871
T4_B1_N9_B_s1000_n5,T4_B1_N9_B,649,718,660.1639946,714.4701019,11.7087555
T4_B1_N9_B_s1000_n6,T4_B1_N9_B,456,1185,477.6581743,1127.134842,61.78554047
T4_B1_N9_B_s1000_n7,T4_B1_N9_B,-101,612,-76.07177822,597.1722831,29.00478285
T4_B1_N9_B_s1200_n0,T4_B1_N9_B,99,-173,96.37341772,14.19462025,187.2130465
T4_B1_N9_B_s1200_n1,T4_B1_N9_B,163,-163,171.9864786,-206.7675209,44.68056272
T4_B1_N9_B_s1200_n2,T4_B1_N9_B,524,1002,535.982344,998.2087282,12.56782836
T4_B1_N9_B_s1200_n3,T4_B1_N9_B,965,-173,962.3734177,14.19462025,187.2130465
T4_B1_N9_B_s1200_n4,T4_B1_N9_B,730,1271,738.0212551,1258.477383,14.87133021
T4_B1_N9_B_s1200_n5,T4_B1_N9_B,947,458,957.9297136,454.6673936,11.42650009
T4_B1_N9_B_s1200_n6,T4_B1_N9_B,742,737,754.0416932,733.4701019,12.54840847
T4_B1_N9_B_s1200_n7,T4_B1_N9_B,754,516,765.1639946,512.5460835,11.68607351
T4_B1_N9_B_s400_n0,T4_B1_N9_B,-332,-355,-274.6328007,-370.1253201,59.3276568
T4_B1_N9_B_s400_n1,T4_B1_N9_B,-32,174,-24.38788675,172.28705,7.80246537
T4_B1_N9_B_s400_n2,T4_B1_N9_B,-391,563,-245.3189794,477.174714,169.082641
T4_B1_N9_B_s400_n4,T4_B1_N9_B,706,221,747.3825457,207.7951609,43.438265
T4_B1_N9_B_s600_n0,T4_B1_N9_B,881,270,936.0894782,257.4386523,56.5034341
T4_B1_N9_B_s600_n1,T4_B1_N9_B,-464,-265,-357.318627,-244.7009971,108.5954182
T4_B1_N9_B_s600_n2,T4_B1_N9_B,-408,-201,-334.629839,-211.4623479,74.11235559
T4_B1_N9_B_s600_n3,T4_B1_N9_B,49,202,67.33318905,201.7216706,18.33530169
T4_B1_N9_B_s600_n4,T4_B1_N9_B,535,-353,536.8704036,-296.5765565,56.45443633
T4_B1_N9_B_s600_n5,T4_B1_N9_B,155,970,167.7919928,943.6481593,29.29256881
T4_B1_N9_B_s600_n6,T4_B1_N9_B,135,-156,141.9064242,-193.2425178,37.87748443
T4_B1_N9_B_s600_n7,T4_B1_N9_B,1015,-35,1064.073128,-47.35417245,50.60432232
T4_B1_N9_B_s800_n0,T4_B1_N9_B,181,212,194.3037192,210.0856167,13.44075176
T4_B1_N9_B_s800_n1,T4_B1_N9_B,256,42,262.8549679,39.18939242,7.408785306
T4_B1_N9_B_s800_n2,T4_B1_N9_B,-301,631,-238.6737757,595.1118676,71.92020776
T4_B1_N9_B_s800_n3,T4_B1_N9_B,637,1306,677.8861589,1214.760396,99.98171506
T4_B1_N9_B_s800_n4,T4_B1_N9_B,454,671,450.5276702,560.7201089,110.3345433
T4_B1_N9_B_s800_n5,T4_B1_N9_B,405,387,411.3352175,384.194188,6.928748914
T4_B1_N9_B_s800_n6,T4_B1_N9_B,175,-475,178.024843,-569.0103487,94.05899923
T4_B1_N9_B_s800_n7,T4_B1_N9_B,-247,1187,-181.6765584,1170.222096,67.44368093
T4_B1_N9_C_s1000_n0,T4_B1_N9_C,-181,423,-95.60832462,420.6796891,85.42319396
T4_B1_N9_C_s1000_n1,T4_B1_N9_C,677,-364,633.6206831,-330.6216225,54.73464367
T4_B1_N9_C_s1000_n2,T4_B1_N9_C,323,542,317.4267767,552.2633332,11.67890521
T4_B1_N9_C_s1000_n3,T4_B1_N9_C,1387,801,1221.32912,711.4043006,188.3460375
T4_B1_N9_C_s1000_n4,T4_B1_N9_C,1046,-166,986.4346121,-77.06265911,107.0415155
T4_B1_N9_C_s1000_n5,T4_B1_N9_C,10,-259,-59.70076103,-341.4964718,107.9993702
T4_B1_N9_C_s1000_n6,T4_B1_N9_C,923,532,836.1408257,515.2396464,88.46143571
T4_B1_N9_C_s1000_n7,T4_B1_N9_C,576,1343,504.5985951,1361.027006,73.64192811
T4_B1_N9_C_s1200_n1,T4_B1_N9_C,973,1636,896.9284979,1634.654469,76.0834008
T4_B1_N9_C_s1200_n2,T4_B1_N9_C,1092,942,1076.131752,942.7335315,15.88519277
T4_B1_N9_C_s1200_n3,T4_B1_N9_C,1306,37,1275.544446,53.96796703,34.86334284
T4_B1_N9_C_s1200_n4,T4_B1_N9_C,1043,1096,1030.153761,1096.733531,12.8671648
T4_B1_N9_C_s1200_n5,T4_B1_N9_C,-8,927,-16.90070657,927.5283946,8.916376976
T4_B1_N9_C_s1200_n6,T4_B1_N9_C,1165,1285,1162.026866,1249.606595,35.5180612
T4_B1_N9_C_s1200_n7,T4_B1_N9_C,1001,-848,928.1832107,-752.9913876,119.7034721
T4_B1_N9_C_s400_n1,T4_B1_N9_C,-294,256,-291.7048379,310.6356961,54.68388293
T4_B1_N9_C_s400_n2,T4_B1_N9_C,-6,182,-14.88165625,182.5283946,8.89736021
T4_B1_N9_C_s400_n3,T4_B1_N9_C,24,-228,-41.19162336,-310.6598755,105.2739416
T4_B1_N9_C_s400_n4,T4_B1_N9_C,171,-185,153.7608652,-151.6765024,37.51857218
T4_B1_N9_C_s400_n7,T4_B1_N9_C,-209,417,-352.6022107,504.8381077,168.336354
T4_B1_N9_C_s600_n1,T4_B1_N9_C,503,-396,433.4414677,-331.4013208,94.92828224
T4_B1_N9_C_s600_n4,T4_B1_N9_C,-683,718,-603.6560306,701.8734057,80.96624316
T4_B1_N9_C_s600_n6,T4_B1_N9_C,986,1604,736.2284335,1362.136144,347.6837069
T4_B1_N9_C_s600_n7,T4_B1_N9_C,733,1582,645.7078328,1804.379599,238.8987409
T4_B1_N9_C_s800_n0,T4_B1_N9_C,-594,190,-485.0334133,115.9876131,131.7252839
T4_B1_N9_C_s800_n1,T4_B1_N9_C,516,-744,464.9599704,-776.3055121,60.40472441
T4_B1_N9_C_s800_n2,T4_B1_N9_C,1279,-803,1194.032,-718.4004828,119.9026243
T4_B1_N9_C_s800_n3,T4_B1_N9_C,-447,345,-246.7248742,345.6796518,200.276279
T4_B1_N9_C_s800_n4,T4_B1_N9_C,118,1398,38.85308454,1405.335174,79.48609314
T4_B1_N9_C_s800_n5,T4_B1_N9_C,574,-665,523.764796,-634.995367,58.51370546
T4_B1_N9_C_s800_n6,T4_B1_N9_C,-295,590,-127.2490219,531.6640059,177.6048391
T4_B1_N9_C_s800_n7,T4_B1_N9_C,-248,218,0.630034961,301.6940412,262.3386872
T4_B1_N9_D_s1000_n0,T4_B1_N9_D,-428,-214,-233.2648245,-152.2742415,204.2837679
T4_B1_N9_D_s1000_n1,T4_B1_N9_D,-273,-241,-144.5776274,-176.3395543,143.7820539
T4_B1_N9_D_s1000_n2,T4_B1_N9_D,90,-156,114.6349602,-41.88624993,116.7425767
T4_B1_N9_D_s1000_n3,T4_B1_N9_D,262,-842,242.3484675,-1292.775787,451.2039367
T4_B1_N9_D_s1000_n4,T4_B1_N9_D,855,457,856.5355438,452.8543963,4.420851104
T4_B1_N9_D_s1000_n5,T4_B1_N9_D,69,1441,65.01088364,1656.444347,215.4812749
T4_B1_N9_D_s1000_n6,T4_B1_N9_D,-428,649,-278.0257963,559.188617,174.8094571
T4_B1_N9_D_s1000_n7,T4_B1_N9_D,-78,-942,106.8908479,-850.7641258,206.1761635
T4_B1_N9_D_s1200_n0,T4_B1_N9_D,-84,-471,-8.555639527,-376.6948139,120.7696968
T4_B1_N9_D_s1200_n1,T4_B1_N9_D,-228,44,-162.3588994,-3.891077861,81.25459635
T4_B1_N9_D_s1200_n2,T4_B1_N9_D,192,811,248.6879121,778.1348463,65.5258552
T4_B1_N9_D_s1200_n3,T4_B1_N9_D,-228,863,-68.32384281,777.1995155,181.2683048
T4_B1_N9_D_s1200_n4,T4_B1_N9_D,4,-194,-6.765333424,-30.49267341,163.8613385
T4_B1_N9_D_s1200_n5,T4_B1_N9_D,-173,-404,-33.04790413,-361.6332317,146.2242531
T4_B1_N9_D_s1200_n6,T4_B1_N9_D,-228,1167,-84.62947169,1090.527305,162.4905579
T4_B1_N9_D_s1200_n7,T4_B1_N9_D,675,-60,648.4139096,-36.55284499,35.44840306
T4_B1_N9_D_s400_n0,T4_B1_N9_D,-154,-119,41.5902611,-26.58628332,216.3234737
T4_B1_N9_D_s400_n2,T4_B1_N9_D,147,-174,148.3689338,31.28761478,205.292179
T4_B1_N9_D_s400_n4,T4_B1_N9_D,-104,-336,-44.46466481,-25.52789461,316.1287465
T4_B1_N9_D_s400_n5,T4_B1_N9_D,-406,216,-113.1950297,149.7918693,300.1970473
T4_B1_N9_D_s400_n6,T4_B1_N9_D,-106,-298,-14.76482213,-16.7173913,295.7089171
T4_B1_N9_D_s600_n0,T4_B1_N9_D,-355,248,-513.1626586,133.4567796,195.2833221
T4_B1_N9_D_s600_n1,T4_B1_N9_D,426,-37,427.4561328,-23.57353636,13.50519338
T4_B1_N9_D_s600_n2,T4_B1_N9_D,-359,1149,-338.3722723,1293.908284,146.3691015
T4_B1_N9_D_s600_n3,T4_B1_N9_D,-445,-143,-258.7025616,-54.08236749,206.4293606
T4_B1_N9_D_s600_n4,T4_B1_N9_D,-495,429,-375.8448896,317.4346621,163.2322424
T4_B1_N9_D_s600_n5,T4_B1_N9_D,856,875,630.9588235,760.9470588,252.2926961
T4_B1_N9_D_s600_n6,T4_B1_N9_D,-365,-481,-189.9663954,-382.8364124,200.6809723
T4_B1_N9_D_s600_n7,T4_B1_N9_D,1072,277,733.9225043,315.8647232,340.3040696
T4_B1_N9_D_s800_n0,T4_B1_N9_D,-140,-222,48.84353211,-104.1373166,222.6061359
T4_B1_N9_D_s800_n1,T4_B1_N9_D,914,-848,729.7298266,-551.5505184,349.0527066
T4_B1_N9_D_s800_n2,T4_B1_N9_D,185,27,186.18839,20.96287865,6.152975285
T4_B1_N9_D_s800_n3,T4_B1_N9_D,-115,-119,49.23499815,-37.42444066,183.3785879
T4_B1_N9_D_s800_n5,T4_B1_N9_D,864,-8,721.7752353,114.7868867,187.894926
T4_B1_N9_D_s800_n6,T4_B1_N9_D,-103,1547,-128.1710092,1728.670007,183.4054825
T4_B1_N9_D_s800_n7,T4_B1_N9_D,407,-1025,292.5123306,-903.5608526,166.8978519
T4_B2_N23_A_s1000_n0,T4_B2_N23_A,1021,707,1025.776518,706.786464,4.781289058
T4_B2_N23_A_s1000_n1,T4_B2_N23_A,183,-756,295.1052563,-707.7281779,122.0563693
T4_B2_N23_A_s1000_n2,T4_B2_N23_A,-519,635,-529.9058638,562.5858313,73.23079746
T4_B2_N23_A_s1000_n3,T4_B2_N23_A,-449,947,-423.3455909,906.0087573,48.35732298
T4_B2_N23_A_s1000_n4,T4_B2_N23_A,-519,-599,-267.6567682,-339.1092695,361.5475238
T4_B2_N23_A_s1000_n5,T4_B2_N23_A,-142,1393,-69.8039205,1220.547327,186.9550699
T4_B2_N23_A_s1000_n6,T4_B2_N23_A,1229,-936,1448.418613,-1117.23753,284.590179
T4_B2_N23_A_s1000_n7,T4_B2_N23_A,168,-181,210.5445623,-133.7254641,63.59969753
T4_B2_N23_A_s1200_n0,T4_B2_N23_A,214,1238,215.2318285,1228.685362,9.395737085
T4_B2_N23_A_s1200_n1,T4_B2_N23_A,340,1131,341.2025704,1129.643592,1.812737593
T4_B2_N23_A_s1200_n2,T4_B2_N23_A,-51,-828,92.42665417,-717.5331549,181.0362643
T4_B2_N23_A_s1200_n3,T4_B2_N23_A,-319,929,-241.0873737,935.8672033,78.21467773
T4_B2_N23_A_s1200_n4,T4_B2_N23_A,1261,1028,1276.611578,1036.134541,17.6037537
T4_B2_N23_A_s1200_n5,T4_B2_N23_A,-319,-427,-190.5143394,-298.9817569,181.3759508
T4_B2_N23_A_s1200_n6,T4_B2_N23_A,383,237,421.8548037,270.8868078,51.55590667
T4_B2_N23_A_s1200_n7,T4_B2_N23_A,228,828,240.9652723,826.6435923,13.03603186
T4_B2_N23_A_s400_n0,T4_B2_N23_A,-111,1135,-3.270075275,913.6850577,246.1423173
T4_B2_N23_A_s400_n1,T4_B2_N23_A,-120,371,-66.72887078,377.0682696,53.61564235
T4_B2_N23_A_s400_n2,T4_B2_N23_A,709,-112,753.3100705,-98.53440561,46.3109553
T4_B2_N23_A_s400_n3,T4_B2_N23_A,-395,-129,-393.7137365,-92.81413803,36.20871552
T4_B2_N23_A_s400_n5,T4_B2_N23_A,404,-155,439.5454739,-132.2439003,42.20569615
T4_B2_N23_A_s400_n6,T4_B2_N23_A,961,-659,637.7544722,-287.2501424,492.6313306
T4_B2_N23_A_s400_n7,T4_B2_N23_A,598,-544,599.1902852,-405.320498,138.68461
T4_B2_N23_A_s600_n0,T4_B2_N23_A,728,-232,659.1983522,-71.59948352,174.5336427
T4_B2_N23_A_s600_n1,T4_B2_N23_A,-396,475,-334.9068392,440.5276548,70.14782161
T4_B2_N23_A_s600_n2,T4_B2_N23_A,1072,1345,1133.421651,997.93901,352.4541814
T4_B2_N23_A_s600_n3,T4_B2_N23_A,362,361,361.0723961,359.6435923,1.6432562
T4_B2_N23_A_s600_n4,T4_B2_N23_A,-27,358,-27.01546254,355.5363027,2.463745789
T4_B2_N23_A_s600_n5,T4_B2_N23_A,671,1584,569.4925371,1007.489623,585.3784932
T4_B2_N23_A_s600_n7,T4_B2_N23_A,597,-205,617.4138839,-147.345055,61.16223786
T4_B2_N23_A_s800_n0,T4_B2_N23_A,-380,-302,-246.4061362,-197.6273499,169.531621
T4_B2_N23_A_s800_n1,T4_B2_N23_A,656,-18,656.4314346,-7.331193589,10.67752621
T4_B2_N23_A_s800_n2,T4_B2_N23_A,1129,941,1137.348707,828.807514,112.5026881
T4_B2_N23_A_s800_n3,T4_B2_N23_A,-719,327,-670.7955143,256.7288366,85.21566083
T4_B2_N23_A_s800_n4,T4_B2_N23_A,1132,1185,1447.208218,1055.80711,340.6567531
T4_B2_N23_A_s800_n5,T4_B2_N23_A,336,-482,442.5849925,-398.4565852,135.4247495
T4_B2_N23_A_s800_n6,T4_B2_N23_A,-381,649,-293.7343476,548.3220285,133.234185
T4_B2_N23_A_s800_n7,T4_B2_N23_A,1243,-852,1020.686075,-448.0512464,461.0835899
T4_B2_N23_B_s1000_n0,T4_B2_N23_B,-69,629,-54.388301,614.1784694,20.81296514
T4_B2_N23_B_s1000_n1,T4_B2_N23_B,462,-430,471.7346282,-415.1476346,17.75825843
T4_B2_N23_B_s1000_n2,T4_B2_N23_B,1045,1137,1078.775702,1132.31445,34.09915613
T4_B2_N23_B_s1000_n3,T4_B2_N23_B,843,686,841.0260194,687.2176584,2.319329949
T4_B2_N23_B_s1000_n4,T4_B2_N23_B,-375,258,-459.7161228,152.1384357,135.5857377
T4_B2_N23_B_s1000_n5,T4_B2_N23_B,865,-808,883.0590599,-743.4549598,67.02381565
T4_B2_N23_B_s1000_n6,T4_B2_N23_B,1373,-618,1317.34299,-426.1002586,199.8079414
T4_B2_N23_B_s1000_n7,T4_B2_N23_B,60,616,58.02601942,617.2176584,2.319329949
T4_B2_N23_B_s1200_n0,T4_B2_N23_B,124,-600,151.1389284,-538.6802001,67.05698539
T4_B2_N23_B_s1200_n1,T4_B2_N23_B,-179,603,-184.3961095,532.3739177,70.83192428
T4_B2_N23_B_s1200_n2,T4_B2_N23_B,744,-363,752.0955045,-364.2890721,8.197493559
T4_B2_N23_B_s1200_n3,T4_B2_N23_B,94,-650,124.3694219,-581.4454274,74.98020552
T4_B2_N23_B_s1200_n4,T4_B2_N23_B,-149,327,-184.7788897,254.0255459,81.27361129
T4_B2_N23_B_s1200_n5,T4_B2_N23_B,961,718,974.5054199,692.4227228,28.92392567
T4_B2_N23_B_s1200_n7,T4_B2_N23_B,1058,-105,1060.151002,-97.34298621,7.953406219
T4_B2_N23_B_s400_n0,T4_B2_N23_B,-101,295,-84.30643803,273.8912609,26.91196534
T4_B2_N23_B_s400_n2,T4_B2_N23_B,679,-62,627.3601945,-21.95213541,65.34907017
T4_B2_N23_B_s400_n3,T4_B2_N23_B,150,632,169.4793129,645.5322215,23.71844535
T4_B2_N23_B_s400_n5,T4_B2_N23_B,-78,-104,-83.08380082,-112.5324952,9.93219534
T4_B2_N23_B_s400_n6,T4_B2_N23_B,92,-223,78.90295147,-258.8143514,38.13398025
T4_B2_N23_B_s400_n7,T4_B2_N23_B,717,377,690.4304672,372.2203742,26.99601626
T4_B2_N23_B_s600_n0,T4_B2_N23_B,-338,143,-350.0583281,82.32779528,61.85886924
T4_B2_N23_B_s600_n1,T4_B2_N23_B,289,236,287.0260194,237.2176585,2.31932995
T4_B2_N23_B_s600_n2,T4_B2_N23_B,-378,-417,-448.4860716,-490.5316072,101.8586449
T4_B2_N23_B_s600_n3,T4_B2_N23_B,37,591,34.96822721,591.6633018,2.137304362
T4_B2_N23_B_s600_n4,T4_B2_N23_B,-659,30,-792.0314298,-157.0181806,229.5063424
T4_B2_N23_B_s600_n5,T4_B2_N23_B,84,249,82.02601942,250.2176584,2.31932995
T4_B2_N23_B_s600_n6,T4_B2_N23_B,592,152,590.026343,153.2497743,2.336077424
T4_B2_N23_B_s600_n7,T4_B2_N23_B,213,294,211.0260194,295.2176585,2.31932995
T4_B2_N23_B_s800_n0,T4_B2_N23_B,-379,177,-465.0907563,58.67525256,146.3296422
T4_B2_N23_B_s800_n1,T4_B2_N23_B,380,125,378.0260194,126.2176585,2.31932995
T4_B2_N23_B_s800_n2,T4_B2_N23_B,-423,-655,-422.667552,-643.0046994,11.99990659
T4_B2_N23_B_s800_n3,T4_B2_N23_B,70,704,68.02601942,705.2176584,2.319329949
T4_B2_N23_B_s800_n4,T4_B2_N23_B,-185,318,-178.0773109,289.8512905,28.98747093
T4_B2_N23_B_s800_n5,T4_B2_N23_B,1102,689,1156.426933,664.4580017,59.70427746
T4_B2_N23_B_s800_n6,T4_B2_N23_B,207,742,205.0260194,743.2176584,2.319329949
T4_B2_N23_B_s800_n7,T4_B2_N23_B,1091,1502,1106.716557,1406.560886,96.72453
T4_B2_N23_C_s1000_n0,T4_B2_N23_C,-338,122,-129.1336234,254.1064619,247.138181
T4_B2_N23_C_s1000_n1,T4_B2_N23_C,610,432,608.2814273,437.7383649,5.990185626
T4_B2_N23_C_s1000_n2,T4_B2_N23_C,873,-785,751.9208915,-508.1336876,302.1838935
T4_B2_N23_C_s1000_n3,T4_B2_N23_C,790,89,787.9326275,96.3757004,7.659959881
T4_B2_N23_C_s1000_n4,T4_B2_N23_C,1206,-866,1053.686103,-562.0829601,339.9486587
T4_B2_N23_C_s1000_n5,T4_B2_N23_C,424,616,424.7567903,618.8849808,2.982590457
T4_B2_N23_C_s1000_n6,T4_B2_N23_C,536,561,534.2814273,552.4688596,8.70251965
T4_B2_N23_C_s1000_n7,T4_B2_N23_C,1231,-417,1205.022352,-401.2621656,30.37297484
T4_B2_N23_C_s1200_n0,T4_B2_N23_C,318,1829,301.1275879,1749.394478,81.37393577
T4_B2_N23_C_s1200_n1,T4_B2_N23_C,-507,-1103,-503.3277388,-928.292028,174.7465621
T4_B2_N23_C_s1200_n2,T4_B2_N23_C,269,-894,256.9191679,-882.8953033,16.40916794
T4_B2_N23_C_s1200_n3,T4_B2_N23_C,-122,-1390,-122.3401443,-1181.688953,208.3113247
T4_B2_N23_C_s1200_n4,T4_B2_N23_C,1473,-960,1301.866897,-729.6585391,286.9559678
T4_B2_N23_C_s1200_n5,T4_B2_N23_C,1946,1520,1913.389517,1525.452496,33.06317171
T4_B2_N23_C_s1200_n6,T4_B2_N23_C,2033,544,1788.754415,682.6680902,280.864282
T4_B2_N23_C_s1200_n7,T4_B2_N23_C,1408,1476,1439.178074,1481.283927,31.62265342
T4_B2_N23_C_s400_n0,T4_B2_N23_C,-69,37,-65.72690053,42.10095864,6.06077216
T4_B2_N23_C_s400_n1,T4_B2_N23_C,-78,1012,28.7557232,816.9315964,222.3701116
T4_B2_N23_C_s400_n2,T4_B2_N23_C,-1040,1426,-756.2386687,1047.358494,473.1700364
T4_B2_N23_C_s400_n3,T4_B2_N23_C,-197,-83,-176.7330205,-62.42699398,28.87904142
T4_B2_N23_C_s400_n4,T4_B2_N23_C,1932,-418,959.9675985,-96.67360917,1023.766399
T4_B2_N23_C_s400_n5,T4_B2_N23_C,307,263,307.4788406,269.3291508,6.34723858
T4_B2_N23_C_s400_n7,T4_B2_N23_C,7,-165,-14.15644888,-194.021373,35.91427881
T4_B2_N23_C_s600_n0,T4_B2_N23_C,-1243,576,-1008.58258,594.3111434,235.131505
T4_B2_N23_C_s600_n1,T4_B2_N23_C,-199,401,-192.77273,405.6989791,7.801236844
T4_B2_N23_C_s600_n2,T4_B2_N23_C,450,584,449.4923174,585.0360919,1.153788587
T4_B2_N23_C_s600_n3,T4_B2_N23_C,581,-564,575.4206699,-474.0154319,90.15737029
T4_B2_N23_C_s600_n4,T4_B2_N23_C,1574,-895,1495.260136,-848.9941012,91.19489529
T4_B2_N23_C_s600_n5,T4_B2_N23_C,739,-780,779.0275915,-837.9573448,70.4362257
T4_B2_N23_C_s600_n6,T4_B2_N23_C,1641,882,1388.164173,740.9370515,289.5249742
T4_B2_N23_C_s600_n7,T4_B2_N23_C,598,2309,482.2944622,2261.034791,125.2534739
T4_B2_N23_C_s800_n0,T4_B2_N23_C,557,-324,558.0827104,-197.92149,126.0831588
T4_B2_N23_C_s800_n1,T4_B2_N23_C,702,-1803,559.2929994,-1841.369875,147.7752866
T4_B2_N23_C_s800_n2,T4_B2_N23_C,1643,-377,1312.293348,-221.5407285,365.4236924
T4_B2_N23_C_s800_n5,T4_B2_N23_C,-223,-506,-298.0656244,-714.3675147,221.4765657
T4_B2_N23_C_s800_n6,T4_B2_N23_C,1331,26,1281.276975,113.3742214,100.531755
T4_B2_N23_C_s800_n7,T4_B2_N23_C,285,-583,291.6440376,-545.5151529,38.06910819
T4_B2_N23_D_s1000_n0,T4_B2_N23_D,520,1686,446.8118091,944.7684137,744.8360731
T4_B2_N23_D_s1000_n1,T4_B2_N23_D,587,587,573.5330421,591.4267293,14.17585578
T4_B2_N23_D_s1000_n2,T4_B2_N23_D,299,438,267.2025571,442.4267293,32.10410111
T4_B2_N23_D_s1000_n3,T4_B2_N23_D,1536,-849,698.6742013,-375.9539166,961.7105022
T4_B2_N23_D_s1000_n4,T4_B2_N23_D,466,-716,332.2623951,-620.422079,164.3803089
T4_B2_N23_D_s1000_n5,T4_B2_N23_D,368,2020,332.6513296,892.9676532,1127.586555
T4_B2_N23_D_s1000_n7,T4_B2_N23_D,-249,1871,68.03187281,900.2618995,1021.196195
T4_B2_N23_D_s1200_n0,T4_B2_N23_D,1828,-741,870.3694418,-109.3396695,1147.192686
T4_B2_N23_D_s1200_n1,T4_B2_N23_D,250,-583,91.64329204,-654.5223516,173.7592983
T4_B2_N23_D_s1200_n2,T4_B2_N23_D,818,1256,794.253018,1233.898209,32.44084346
T4_B2_N23_D_s1200_n3,T4_B2_N23_D,1205,-390,692.626446,114.7089743,719.2063734
T4_B2_N23_D_s1200_n4,T4_B2_N23_D,2311,142,1565.418507,474.6788247,816.4355229
T4_B2_N23_D_s1200_n5,T4_B2_N23_D,-486,315,-682.0407494,355.0643575,200.0927989
T4_B2_N23_D_s1200_n6,T4_B2_N23_D,1589,2457,898.1078134,1497.234473,1182.57426
T4_B2_N23_D_s1200_n7,T4_B2_N23_D,339,-829,197.3317939,-789.60805,147.0428725
T4_B2_N23_D_s400_n0,T4_B2_N23_D,-144,888,242.127613,163.6033686,820.8806327
T4_B2_N23_D_s400_n2,T4_B2_N23_D,156,254,143.2683912,258.474707,13.49506822
T4_B2_N23_D_s400_n3,T4_B2_N23_D,614,247,569.7591512,252.9664659,44.64136446
T4_B2_N23_D_s400_n4,T4_B2_N23_D,94,252,81.67186089,255.8403762,12.91245535
T4_B2_N23_D_s400_n5,T4_B2_N23_D,-95,-959,-36.02837803,-480.5997248,482.0212397
T4_B2_N23_D_s400_n6,T4_B2_N23_D,443,-132,416.5125799,-86.4484933,52.69272421
T4_B2_N23_D_s400_n7,T4_B2_N23_D,149,40,134.5600587,41.75722558,14.5464685
T4_B2_N23_D_s600_n0,T4_B2_N23_D,170,589,157.4183533,595.2093097,14.03044409
T4_B2_N23_D_s600_n1,T4_B2_N23_D,-378,-556,-466.8218328,-576.2428993,91.09935762
T4_B2_N23_D_s600_n2,T4_B2_N23_D,775,-1032,311.0769695,-51.32013564,1084.876755
T4_B2_N23_D_s600_n3,T4_B2_N23_D,-496,-30,-495.9508847,62.72753509,92.7275481
T4_B2_N23_D_s600_n4,T4_B2_N23_D,563,-313,518.8830616,-278.1811501,56.20192672
T4_B2_N23_D_s600_n5,T4_B2_N23_D,271,-45,242.5101001,-18.73996445,38.74614641
T4_B2_N23_D_s600_n6,T4_B2_N23_D,52,-291,-31.98837854,-304.7939055,85.1135686
T4_B2_N23_D_s600_n7,T4_B2_N23_D,573,1890,323.8509045,377.0364694,1533.34077
T4_B2_N23_D_s800_n0,T4_B2_N23_D,-440,-517,-247.3305572,-329.4584084,268.8742508
T4_B2_N23_D_s800_n1,T4_B2_N23_D,-516,734,-1040.991718,748.7236305,525.1981424
T4_B2_N23_D_s800_n3,T4_B2_N23_D,-528,-402,-305.0571561,-165.6472893,324.9093959
T4_B2_N23_D_s800_n4,T4_B2_N23_D,-798,81,-1022.962361,143.4962871,233.4820119
T4_B2_N23_D_s800_n5,T4_B2_N23_D,-506,98,-556.2245253,151.6339546,73.47859572
T4_B2_N23_D_s800_n6,T4_B2_N23_D,-104,1305,34.88351142,676.7214056,643.4458967
T4_B2_N23_D_s800_n7,T4_B2_N23_D,550,746,520.6106172,725.1171421,36.05314928
T4_B2_N24_A_s1000_n0,T4_B2_N24_A,615,1729,724.2481784,1788.691143,124.4917547
T4_B2_N24_A_s1000_n1,T4_B2_N24_A,-719,-93,-850.8795847,-48.74280012,139.1076008
T4_B2_N24_A_s1000_n2,T4_B2_N24_A,2121,933,1459.242892,830.2855391,669.6810665
T4_B2_N24_A_s1000_n3,T4_B2_N24_A,965,1479,1059.03477,1757.924281,294.3489302
T4_B2_N24_A_s1000_n4,T4_B2_N24_A,81,935,74.11533365,914.2142312,21.89627399
T4_B2_N24_A_s1000_n5,T4_B2_N24_A,-601,1534,-544.4697686,1341.989502,200.1591829
T4_B2_N24_A_s1000_n6,T4_B2_N24_A,610,2328,719.4187107,2178.935744,184.9124297
T4_B2_N24_A_s1000_n7,T4_B2_N24_A,624,2446,724.5947636,2405.537768,108.427389
T4_B2_N24_A_s1200_n0,T4_B2_N24_A,189,-131,200.2162719,34.51149026,165.8911033
T4_B2_N24_A_s1200_n1,T4_B2_N24_A,757,-893,751.2567848,-661.8648852,231.2064571
T4_B2_N24_A_s1200_n2,T4_B2_N24_A,1017,729,986.2332332,714.1689054,34.15487235
T4_B2_N24_A_s1200_n3,T4_B2_N24_A,322,1370,300.8704674,1271.545641,100.6961662
T4_B2_N24_A_s1200_n4,T4_B2_N24_A,1236,2835,1240.32471,2597.749524,237.2898894
T4_B2_N24_A_s1200_n5,T4_B2_N24_A,-808,363,-928.5334632,371.9850817,120.8678926
T4_B2_N24_A_s1200_n6,T4_B2_N24_A,2142,-1060,1561.735532,-675.6004113,696.0387182
T4_B2_N24_A_s1200_n7,T4_B2_N24_A,967,372,940.7417427,374.2692959,26.35613367
T4_B2_N24_A_s400_n1,T4_B2_N24_A,308,174,277.5425642,174.1407173,30.45776091
T4_B2_N24_A_s400_n3,T4_B2_N24_A,73,1418,208.3866828,740.8984775,690.5041822
T4_B2_N24_A_s400_n5,T4_B2_N24_A,377,-646,320.9143593,-337.7555943,313.3053028
T4_B2_N24_A_s400_n6,T4_B2_N24_A,-398,7,259.6235466,197.5690792,684.6789781
T4_B2_N24_A_s400_n7,T4_B2_N24_A,50,-126,63.70918481,-44.5807505,82.56534344
T4_B2_N24_A_s600_n0,T4_B2_N24_A,428,120,402.6922438,123.6565853,25.57055218
T4_B2_N24_A_s600_n3,T4_B2_N24_A,-113,-588,12.06787061,-229.6384512,379.5589176
T4_B2_N24_A_s600_n4,T4_B2_N24_A,-405,-270,-102.029689,7.490131998,410.8427712
T4_B2_N24_A_s600_n5,T4_B2_N24_A,-256,-98,-294.5128525,-4.891052691,100.7596937
T4_B2_N24_A_s600_n6,T4_B2_N24_A,-347,-172,-181.7932737,19.61847395,253.0037588
T4_B2_N24_A_s600_n7,T4_B2_N24_A,472,-122,444.6554813,-90.08805756,42.02493036
T4_B2_N24_A_s800_n0,T4_B2_N24_A,536,1592,615.7468101,1543.605796,93.28211333
T4_B2_N24_A_s800_n1,T4_B2_N24_A,1848,1730,970.9026327,919.1503327,1194.477699
T4_B2_N24_A_s800_n2,T4_B2_N24_A,35,2300,363.4254527,1595.921302,776.9106064
T4_B2_N24_A_s800_n3,T4_B2_N24_A,716,691,689.2374891,682.1462251,28.18902835
T4_B2_N24_A_s800_n4,T4_B2_N24_A,-1162,1082,-570.6489689,781.6138336,663.2706016
T4_B2_N24_A_s800_n5,T4_B2_N24_A,1692,-94,1542.597532,91.28924743,238.0193323
T4_B2_N24_A_s800_n6,T4_B2_N24_A,678,-402,680.2820207,-332.6284884,69.40903575
T4_B2_N24_A_s800_n7,T4_B2_N24_A,-537,1970,-251.1795863,1357.981935,675.4697777
T4_B2_N24_B_s1000_n0,T4_B2_N24_B,418,-360,445.4581877,-276.547291,87.85389415
T4_B2_N24_B_s1000_n1,T4_B2_N24_B,1794,2110,1674.089255,1642.810246,482.3327201
T4_B2_N24_B_s1000_n2,T4_B2_N24_B,-107,916,-48.66901202,824.5221647,108.4928501
T4_B2_N24_B_s1000_n3,T4_B2_N24_B,-497,1554,-423.6910874,1335.39666,230.5680308
T4_B2_N24_B_s1000_n4,T4_B2_N24_B,722,2860,550.781323,2237.089387,646.0135189
T4_B2_N24_B_s1000_n5,T4_B2_N24_B,475,-912,331.0520003,-910.1561042,143.9598089
T4_B2_N24_B_s1000_n6,T4_B2_N24_B,692,-94,730.7419162,-35.52362834,70.14572054
T4_B2_N24_B_s1000_n7,T4_B2_N24_B,874,669,850.9481341,606.6131341,66.50946971
T4_B2_N24_B_s1200_n0,T4_B2_N24_B,1489,2448,1325.264476,1983.425396,492.5838858
T4_B2_N24_B_s1200_n1,T4_B2_N24_B,-841,1040,-989.1504434,1011.937323,150.7848392
T4_B2_N24_B_s1200_n2,T4_B2_N24_B,451,435,445.4884071,412.4641203,23.20007604
T4_B2_N24_B_s1200_n3,T4_B2_N24_B,307,839,314.8927563,782.6374871,56.91246312
T4_B2_N24_B_s1200_n4,T4_B2_N24_B,1875,674,1736.424783,682.7936078,138.8539459
T4_B2_N24_B_s1200_n5,T4_B2_N24_B,-363,2252,-592.8797102,2199.712602,235.7512528
T4_B2_N24_B_s1200_n6,T4_B2_N24_B,433,-907,292.8846523,-874.8564591,143.7550621
T4_B2_N24_B_s1200_n7,T4_B2_N24_B,809,546,811.8625917,519.7567991,26.39886411
T4_B2_N24_B_s400_n1,T4_B2_N24_B,403,1447,268.2134992,1168.962378,308.9859541
T4_B2_N24_B_s400_n2,T4_B2_N24_B,-1565,-61,-590.7582868,86.46210462,985.3385144
T4_B2_N24_B_s400_n3,T4_B2_N24_B,-52,-325,29.47623278,-120.182798,220.4279082
T4_B2_N24_B_s400_n4,T4_B2_N24_B,-433,-900,-476.9499087,-822.3228056,89.24875916
T4_B2_N24_B_s400_n5,T4_B2_N24_B,1702,60,837.0846706,142.3897608,868.8305933
T4_B2_N24_B_s400_n6,T4_B2_N24_B,79,-272,146.9232883,-106.2429201,179.1339796
T4_B2_N24_B_s600_n0,T4_B2_N24_B,94,1851,-8.717158581,1416.344101,446.6279939
T4_B2_N24_B_s600_n2,T4_B2_N24_B,602,-447,599.7427261,-514.941131,67.97861842
T4_B2_N24_B_s600_n3,T4_B2_N24_B,-14,367,-114.6895568,334.5141906,105.8003529
T4_B2_N24_B_s600_n4,T4_B2_N24_B,-126,-532,-405.5227788,-835.6535031,412.7207697
T4_B2_N24_B_s600_n5,T4_B2_N24_B,913,2230,643.7417328,1305.477194,962.9342833
T4_B2_N24_B_s600_n6,T4_B2_N24_B,882,1081,787.7738623,918.5216029,187.8238391
T4_B2_N24_B_s600_n7,T4_B2_N24_B,179,-573,156.5516968,-312.753816,261.2125621
T4_B2_N24_B_s800_n0,T4_B2_N24_B,1938,-589,2311.478446,-739.1817633,402.5428069
T4_B2_N24_B_s800_n1,T4_B2_N24_B,-1215,-961,-945.175941,-772.8941173,328.920729
T4_B2_N24_B_s800_n2,T4_B2_N24_B,-489,-752,-839.1801386,-1121.884348,509.35308
T4_B2_N24_B_s800_n3,T4_B2_N24_B,-880,2301,-132.5274205,1020.3967,1482.787938
T4_B2_N24_B_s800_n4,T4_B2_N24_B,1944,1966,1715.099405,1476.227707,540.622217
T4_B2_N24_B_s800_n6,T4_B2_N24_B,-736,-409,-460.6719389,-203.8190129,343.3726528
T4_B2_N24_B_s800_n7,T4_B2_N24_B,145,-663,125.6956515,-643.335474,27.55633242
T4_B2_N24_C_s1000_n0,T4_B2_N24_C,-915,-35,-1151.18315,-0.793525145,238.6473619
T4_B2_N24_C_s1000_n1,T4_B2_N24_C,502,-696,452.6675571,-666.9227602,57.26408821
T4_B2_N24_C_s1000_n2,T4_B2_N24_C,-410,-316,-294.0177927,-176.5399557,181.3862629
T4_B2_N24_C_s1000_n3,T4_B2_N24_C,266,-1647,173.9210249,-1633.731918,93.02999333
T4_B2_N24_C_s1000_n4,T4_B2_N24_C,210,-560,141.5418739,-660.0135306,121.1990979
T4_B2_N24_C_s1000_n5,T4_B2_N24_C,-506,248,-662.7649322,254.1280464,156.8846612
T4_B2_N24_C_s1000_n6,T4_B2_N24_C,-221,593,-221.9263623,579.9240235,13.10874927
T4_B2_N24_C_s1000_n7,T4_B2_N24_C,506,-275,466.8683597,-249.3925261,46.7656711
T4_B2_N24_C_s1200_n0,T4_B2_N24_C,614,2,616.3789413,1.127021047,2.534058751
T4_B2_N24_C_s1200_n1,T4_B2_N24_C,1015,515,1021.166859,517.5227266,6.66290435
T4_B2_N24_C_s1200_n2,T4_B2_N24_C,433,-96,443.6553567,-55.77457882,41.61275207
T4_B2_N24_C_s1200_n3,T4_B2_N24_C,645,-465,604.651688,-416.1837837,63.33252919
T4_B2_N24_C_s1200_n4,T4_B2_N24_C,2023,990,1890.022136,965.2582173,135.2600015
T4_B2_N24_C_s1200_n5,T4_B2_N24_C,939,1896,909.9977142,1845.493995,58.24078608
T4_B2_N24_C_s1200_n6,T4_B2_N24_C,-569,194,-738.5349249,214.3941484,170.7571728
T4_B2_N24_C_s1200_n7,T4_B2_N24_C,-421,-625,-332.5550946,-400.599853,241.2010101
T4_B2_N24_C_s400_n0,T4_B2_N24_C,1003,-391,770.3606861,-257.4932385,268.2258484
T4_B2_N24_C_s400_n1,T4_B2_N24_C,725,-233,531.9423324,-94.2096533,237.7688444
T4_B2_N24_C_s400_n2,T4_B2_N24_C,-167,399,-147.3421082,390.8776851,21.26980743
T4_B2_N24_C_s400_n4,T4_B2_N24_C,-383,895,-81.11368384,567.7348184,445.2390897
T4_B2_N24_C_s400_n5,T4_B2_N24_C,-131,136,-125.3996137,135.4710777,5.625307614
T4_B2_N24_C_s400_n6,T4_B2_N24_C,-278,-175,-155.0926929,-92.02658149,148.2929342
T4_B2_N24_C_s400_n7,T4_B2_N24_C,153,74,159.5403069,75.10225714,6.632539919
T4_B2_N24_C_s600_n0,T4_B2_N24_C,1132,2179,948.2744719,1756.82748,460.4179692
T4_B2_N24_C_s600_n1,T4_B2_N24_C,-1243,-633,-1344.047278,-554.7597957,127.7970341
T4_B2_N24_C_s600_n2,T4_B2_N24_C,-46,1291,-68.40345404,1279.748012,25.07034094
T4_B2_N24_C_s600_n3,T4_B2_N24_C,2220,1363,1596.222797,994.1632149,724.6644553
T4_B2_N24_C_s600_n4,T4_B2_N24_C,85,-517,54.07554986,-539.3042751,38.12875953
T4_B2_N24_C_s600_n5,T4_B2_N24_C,593,1737,586.0479108,1649.23233,88.04257791
T4_B2_N24_C_s600_n6,T4_B2_N24_C,-1098,-1240,-1002.888209,-916.3582575,337.3280753
T4_B2_N24_C_s600_n7,T4_B2_N24_C,499,-18,504.5820991,-10.06710181,9.700036289
T4_B2_N24_C_s800_n0,T4_B2_N24_C,1054,-1191,910.0583024,-896.864494,327.4674155
T4_B2_N24_C_s800_n1,T4_B2_N24_C,-123,1726,-55.17469494,1223.53203,507.0249828
T4_B2_N24_C_s800_n2,T4_B2_N24_C,761,409,764.3865609,411.8316372,4.414404108
T4_B2_N24_C_s800_n4,T4_B2_N24_C,27,1874,48.84473002,1577.288425,297.5146236
T4_B2_N24_C_s800_n5,T4_B2_N24_C,499,1631,471.6755955,1556.772472,79.09708575
T4_B2_N24_C_s800_n6,T4_B2_N24_C,2202,-859,1984.669968,-651.2561652,300.6490373
T4_B2_N24_C_s800_n7,T4_B2_N24_C,1850,741,1515.402002,675.1276904,341.0204997
T4_B2_N24_D_s1000_n0,T4_B2_N24_D,1064,2470,1105.728997,2269.6197,204.6791978
T4_B2_N24_D_s1000_n1,T4_B2_N24_D,-575,1706,-474.8670162,1554.336914,181.7369147
T4_B2_N24_D_s1000_n3,T4_B2_N24_D,-1084,-927,-1146.192431,-879.4420534,78.29212483
T4_B2_N24_D_s1000_n4,T4_B2_N24_D,1781,-775,1745.578475,-653.1862699,126.8592497
T4_B2_N24_D_s1000_n5,T4_B2_N24_D,-307,-740,-210.0905564,-539.5486235,222.6481408
T4_B2_N24_D_s1000_n6,T4_B2_N24_D,321,-1109,399.9838781,-896.1753576,227.008329
T4_B2_N24_D_s1000_n7,T4_B2_N24_D,463,-163,494.5663429,-144.2670798,36.70635239
T4_B2_N24_D_s1200_n0,T4_B2_N24_D,-191,2037,-75.35834938,1906.143837,174.6319754
T4_B2_N24_D_s1200_n1,T4_B2_N24_D,-543,316,-522.1664154,334.1641198,27.64007052
T4_B2_N24_D_s1200_n2,T4_B2_N24_D,1842,1921,2010.635823,1901.012856,169.816156
T4_B2_N24_D_s1200_n3,T4_B2_N24_D,-869,747,-806.9141874,734.3981851,63.35182609
T4_B2_N24_D_s1200_n4,T4_B2_N24_D,-119,-182,-119.3166289,-177.507763,4.503381743
T4_B2_N24_D_s1200_n5,T4_B2_N24_D,809,774,837.737362,797.5847514,37.17628913
T4_B2_N24_D_s1200_n6,T4_B2_N24_D,-258,1034,-220.7321867,1014.835758,41.90653977
T4_B2_N24_D_s1200_n7,T4_B2_N24_D,612,-981,679.7190184,-730.5532666,259.4406131
T4_B2_N24_D_s400_n0,T4_B2_N24_D,-176,365,-110.1980493,345.1687453,68.72536198
T4_B2_N24_D_s400_n1,T4_B2_N24_D,-40,198,-33.94044883,221.9435208,24.69838753
T4_B2_N24_D_s400_n3,T4_B2_N24_D,-1345,357,-819.8610063,315.0421465,526.8125133
T4_B2_N24_D_s400_n5,T4_B2_N24_D,-1487,63,-1012.025303,56.62579293,475.0174661
T4_B2_N24_D_s400_n6,T4_B2_N24_D,-79,-157,-57.48041696,-141.6511985,26.43252093
T4_B2_N24_D_s400_n7,T4_B2_N24_D,364,-52,380.1978021,-33.60410359,24.51076902
T4_B2_N24_D_s600_n0,T4_B2_N24_D,-425,-1047,-173.9722551,-455.2258263,642.8153712
T4_B2_N24_D_s600_n1,T4_B2_N24_D,-221,-444,-82.68412187,-270.7324248,221.7046115
T4_B2_N24_D_s600_n2,T4_B2_N24_D,1521,-1098,1390.642174,-943.1724718,202.397446
T4_B2_N24_D_s600_n3,T4_B2_N24_D,-335,119,-339.9008132,159.1898752,40.48757882
T4_B2_N24_D_s600_n4,T4_B2_N24_D,380,408,391.8723435,431.5847514,26.40441327
T4_B2_N24_D_s600_n5,T4_B2_N24_D,-236,-454,-82.2570875,-221.5477611,278.6950422
T4_B2_N24_D_s600_n6,T4_B2_N24_D,453,-879,468.6120742,-392.4601411,486.7902743
T4_B2_N24_D_s600_n7,T4_B2_N24_D,1013,1613,936.492138,1281.471228,340.2422365
T4_B2_N24_D_s800_n0,T4_B2_N24_D,207,1899,295.0510742,1798.571903,133.5619493
T4_B2_N24_D_s800_n1,T4_B2_N24_D,419,738,430.2305092,759.8343913,24.55330897
T4_B2_N24_D_s800_n2,T4_B2_N24_D,-613,-683,-348.5190297,-348.6442836,426.3143543
T4_B2_N24_D_s800_n3,T4_B2_N24_D,-464,-227,-359.3455146,-123.38784,147.2686016
T4_B2_N24_D_s800_n4,T4_B2_N24_D,-517,-55,-436.8454869,16.00585952,107.082109
T4_B2_N24_D_s800_n5,T4_B2_N24_D,245,-168,283.3566942,-113.1074215,66.96589552
T4_B2_N24_D_s800_n6,T4_B2_N24_D,667,-328,716.7070362,-265.6815481,79.71435811
T4_B2_N24_D_s800_n7,T4_B2_N24_D,-385,734,-239.6452175,690.1790622,151.8166242
T4_B3_N14_A_s1000_n0,T4_B3_N14_A,411,-395,307.7865408,-424.8536051,107.444199
T4_B3_N14_A_s1000_n1,T4_B3_N14_A,21,-157,-5.147922582,-146.5901088,28.14391036
T4_B3_N14_A_s1000_n2,T4_B3_N14_A,-283,101,-307.6102447,82.36596199,30.86894097
T4_B3_N14_A_s1000_n3,T4_B3_N14_A,-519,2123,210.6002751,744.482731,1559.687925
T4_B3_N14_A_s1000_n4,T4_B3_N14_A,944,243,928.904992,239.2521964,15.55330511
T4_B3_N14_A_s1000_n5,T4_B3_N14_A,-404,307,-450.7560591,285.155526,51.60726799
T4_B3_N14_A_s1000_n6,T4_B3_N14_A,-402,1482,320.8615268,691.1145308,1071.460971
T4_B3_N14_A_s1000_n7,T4_B3_N14_A,557,-852,484.5057074,-569.7839998,291.3782649
T4_B3_N14_A_s1200_n0,T4_B3_N14_A,1930,-486,1526.328127,-184.0965997,504.0799982
T4_B3_N14_A_s1200_n1,T4_B3_N14_A,78,1125,31.30699454,1092.906242,56.65903339
T4_B3_N14_A_s1200_n2,T4_B3_N14_A,-379,753,-375.7103191,701.0467016,52.0573455
T4_B3_N14_A_s1200_n3,T4_B3_N14_A,-208,307,-255.7423793,270.416244,60.14736892
T4_B3_N14_A_s1200_n4,T4_B3_N14_A,-212,1119,-167.5650732,1075.176968,62.4093013
T4_B3_N14_A_s1200_n5,T4_B3_N14_A,271,-826,159.8084357,-697.809889,169.6946332
T4_B3_N14_A_s1200_n6,T4_B3_N14_A,189,397,174.6199585,393.3778462,14.82921416
T4_B3_N14_A_s1200_n7,T4_B3_N14_A,1901,-982,1547.137709,-695.8281703,455.0965137
T4_B3_N14_A_s400_n0,T4_B3_N14_A,1699,435,941.3333113,202.1481435,792.6403965
T4_B3_N14_A_s400_n1,T4_B3_N14_A,1992,-513,389.3615139,67.27285837,1704.454959
T4_B3_N14_A_s400_n2,T4_B3_N14_A,323,-35,319.8658546,-49.42832014,14.764799
T4_B3_N14_A_s400_n3,T4_B3_N14_A,1456,-411,1232.636025,-428.1577192,224.0219916
T4_B3_N14_A_s400_n4,T4_B3_N14_A,-269,-278,-217.0943603,-235.688486,66.96610828
T4_B3_N14_A_s400_n5,T4_B3_N14_A,-167,-324,-137.5430658,-236.3407319,92.47625782
T4_B3_N14_A_s400_n6,T4_B3_N14_A,-1454,14,-927.0765158,-57.99635732,531.8193619
T4_B3_N14_A_s400_n7,T4_B3_N14_A,645,-1384,438.3587123,-548.3942652,860.7773032
T4_B3_N14_A_s600_n1,T4_B3_N14_A,-473,1912,-222.9061961,732.4377253,1205.783592
T4_B3_N14_A_s600_n2,T4_B3_N14_A,1196,1436,878.146704,1027.844508,517.3215862
T4_B3_N14_A_s600_n3,T4_B3_N14_A,1573,-840,861.2362687,-216.9337005,945.9488479
T4_B3_N14_A_s600_n4,T4_B3_N14_A,2198,1124,1156.511543,687.7651275,1129.158567
T4_B3_N14_A_s600_n5,T4_B3_N14_A,191,-81,172.2154452,-102.8345531,28.80290273
T4_B3_N14_A_s600_n6,T4_B3_N14_A,126,339,123.7238107,335.3778462,4.277970961
T4_B3_N14_A_s600_n7,T4_B3_N14_A,492,-275,427.8622787,-353.2388526,101.1680056
T4_B3_N14_A_s800_n0,T4_B3_N14_A,-145,-745,-302.4057114,-750.8747275,157.5153021
T4_B3_N14_A_s800_n1,T4_B3_N14_A,-535,1401,448.8933728,351.4667596,1438.59869
T4_B3_N14_A_s800_n2,T4_B3_N14_A,670,-358,547.3485038,-341.9885392,123.692184
T4_B3_N14_A_s800_n3,T4_B3_N14_A,-539,-227,-469.6157052,-182.1187761,82.63476644
T4_B3_N14_A_s800_n4,T4_B3_N14_A,1545,-726,1066.27015,-329.3248313,621.7181504
T4_B3_N14_A_s800_n5,T4_B3_N14_A,715,-329,614.8234112,-369.9420958,108.2201652
T4_B3_N14_A_s800_n6,T4_B3_N14_A,576,296,573.7238107,292.3778462,4.27797096
T4_B3_N14_A_s800_n7,T4_B3_N14_A,499,-613,380.9141549,-658.2751749,126.4678152
T4_B3_N14_B_s1000_n0,T4_B3_N14_B,1730,-1001,1480.995903,-769.139391,340.2387135
T4_B3_N14_B_s1000_n1,T4_B3_N14_B,-526,-213,-552.1086524,-279.9441571,71.85528439
T4_B3_N14_B_s1000_n2,T4_B3_N14_B,-714,757,-369.8466977,573.2342724,390.142715
T4_B3_N14_B_s1000_n3,T4_B3_N14_B,935,-1476,831.3286555,-1241.006586,256.845581
T4_B3_N14_B_s1000_n4,T4_B3_N14_B,1472,987,1503.617176,1020.005157,45.70542822
T4_B3_N14_B_s1000_n5,T4_B3_N14_B,1212,1159,1249.223773,1164.298683,37.59900694
T4_B3_N14_B_s1000_n6,T4_B3_N14_B,-627,-617,-1129.514252,-1060.569546,670.2794314
T4_B3_N14_B_s1000_n7,T4_B3_N14_B,-164,-258,-117.7696894,-184.4668505,86.85830817
T4_B3_N14_B_s1200_n0,T4_B3_N14_B,1502,-716,1410.919977,-649.6459709,112.6873008
T4_B3_N14_B_s1200_n1,T4_B3_N14_B,1062,548,1065.210655,546.3899822,3.591721403
T4_B3_N14_B_s1200_n2,T4_B3_N14_B,1873,1249,2077.46487,1396.752071,252.2628736
T4_B3_N14_B_s1200_n3,T4_B3_N14_B,-493,-188,-623.1533156,-315.9607813,182.5208129
T4_B3_N14_B_s1200_n4,T4_B3_N14_B,-272,38,-328.5146203,-21.12519896,81.79053408
T4_B3_N14_B_s1200_n5,T4_B3_N14_B,1083,-114,1057.208784,-121.1554226,26.76540523
T4_B3_N14_B_s1200_n6,T4_B3_N14_B,1687,1620,1793.864511,1671.020774,118.4193523
T4_B3_N14_B_s1200_n7,T4_B3_N14_B,1015,1609,1009.872934,1525.992241,83.16594724
T4_B3_N14_B_s400_n0,T4_B3_N14_B,-342,288,-221.6485222,257.1722653,124.236981
T4_B3_N14_B_s400_n1,T4_B3_N14_B,1687,187,911.667759,223.2308932,776.1783053
T4_B3_N14_B_s400_n2,T4_B3_N14_B,1974,28,1440.914381,125.3977312,541.9101357
T4_B3_N14_B_s400_n4,T4_B3_N14_B,-1158,-614,-855.7086024,-507.9748933,320.3457699
T4_B3_N14_B_s400_n5,T4_B3_N14_B,-325,-370,-333.5686899,-344.2574966,27.13114317
T4_B3_N14_B_s400_n6,T4_B3_N14_B,-542,739,-552.0515717,708.0803447,32.51244645
T4_B3_N14_B_s400_n7,T4_B3_N14_B,780,-1545,574.13961,-869.0932954,706.5609482
T4_B3_N14_B_s600_n0,T4_B3_N14_B,882,-813,719.9373948,-583.5672128,280.8980097
T4_B3_N14_B_s600_n1,T4_B3_N14_B,525,-187,524.2219134,-227.6297446,40.63719434
T4_B3_N14_B_s600_n2,T4_B3_N14_B,-263,193,-207.0701945,191.939003,55.93986826
T4_B3_N14_B_s600_n3,T4_B3_N14_B,-615,789,-597.3877255,708.0483161,82.84544251
T4_B3_N14_B_s600_n4,T4_B3_N14_B,1039,356,978.4115333,358.4262448,60.63702632
T4_B3_N14_B_s600_n5,T4_B3_N14_B,-131,421,-128.4565492,389.839323,31.26430763
T4_B3_N14_B_s600_n6,T4_B3_N14_B,-178,-326,-13.57787368,-42.2930561,327.9089289
T4_B3_N14_B_s600_n7,T4_B3_N14_B,-576,-136,-606.952236,-139.8341538,31.18880643
T4_B3_N14_B_s800_n0,T4_B3_N14_B,282,-728,296.2182044,-652.5651888,76.76306456
T4_B3_N14_B_s800_n1,T4_B3_N14_B,-187,154,-184.3501567,118.8762036,35.22361061
T4_B3_N14_B_s800_n2,T4_B3_N14_B,-563,546,-505.3859914,519.2846156,63.50658036
T4_B3_N14_B_s800_n3,T4_B3_N14_B,631,-694,584.9902834,-614.5943923,91.77224286
T4_B3_N14_B_s800_n5,T4_B3_N14_B,-284,993,-262.719081,965.6702115,34.63805498
T4_B3_N14_B_s800_n6,T4_B3_N14_B,1515,-1332,988.2520496,-504.9036194,980.5874903
T4_B3_N14_B_s800_n7,T4_B3_N14_B,723,1603,702.7238235,1482.22284,122.4673251
T4_B3_N14_C_s1000_n0,T4_B3_N14_C,489,-669,572.5288582,-841.891656,192.0119654
T4_B3_N14_C_s1000_n1,T4_B3_N14_C,-358,151,-58.15323853,251.3572757,316.195609
T4_B3_N14_C_s1000_n2,T4_B3_N14_C,424,398,416.7286767,380.4846247,18.96471764
T4_B3_N14_C_s1000_n3,T4_B3_N14_C,161,-587,248.7770784,-884.3111331,309.9979441
T4_B3_N14_C_s1000_n4,T4_B3_N14_C,1665,-1142,1524.746608,-858.4754888,316.318135
T4_B3_N14_C_s1000_n5,T4_B3_N14_C,1975,194,1946.962615,191.5055909,28.14812646
T4_B3_N14_C_s1000_n6,T4_B3_N14_C,713,142,705.7286767,124.4846247,18.96471764
T4_B3_N14_C_s1000_n7,T4_B3_N14_C,1239,532,1387.5523,419.0907528,186.5912213
T4_B3_N14_C_s1200_n0,T4_B3_N14_C,1765,-1185,1883.41269,-1209.099007,120.8400897
T4_B3_N14_C_s1200_n1,T4_B3_N14_C,-62,-17,-22.18090202,11.20205648,48.79463652
T4_B3_N14_C_s1200_n2,T4_B3_N14_C,321,700,313.7286767,682.4846247,18.96471764
T4_B3_N14_C_s1200_n3,T4_B3_N14_C,70,-1205,165.8374184,-1661.835305,466.7797194
T4_B3_N14_C_s1200_n4,T4_B3_N14_C,1162,-692,1224.496711,-716.2554888,67.0385532
T4_B3_N14_C_s1200_n5,T4_B3_N14_C,-559,-307,-221.1060717,-249.5362898,342.7453644
T4_B3_N14_C_s1200_n6,T4_B3_N14_C,-237,887,-164.5820096,892.4539157,72.6230716
T4_B3_N14_C_s1200_n7,T4_B3_N14_C,-110,-752,11.5278829,-1004.141164,279.900327
T4_B3_N14_C_s400_n1,T4_B3_N14_C,-213,296,-33.01046129,244.5417945,187.2009107
T4_B3_N14_C_s400_n2,T4_B3_N14_C,271,-265,300.0107771,-289.233013,37.80031888
T4_B3_N14_C_s400_n3,T4_B3_N14_C,-1111,1293,-535.0680555,1078.744942,614.4939662
T4_B3_N14_C_s400_n4,T4_B3_N14_C,434,-764,451.4317405,-669.8301767,95.76962564
T4_B3_N14_C_s400_n5,T4_B3_N14_C,45,173,36.13780189,155.6339064,19.49666024
T4_B3_N14_C_s400_n6,T4_B3_N14_C,286,-190,318.7615035,-227.6437286,49.90357116
T4_B3_N14_C_s400_n7,T4_B3_N14_C,-246,25,73.85358714,129.1258471,336.3755479
T4_B3_N14_C_s600_n1,T4_B3_N14_C,329,881,220.7567005,608.1713684,293.5167357
T4_B3_N14_C_s600_n2,T4_B3_N14_C,-32,-559,81.10890804,-864.7665935,326.0166173
T4_B3_N14_C_s600_n3,T4_B3_N14_C,-921,1430,-667.9058435,1425.716031,253.1304099
T4_B3_N14_C_s600_n4,T4_B3_N14_C,-169,-448,1.814504325,-530.3090317,189.6111062
T4_B3_N14_C_s600_n6,T4_B3_N14_C,979,-960,945.306475,-765.2230179,197.6697406
T4_B3_N14_C_s600_n7,T4_B3_N14_C,-486,424,118.8628637,239.3227571,632.427678
T4_B3_N14_C_s800_n0,T4_B3_N14_C,-1266,1154,-887.2946516,1093.120943,383.5674654
T4_B3_N14_C_s800_n1,T4_B3_N14_C,812,1863,779.9982633,1749.746891,117.6876281
T4_B3_N14_C_s800_n2,T4_B3_N14_C,-3,423,-13.18801507,406.5391576,19.35858936
T4_B3_N14_C_s800_n3,T4_B3_N14_C,723,1857,696.0402908,1467.161676,390.7694262
T4_B3_N14_C_s800_n4,T4_B3_N14_C,-893,-397,-487.8659391,-275.7340456,422.8936498
T4_B3_N14_C_s800_n5,T4_B3_N14_C,1550,919,1778.046824,1040.38616,258.3407703
T4_B3_N14_C_s800_n6,T4_B3_N14_C,-395,1456,-61.10443662,1243.552206,395.7528427
T4_B3_N14_C_s800_n7,T4_B3_N14_C,467,1940,553.7482182,1561.811134,388.0104017
T4_B3_N14_D_s1000_n0,T4_B3_N14_D,795,-560,795.8460674,-464.3010997,95.70264019
T4_B3_N14_D_s1000_n1,T4_B3_N14_D,718,-219,715.149307,-185.7903907,33.3317356
T4_B3_N14_D_s1000_n2,T4_B3_N14_D,-850,-729,-420.8889492,-515.8857765,479.1179042
T4_B3_N14_D_s1000_n3,T4_B3_N14_D,-350,-1044,627.5786019,770.0863751,2060.720578
T4_B3_N14_D_s1000_n4,T4_B3_N14_D,-473,336,-235.6926976,390.7889677,243.5499677
T4_B3_N14_D_s1000_n5,T4_B3_N14_D,-327,-989,473.4364163,360.508416,1569.035188
T4_B3_N14_D_s1000_n6,T4_B3_N14_D,1087,-746,1094.060194,-635.9471701,110.2790629
T4_B3_N14_D_s1000_n7,T4_B3_N14_D,-744,-717,-389.4472562,-511.2314062,409.9370223
T4_B3_N14_D_s1200_n0,T4_B3_N14_D,-650,96,-418.5234174,129.0200652,233.8198729
T4_B3_N14_D_s1200_n1,T4_B3_N14_D,-650,654,-354.1416211,708.740071,300.8798028
T4_B3_N14_D_s1200_n2,T4_B3_N14_D,737,413,726.6564929,435.5157624,24.77796792
T4_B3_N14_D_s1200_n3,T4_B3_N14_D,-569,916,-498.7823679,911.3702653,70.37009524
T4_B3_N14_D_s1200_n4,T4_B3_N14_D,816,-1163,791.4055873,-877.8269664,286.2316269
T4_B3_N14_D_s1200_n5,T4_B3_N14_D,-501,1401,-278.8278889,1303.696207,242.5458206
T4_B3_N14_D_s1200_n6,T4_B3_N14_D,1356,-1108,1289.856833,-810.450271,304.8126634
T4_B3_N14_D_s1200_n7,T4_B3_N14_D,940,158,928.9992973,184.4178904,28.61678518
T4_B3_N14_D_s400_n0,T4_B3_N14_D,-100,-224,-91.56214357,-200.7121172,24.76939456
T4_B3_N14_D_s400_n1,T4_B3_N14_D,1129,-951,1032.106131,-768.1641107,206.9236194
T4_B3_N14_D_s400_n2,T4_B3_N14_D,84,-137,75.44076449,-114.8747367,23.72314882
T4_B3_N14_D_s400_n3,T4_B3_N14_D,148,-201,166.1978022,-103.8568723,98.83292597
T4_B3_N14_D_s400_n4,T4_B3_N14_D,34,-398,41.70573906,-439.9256134,42.62787202
T4_B3_N14_D_s400_n5,T4_B3_N14_D,1554,941,835.5053579,560.6172856,812.9732838
T4_B3_N14_D_s400_n6,T4_B3_N14_D,-346,-304,-214.5890004,-154.3944508,199.1247628
T4_B3_N14_D_s400_n7,T4_B3_N14_D,594,1149,456.6666046,1032.326621,180.2030489
T4_B3_N14_D_s600_n0,T4_B3_N14_D,-348,-436,-157.195879,-245.070266,269.9266121
T4_B3_N14_D_s600_n1,T4_B3_N14_D,-197,1715,133.9130607,1275.782529,549.9231224
T4_B3_N14_D_s600_n2,T4_B3_N14_D,881,-620,1023.585955,-750.996239,193.625332
T4_B3_N14_D_s600_n3,T4_B3_N14_D,1383,1331,1178.991609,1152.426863,271.1231993
T4_B3_N14_D_s600_n4,T4_B3_N14_D,-63,274,-52.77997279,298.8883064,26.90495779
T4_B3_N14_D_s600_n5,T4_B3_N14_D,-391,1017,-78.74764572,806.5045583,376.5765045
T4_B3_N14_D_s600_n6,T4_B3_N14_D,989,3,931.8125742,55.67165896,77.747703
T4_B3_N14_D_s600_n7,T4_B3_N14_D,-782,1414,-392.6104654,1113.649543,491.7668217
T4_B3_N14_D_s800_n0,T4_B3_N14_D,1005,1731,839.5235132,1570.539169,230.4997741
T4_B3_N14_D_s800_n1,T4_B3_N14_D,-19,862,-44.45845389,891.1969928,38.73754331
T4_B3_N14_D_s800_n2,T4_B3_N14_D,224,305,212.9992973,327.5157624,25.05942966
T4_B3_N14_D_s800_n3,T4_B3_N14_D,680,-612,699.0730315,-532.9023947,81.3646833
T4_B3_N14_D_s800_n4,T4_B3_N14_D,241,-1063,244.9616909,-476.4733091,586.5400704
T4_B3_N14_D_s800_n5,T4_B3_N14_D,1371,1314,1222.650252,1228.162534,171.3934607
T4_B3_N14_D_s800_n6,T4_B3_N14_D,-638,-473,-283.9351089,-335.6458219,379.7737713
T4_B3_N14_D_s800_n7,T4_B3_N14_D,-762,1036,-638.4193572,984.4931526,133.8847662
T4_B3_N1_A_s1000_n0,T4_B3_N1_A,439,-715,450.9112154,-411.7518232,303.4820156
T4_B3_N1_A_s1000_n1,T4_B3_N1_A,777,651,770.238714,647.1064032,7.802248685
T4_B3_N1_A_s1000_n2,T4_B3_N1_A,1536,386,1406.453368,401.8830862,130.516674
T4_B3_N1_A_s1000_n3,T4_B3_N1_A,1175,-662,1209.751278,-746.4218597,91.29458765
T4_B3_N1_A_s1000_n4,T4_B3_N1_A,-593,-1327,-655.7145387,-1444.547257,133.2308938
T4_B3_N1_A_s1000_n5,T4_B3_N1_A,832,710,830.9531161,708.8211377,1.576604708
T4_B3_N1_A_s1000_n6,T4_B3_N1_A,1526,183,1312.308875,217.5200745,216.4613883
T4_B3_N1_A_s1000_n7,T4_B3_N1_A,-497,1246,-228.0364329,1020.011428,351.3007757
T4_B3_N1_A_s1200_n0,T4_B3_N1_A,66,1400,57.45557625,1397.628339,8.8674659
T4_B3_N1_A_s1200_n1,T4_B3_N1_A,968,-292,995.4766975,-402.3178047,113.6881125
T4_B3_N1_A_s1200_n2,T4_B3_N1_A,1675,1570,1576.658168,1473.183445,138.002034
T4_B3_N1_A_s1200_n3,T4_B3_N1_A,477,-590,491.9204323,-378.275074,212.2500026
T4_B3_N1_A_s1200_n4,T4_B3_N1_A,390,738,388.9531161,736.8211377,1.576604708
T4_B3_N1_A_s1200_n5,T4_B3_N1_A,569,1658,504.0905356,1647.255208,65.79277415
T4_B3_N1_A_s1200_n6,T4_B3_N1_A,1996,-1410,1731.922559,-1000.163947,487.5474179
T4_B3_N1_A_s1200_n7,T4_B3_N1_A,-60,-1545,-67.62667057,-1203.415787,341.6693441
T4_B3_N1_A_s400_n0,T4_B3_N1_A,1704,-806,1204.942548,-631.8800461,528.5604018
T4_B3_N1_A_s400_n1,T4_B3_N1_A,261,-1499,307.4818499,-853.5389124,647.1325814
T4_B3_N1_A_s400_n2,T4_B3_N1_A,379,1378,193.7090789,697.4479038,705.3253725
T4_B3_N1_A_s400_n3,T4_B3_N1_A,-112,102,-103.8939685,105.0147938,8.6485102
T4_B3_N1_A_s400_n4,T4_B3_N1_A,252,-83,246.7829186,-86.24828321,6.145671853
T4_B3_N1_A_s400_n5,T4_B3_N1_A,-1256,1109,-506.9171159,571.0001859,922.2629599
T4_B3_N1_A_s400_n6,T4_B3_N1_A,437,-352,424.459984,-348.5289867,13.0115308
T4_B3_N1_A_s400_n7,T4_B3_N1_A,-382,-54,-219.5849463,30.36953291,183.0214953
T4_B3_N1_A_s600_n0,T4_B3_N1_A,1616,50,1064.902564,169.0408682,563.8076904
T4_B3_N1_A_s600_n1,T4_B3_N1_A,1509,-1080,1020.909601,-596.8651863,686.7688738
T4_B3_N1_A_s600_n4,T4_B3_N1_A,34,-290,37.27824782,-218.7845936,71.29082003
T4_B3_N1_A_s600_n5,T4_B3_N1_A,1745,-639,1587.700139,-647.1733957,157.5120653
T4_B3_N1_A_s600_n6,T4_B3_N1_A,881,1989,723.7478935,1432.088316,578.6871771
T4_B3_N1_A_s600_n7,T4_B3_N1_A,-334,38,-250.7105089,92.60957836,99.59591047
T4_B3_N1_A_s800_n0,T4_B3_N1_A,398,-945,415.3209626,-593.2158557,352.2103064
T4_B3_N1_A_s800_n2,T4_B3_N1_A,744,-676,731.7033677,-705.9680582,32.39277202
T4_B3_N1_A_s800_n3,T4_B3_N1_A,-500,-209,-622.7143861,-283.152885,143.3787673
T4_B3_N1_A_s800_n4,T4_B3_N1_A,43,530,41.11431116,528.822915,2.222915101
T4_B3_N1_A_s800_n5,T4_B3_N1_A,-784,-494,-664.268511,-455.1483046,125.8772565
T4_B3_N1_A_s800_n6,T4_B3_N1_A,1033,1871,852.1758105,1512.282206,401.7161225
T4_B3_N1_A_s800_n7,T4_B3_N1_A,-934,1026,-915.2322325,993.0628719,37.90888429
T4_B3_N1_B_s1000_n0,T4_B3_N1_B,1243,27,1206.757639,81.15415959,65.16273294
T4_B3_N1_B_s1000_n1,T4_B3_N1_B,1642,807,1830.405475,961.720815,243.79326
T4_B3_N1_B_s1000_n2,T4_B3_N1_B,574,-476,555.4225052,-541.5380159,68.12015004
T4_B3_N1_B_s1000_n3,T4_B3_N1_B,1341,789,1314.573259,846.9429529,63.68483669
T4_B3_N1_B_s1000_n4,T4_B3_N1_B,56,-904,69.39514469,-1096.393529,192.8592749
T4_B3_N1_B_s1000_n5,T4_B3_N1_B,74,-235,125.7452301,-127.8187395,119.01845
T4_B3_N1_B_s1000_n6,T4_B3_N1_B,923,-221,863.8955557,-117.5426777,119.1501275
T4_B3_N1_B_s1000_n7,T4_B3_N1_B,293,990,292.6533019,989.6794292,0.472191937
T4_B3_N1_B_s1200_n0,T4_B3_N1_B,1473,698,1440.925118,694.4961026,32.26569905
T4_B3_N1_B_s1200_n1,T4_B3_N1_B,20,997,20.19452706,994.1001064,2.906410747
T4_B3_N1_B_s1200_n2,T4_B3_N1_B,1564,1402,1498.383191,1397.072689,65.80154982
T4_B3_N1_B_s1200_n3,T4_B3_N1_B,1559,-223,1420.021708,-66.1803303,209.5408659
T4_B3_N1_B_s1200_n4,T4_B3_N1_B,252,482,249.2166351,480.3440422,3.238721408
T4_B3_N1_B_s1200_n5,T4_B3_N1_B,1484,-696,1372.760179,-537.1524742,193.9248161
T4_B3_N1_B_s1200_n6,T4_B3_N1_B,148,-814,157.0795023,-971.5729668,157.8343348
T4_B3_N1_B_s1200_n7,T4_B3_N1_B,352,159,349.2166351,157.3440422,3.238721408
T4_B3_N1_B_s400_n0,T4_B3_N1_B,299,97,296.2166351,95.34404216,3.238721408
T4_B3_N1_B_s400_n2,T4_B3_N1_B,-564,820,-412.266402,712.9222882,185.711392
T4_B3_N1_B_s400_n3,T4_B3_N1_B,-561,1075,-396.6288175,966.9913187,196.6818774
T4_B3_N1_B_s400_n4,T4_B3_N1_B,-893,-154,-411.3605465,79.62420272,535.3100328
T4_B3_N1_B_s400_n5,T4_B3_N1_B,58,-353,130.2751835,-382.7421401,78.1555951
T4_B3_N1_B_s400_n6,T4_B3_N1_B,-949,605,-852.9553762,686.5543384,125.9987297
T4_B3_N1_B_s400_n7,T4_B3_N1_B,-1432,214,-657.7438152,326.9171539,782.4467543
T4_B3_N1_B_s600_n0,T4_B3_N1_B,492,505,489.2166351,503.3440422,3.238721408
T4_B3_N1_B_s600_n1,T4_B3_N1_B,-1234,1177,-1075.713355,1362.747291,244.0424512
T4_B3_N1_B_s600_n2,T4_B3_N1_B,-292,-64,-274.7449841,63.09125939,128.2572563
T4_B3_N1_B_s600_n4,T4_B3_N1_B,258,-888,220.1749574,-998.4616754,116.7583641
T4_B3_N1_B_s600_n6,T4_B3_N1_B,-389,300,-402.4043188,359.7762337,61.2607042
T4_B3_N1_B_s600_n7,T4_B3_N1_B,-1118,-943,-978.6450216,-783.0684067,212.1271424
T4_B3_N1_B_s800_n0,T4_B3_N1_B,-265,-807,-106.0685845,-485.1683918,358.9356194
T4_B3_N1_B_s800_n1,T4_B3_N1_B,-382,-721,-123.9297643,-317.3126294,479.1281037
T4_B3_N1_B_s800_n2,T4_B3_N1_B,-837,-42,-536.4418207,172.0412806,368.983589
T4_B3_N1_B_s800_n3,T4_B3_N1_B,42,-1549,80.9546224,-1970.023072,422.8213454
T4_B3_N1_B_s800_n4,T4_B3_N1_B,-842,-27,-603.2332354,145.8394295,294.7592853
T4_B3_N1_B_s800_n5,T4_B3_N1_B,680,-543,596.444076,-372.5577347,189.8213851
T4_B3_N1_B_s800_n6,T4_B3_N1_B,-1069,321,-1046.090887,551.1804352,231.3176609
T4_B3_N1_B_s800_n7,T4_B3_N1_B,203,619,200.2166351,617.3440422,3.238721408
T4_B3_N1_C_s1000_n0,T4_B3_N1_C,-442,-490,-164.9927353,-359.3291365,306.2807524
T4_B3_N1_C_s1000_n1,T4_B3_N1_C,641,-65,630.5856548,-79.53256069,17.87886756
T4_B3_N1_C_s1000_n2,T4_B3_N1_C,312,689,317.1208799,670.1303756,19.5521389
T4_B3_N1_C_s1000_n3,T4_B3_N1_C,884,682,876.9304756,674.6019819,10.23273406
T4_B3_N1_C_s1000_n4,T4_B3_N1_C,430,1311,416.0906084,1385.212289,75.50453632
T4_B3_N1_C_s1000_n5,T4_B3_N1_C,1253,-919,1267.316764,-889.566519,32.73071225
T4_B3_N1_C_s1000_n6,T4_B3_N1_C,-893,316,-884.2093464,248.1204854,68.4463592
T4_B3_N1_C_s1000_n7,T4_B3_N1_C,552,444,543.4480771,434.206935,13.00151949
T4_B3_N1_C_s1200_n0,T4_B3_N1_C,-220,-32,-102.3279678,-7.140140252,120.2693635
T4_B3_N1_C_s1200_n1,T4_B3_N1_C,98,-990,237.7023278,-1274.771084,317.1928601
T4_B3_N1_C_s1200_n2,T4_B3_N1_C,-344,-592,-82.26151615,-439.4438167,302.9528395
T4_B3_N1_C_s1200_n3,T4_B3_N1_C,431,1175,423.2130805,1174.100347,7.83871738
T4_B3_N1_C_s1200_n4,T4_B3_N1_C,-394,244,-350.178712,203.8016451,59.46606607
T4_B3_N1_C_s1200_n5,T4_B3_N1_C,410,1039,401.5969429,1029.041169,13.03033716
T4_B3_N1_C_s1200_n6,T4_B3_N1_C,405,-293,447.5071574,-513.6127913,224.6705635
T4_B3_N1_C_s1200_n7,T4_B3_N1_C,-665,1668,-471.5277625,1519.870268,243.6676512
T4_B3_N1_C_s400_n1,T4_B3_N1_C,1489,301,1417.621182,217.598733,109.7757124
T4_B3_N1_C_s400_n2,T4_B3_N1_C,-172,304,-182.0624962,294.388539,13.91524387
T4_B3_N1_C_s400_n3,T4_B3_N1_C,-388,-128,-208.2399736,-22.75273877,208.3042321
T4_B3_N1_C_s400_n4,T4_B3_N1_C,16,-180,17.28743149,-222.5110716,42.5305618
T4_B3_N1_C_s400_n5,T4_B3_N1_C,82,-257,66.1272147,-263.354849,17.09764366
T4_B3_N1_C_s400_n6,T4_B3_N1_C,535,-796,525.3477922,-688.9880852,107.4463355
T4_B3_N1_C_s400_n7,T4_B3_N1_C,-397,259,-495.8183592,224.0848796,104.8052182
T4_B3_N1_C_s600_n0,T4_B3_N1_C,425,286,416.4480771,285.9686798,8.551980302
T4_B3_N1_C_s600_n1,T4_B3_N1_C,-584,1442,-233.5908306,1044.126391,530.1792097
T4_B3_N1_C_s600_n2,T4_B3_N1_C,105,193,96.84326685,192.4517166,8.17513978
T4_B3_N1_C_s600_n3,T4_B3_N1_C,-713,1101,-464.5690819,876.0450371,335.1457241
T4_B3_N1_C_s600_n4,T4_B3_N1_C,-170,512,-180.6519355,494.0114625,20.90576983
T4_B3_N1_C_s600_n5,T4_B3_N1_C,216,981,194.466513,954.2145142,34.3679111
T4_B3_N1_C_s600_n6,T4_B3_N1_C,246,67,237.0497482,66.92922222,8.950531621
T4_B3_N1_C_s600_n7,T4_B3_N1_C,-419,-139,-376.3793424,-170.8412848,53.20138974
T4_B3_N1_C_s800_n0,T4_B3_N1_C,-456,1346,-257.4678613,1155.667365,275.0300383
T4_B3_N1_C_s800_n1,T4_B3_N1_C,447,207,438.4480771,206.9686798,8.551980302
T4_B3_N1_C_s800_n2,T4_B3_N1_C,335,-711,431.5891734,-515.3413496,218.201228
T4_B3_N1_C_s800_n3,T4_B3_N1_C,-214,40,-177.9434061,18.67372695,41.89138204
T4_B3_N1_C_s800_n4,T4_B3_N1_C,876,-598,889.3788467,-572.5488796,28.75331407
T4_B3_N1_C_s800_n5,T4_B3_N1_C,1300,875,1164.677628,752.61811,182.4540251
T4_B3_N1_C_s800_n6,T4_B3_N1_C,-218,756,-187.7216453,715.9267939,50.22589579
T4_B3_N1_C_s800_n7,T4_B3_N1_C,316,-134,303.9560509,-177.5636213,45.19785186
T4_B3_N1_D_s1000_n0,T4_B3_N1_D,-230,1435,-70.86141609,1087.064465,382.6019148
T4_B3_N1_D_s1000_n1,T4_B3_N1_D,-933,-206,-47.76143232,248.0736328,994.9020986
T4_B3_N1_D_s1000_n2,T4_B3_N1_D,922,-707,819.8164695,-725.3689058,103.8214362
T4_B3_N1_D_s1000_n3,T4_B3_N1_D,-457,-1018,-49.00573437,-296.4763087,828.8882663
T4_B3_N1_D_s1000_n4,T4_B3_N1_D,120,-693,182.2337054,-549.642286,156.2832948
T4_B3_N1_D_s1000_n5,T4_B3_N1_D,-448,449,-371.1909232,474.4147447,80.90453339
T4_B3_N1_D_s1000_n6,T4_B3_N1_D,-15,161,19.88640347,137.1102536,42.28216091
T4_B3_N1_D_s1000_n7,T4_B3_N1_D,-883,1905,-610.6596052,1263.977116,696.4765816
T4_B3_N1_D_s1200_n0,T4_B3_N1_D,-733,618,-893.6323472,625.9295602,160.8279482
T4_B3_N1_D_s1200_n1,T4_B3_N1_D,375,103,386.5704001,112.630881,15.05416973
T4_B3_N1_D_s1200_n2,T4_B3_N1_D,-674,-500,411.3613085,480.3460504,1462.561981
T4_B3_N1_D_s1200_n3,T4_B3_N1_D,-292,1008,-282.7975026,982.652734,26.96608708
T4_B3_N1_D_s1200_n4,T4_B3_N1_D,-530,987,-773.4939633,987.2839584,243.4941289
T4_B3_N1_D_s1200_n5,T4_B3_N1_D,377,-296,390.5883037,-295.3194715,13.60533408
T4_B3_N1_D_s1200_n6,T4_B3_N1_D,417,1815,499.0247729,925.4935847,893.2803178
T4_B3_N1_D_s1200_n7,T4_B3_N1_D,999,82,984.9720187,92.83309646,17.72400173
T4_B3_N1_D_s400_n0,T4_B3_N1_D,-982,-764,261.1220834,284.0089029,1625.938244
T4_B3_N1_D_s400_n1,T4_B3_N1_D,-353,-87,-277.1593151,-74.7435896,76.82466457
T4_B3_N1_D_s400_n3,T4_B3_N1_D,936,-1352,583.6920762,-893.0130301,578.610328
T4_B3_N1_D_s400_n4,T4_B3_N1_D,-1160,346,-1044.399233,312.5264677,120.3495519
T4_B3_N1_D_s400_n5,T4_B3_N1_D,-350,400,-386.5915569,380.8187141,41.31420779
T4_B3_N1_D_s400_n6,T4_B3_N1_D,-44,151,-21.02874621,143.6926145,24.10552599
T4_B3_N1_D_s600_n0,T4_B3_N1_D,108,428,117.2755307,434.7850054,11.49224818
T4_B3_N1_D_s600_n1,T4_B3_N1_D,-554,-822,50.03330621,99.29976472,1101.657611
T4_B3_N1_D_s600_n2,T4_B3_N1_D,1174,-745,869.8915651,-404.9452085,456.2008345
T4_B3_N1_D_s600_n3,T4_B3_N1_D,683,1462,350.6776679,411.2857356,1102.015698
T4_B3_N1_D_s600_n5,T4_B3_N1_D,-471,452,-225.7727024,426.3467374,246.5654424
T4_B3_N1_D_s600_n7,T4_B3_N1_D,-248,-649,-104.8833694,-410.8984303,277.8033971
T4_B3_N1_D_s800_n0,T4_B3_N1_D,613,303,624.8068168,309.6729886,13.56206842
T4_B3_N1_D_s800_n1,T4_B3_N1_D,-205,47,-150.1579779,46.60451663,54.84344807
T4_B3_N1_D_s800_n2,T4_B3_N1_D,1047,1742,471.2634359,496.3987836,1372.222643
T4_B3_N1_D_s800_n3,T4_B3_N1_D,564,1934,408.5579636,422.968448,1519.005786
T4_B3_N1_D_s800_n4,T4_B3_N1_D,-854,979,-501.095655,824.3946246,385.2846984
T4_B3_N1_D_s800_n5,T4_B3_N1_D,-780,190,-651.4714658,240.9972148,138.276173
T4_B3_N1_D_s800_n6,T4_B3_N1_D,1626,538,950.0827477,391.4125689,691.6299639
T4_B3_N1_D_s800_n7,T4_B3_N1_D,-748,-254,171.5044922,199.7155614,1025.351804
T6_B1_N27_A_s1000_n0,T6_B1_N27_A,54,-492,62.17914658,-444.1093762,48.58405382
T6_B1_N27_A_s1000_n1,T6_B1_N27_A,723,-1170,713.4319907,-628.1234276,541.9610379
T6_B1_N27_A_s1000_n2,T6_B1_N27_A,608,1619,614.8505951,845.7861501,773.2441971
T6_B1_N27_A_s1000_n3,T6_B1_N27_A,1687,1510,1557.817388,1217.54323,319.7172336
T6_B1_N27_A_s1000_n4,T6_B1_N27_A,-982,394,-547.2534165,533.7424625,456.6536408
T6_B1_N27_A_s1000_n5,T6_B1_N27_A,-512,1547,-254.7441241,1178.344037,449.5417722
T6_B1_N27_A_s1000_n6,T6_B1_N27_A,1662,-977,403.816779,615.2710352,2029.372333
T6_B1_N27_A_s1000_n7,T6_B1_N27_A,1173,-724,1383.051092,-743.1940618,210.9262268
T6_B1_N27_A_s1200_n0,T6_B1_N27_A,1471,924,1469.130211,926.0376303,2.765510308
T6_B1_N27_A_s1200_n1,T6_B1_N27_A,665,216,658.8282449,204.5401695,13.01607764
T6_B1_N27_A_s1200_n2,T6_B1_N27_A,-651,-441,-501.8531489,-436.3192018,149.2202837
T6_B1_N27_A_s1200_n3,T6_B1_N27_A,-160,113,-109.0004412,90.3118461,55.81852138
T6_B1_N27_A_s1200_n4,T6_B1_N27_A,428,570,421.8282449,548.7322677,22.14513489
T6_B1_N27_A_s1200_n5,T6_B1_N27_A,579,-710,619.9594888,-445.3942717,267.7571123
T6_B1_N27_A_s1200_n6,T6_B1_N27_A,-719,-394,-550.1024539,-400.8055425,169.0346014
T6_B1_N27_A_s1200_n7,T6_B1_N27_A,1169,777,1152.326224,773.8431874,16.96998145
T6_B1_N27_A_s400_n0,T6_B1_N27_A,326,-41,312.4034762,-53.95604515,18.78096287
T6_B1_N27_A_s400_n1,T6_B1_N27_A,-866,1391,-239.9181705,606.276018,1003.877575
T6_B1_N27_A_s400_n2,T6_B1_N27_A,-237,-74,-192.5536529,-107.0741225,55.40194356
T6_B1_N27_A_s400_n3,T6_B1_N27_A,-219,-181,-125.4378887,-171.7465424,94.01858935
T6_B1_N27_A_s400_n5,T6_B1_N27_A,-101,117,-96.67083054,85.18307961,32.11009392
T6_B1_N27_A_s400_n6,T6_B1_N27_A,-120,301,-86.77658791,265.4815846,48.63489427
T6_B1_N27_A_s400_n7,T6_B1_N27_A,-189,38,-183.5638334,-16.58336291,54.85339929
T6_B1_N27_A_s600_n1,T6_B1_N27_A,-1172,-333,-528.5415875,-95.70783085,685.8179803
T6_B1_N27_A_s600_n2,T6_B1_N27_A,-177,709,-188.7261331,650.2892024,59.87035959
T6_B1_N27_A_s600_n3,T6_B1_N27_A,-341,-257,-272.6874831,-258.2144598,68.32331136
T6_B1_N27_A_s600_n4,T6_B1_N27_A,-573,73,-407.5599987,78.37343151,165.5272418
T6_B1_N27_A_s600_n5,T6_B1_N27_A,207,-98,191.9075134,-100.0431077,15.23014911
T6_B1_N27_A_s600_n6,T6_B1_N27_A,602,1656,164.9320421,53.464697,1661.06827
T6_B1_N27_A_s600_n7,T6_B1_N27_A,-953,1717,-374.7016683,1031.334326,896.9762412
T6_B1_N27_A_s800_n0,T6_B1_N27_A,-621,38,-492.0225002,85.85923034,137.5707141
T6_B1_N27_A_s800_n1,T6_B1_N27_A,649,153,640.73483,142.446359,13.40493838
T6_B1_N27_A_s800_n2,T6_B1_N27_A,181,621,174.8282449,604.2216117,17.87749634
T6_B1_N27_A_s800_n3,T6_B1_N27_A,2,123,-35.10682757,90.05025894,49.62461172
T6_B1_N27_A_s800_n4,T6_B1_N27_A,-1108,284,-414.7535918,433.0673626,709.0921386
T6_B1_N27_A_s800_n5,T6_B1_N27_A,-772,1511,-451.9076871,1084.658906,533.1283308
T6_B1_N27_A_s800_n6,T6_B1_N27_A,-337,593,-377.2394995,593.9410169,40.25050103
T6_B1_N27_A_s800_n7,T6_B1_N27_A,-896,1605,-566.2993192,1166.924685,548.2814248
T6_B1_N27_B_s1000_n0,T6_B1_N27_B,-292,348,-313.4491104,302.2511403,50.52744301
T6_B1_N27_B_s1000_n1,T6_B1_N27_B,-97,-932,-41.91378195,-878.1985366,77.00057715
T6_B1_N27_B_s1000_n2,T6_B1_N27_B,1104,1667,1082.990201,1474.755294,193.3893447
T6_B1_N27_B_s1000_n3,T6_B1_N27_B,1508,1198,1575.421005,1184.469266,68.76534522
T6_B1_N27_B_s1000_n4,T6_B1_N27_B,-934,-668,-755.2167389,-510.194617,238.4659165
T6_B1_N27_B_s1000_n5,T6_B1_N27_B,294,89,281.628573,72.88803048,20.31373346
T6_B1_N27_B_s1000_n6,T6_B1_N27_B,-848,-423,-744.6703337,-362.1217189,119.9299173
T6_B1_N27_B_s1000_n7,T6_B1_N27_B,-946,-678,-814.8248248,-609.9581966,147.7721678
T6_B1_N27_B_s1200_n0,T6_B1_N27_B,130,1618,176.3741833,1503.505238,123.5298163
T6_B1_N27_B_s1200_n1,T6_B1_N27_B,1102,441,1080.9027,425.2992397,26.2984779
T6_B1_N27_B_s1200_n2,T6_B1_N27_B,576,758,563.9375478,742.2992397,19.79940972
T6_B1_N27_B_s1200_n3,T6_B1_N27_B,1934,1053,1861.937799,1010.824683,83.49681587
T6_B1_N27_B_s1200_n4,T6_B1_N27_B,306,-95,324.6452221,-135.5747777,44.65374443
T6_B1_N27_B_s1200_n5,T6_B1_N27_B,477,-1009,526.4114904,-988.668089,53.43109576
T6_B1_N27_B_s1200_n6,T6_B1_N27_B,607,1646,626.3244192,1533.150483,114.492125
T6_B1_N27_B_s1200_n7,T6_B1_N27_B,1119,2135,1227.099699,2066.338951,128.0620343
T6_B1_N27_B_s400_n0,T6_B1_N27_B,-304,-188,-227.6026926,-160.6451167,81.14701604
T6_B1_N27_B_s400_n1,T6_B1_N27_B,-356,-139,-310.2808006,-138.8586966,45.71941772
T6_B1_N27_B_s400_n2,T6_B1_N27_B,1628,592,1187.51761,460.3337998,459.7398443
T6_B1_N27_B_s400_n3,T6_B1_N27_B,697,1403,519.2782,870.0535546,561.7979635
T6_B1_N27_B_s400_n4,T6_B1_N27_B,1788,-872,918.5515602,-238.5735159,1075.718225
T6_B1_N27_B_s400_n5,T6_B1_N27_B,-385,210,-372.2536358,153.979398,57.4523946
T6_B1_N27_B_s400_n6,T6_B1_N27_B,18,-351,4.884398713,-487.0944816,136.7250048
T6_B1_N27_B_s400_n7,T6_B1_N27_B,-1474,1256,-732.9152166,753.4821041,895.3942661
T6_B1_N27_B_s600_n0,T6_B1_N27_B,1254,717,1244.547065,632.4417098,85.08503062
T6_B1_N27_B_s600_n1,T6_B1_N27_B,-216,268,-245.6838431,228.6006412,49.32990993
T6_B1_N27_B_s600_n2,T6_B1_N27_B,186,17,172.8357633,4.571898979,18.10400017
T6_B1_N27_B_s600_n3,T6_B1_N27_B,1609,-732,1386.242147,-496.0628132,324.4802263
T6_B1_N27_B_s600_n4,T6_B1_N27_B,191,963,230.2802675,863.5127207,106.9610123
T6_B1_N27_B_s600_n6,T6_B1_N27_B,-1219,1883,-633.6119309,1359.363718,785.4133606
T6_B1_N27_B_s600_n7,T6_B1_N27_B,451,1824,524.7089993,1298.168813,530.9721776
T6_B1_N27_B_s800_n0,T6_B1_N27_B,1094,-1543,911.7542737,-1148.704584,434.375851
T6_B1_N27_B_s800_n1,T6_B1_N27_B,359,-315,368.93641,-409.3528627,94.87462748
T6_B1_N27_B_s800_n2,T6_B1_N27_B,-816,140,-800.4228549,84.75378498,57.40027633
T6_B1_N27_B_s800_n3,T6_B1_N27_B,1079,-1593,992.0781594,-1201.420155,401.1111833
T6_B1_N27_B_s800_n4,T6_B1_N27_B,1603,811,1503.945467,741.5701773,120.9640478
T6_B1_N27_B_s800_n5,T6_B1_N27_B,-66,1024,-30.27862179,926.6595246,103.6879212
T6_B1_N27_B_s800_n6,T6_B1_N27_B,-594,429,-661.2296165,355.1019059,99.90370186
T6_B1_N27_B_s800_n7,T6_B1_N27_B,-66,560,-100.1788401,524.2711269,49.44436754
T6_B1_N27_C_s1000_n0,T6_B1_N27_C,872,-439,855.7746236,-393.7317022,48.08826913
T6_B1_N27_C_s1000_n1,T6_B1_N27_C,-496,668,-390.512827,586.8672832,133.0791547
T6_B1_N27_C_s1000_n2,T6_B1_N27_C,-873,2008,-701.1385296,1642.574225,403.8221909
T6_B1_N27_C_s1000_n3,T6_B1_N27_C,1473,-596,1333.18638,-438.3497817,210.7164914
T6_B1_N27_C_s1000_n4,T6_B1_N27_C,-221,276,-63.30244654,241.4974868,161.4278222
T6_B1_N27_C_s1000_n5,T6_B1_N27_C,407,130,408.2530835,141.2366674,11.3063218
T6_B1_N27_C_s1000_n6,T6_B1_N27_C,-843,-353,-875.8066294,-360.2261494,33.59303745
T6_B1_N27_C_s1000_n7,T6_B1_N27_C,171,875,177.8944566,832.5888308,42.96790432
T6_B1_N27_C_s1200_n0,T6_B1_N27_C,1586,462,1667.073303,435.7948873,85.20321845
T6_B1_N27_C_s1200_n1,T6_B1_N27_C,-273,-514,-358.0127704,-533.2530657,87.16565646
T6_B1_N27_C_s1200_n2,T6_B1_N27_C,1287,656,1295.268267,645.2020021,13.60003689
T6_B1_N27_C_s1200_n3,T6_B1_N27_C,-557,-169,-653.1769571,-211.1154162,104.9938824
T6_B1_N27_C_s1200_n4,T6_B1_N27_C,1603,459,1659.979826,416.3204978,71.19157558
T6_B1_N27_C_s1200_n5,T6_B1_N27_C,1946,806,1650.030667,739.0826148,303.4399154
T6_B1_N27_C_s1200_n6,T6_B1_N27_C,1040,-1068,992.5407693,-852.0174987,221.1352967
T6_B1_N27_C_s1200_n7,T6_B1_N27_C,750,-465,724.9367169,-439.1673192,35.99299316
T6_B1_N27_C_s400_n0,T6_B1_N27_C,1437,-809,920.2046944,-358.660553,685.4801276
T6_B1_N27_C_s400_n1,T6_B1_N27_C,1287,-287,1385.648357,-377.066675,133.5795801
T6_B1_N27_C_s400_n2,T6_B1_N27_C,142,-9,150.6143823,20.47992094,30.71275501
T6_B1_N27_C_s400_n4,T6_B1_N27_C,-124,23,-258.7762564,-18.6466873,141.0641197
T6_B1_N27_C_s400_n5,T6_B1_N27_C,326,-373,357.2425199,-624.4807525,253.4140168
T6_B1_N27_C_s400_n6,T6_B1_N27_C,267,-1497,238.0578932,-814.1324878,683.4805664
T6_B1_N27_C_s600_n0,T6_B1_N27_C,662,722,599.7361194,679.7744316,75.23157217
T6_B1_N27_C_s600_n1,T6_B1_N27_C,1612,1288,1146.221938,922.87079,591.8348947
T6_B1_N27_C_s600_n2,T6_B1_N27_C,650,1257,685.5811219,1207.738787,60.76745336
T6_B1_N27_C_s600_n3,T6_B1_N27_C,-75,-171,0.838987531,-48.59424143,143.9955616
T6_B1_N27_C_s600_n4,T6_B1_N27_C,-371,-570,-240.4432525,-370.9416021,238.0531666
T6_B1_N27_C_s600_n5,T6_B1_N27_C,397,-437,395.9750397,-411.5391184,25.48150377
T6_B1_N27_C_s600_n6,T6_B1_N27_C,1141,1603,877.6033017,1213.946282,469.8304124
T6_B1_N27_C_s600_n7,T6_B1_N27_C,397,-613,378.1301319,-497.2862854,117.2422094
T6_B1_N27_C_s800_n0,T6_B1_N27_C,1245,-628,1130.7654,-492.3473966,177.3447849
T6_B1_N27_C_s800_n1,T6_B1_N27_C,302,260,301.243674,259.9812235,0.756559077
T6_B1_N27_C_s800_n2,T6_B1_N27_C,286,-104,292.4375491,-69.75650715,34.84334716
T6_B1_N27_C_s800_n3,T6_B1_N27_C,1955,-350,2217.444425,-514.5895558,309.7850837
T6_B1_N27_C_s800_n4,T6_B1_N27_C,-513,172,-707.5197958,96.46416942,208.6710633
T6_B1_N27_C_s800_n5,T6_B1_N27_C,-243,286,-279.9148285,264.6670277,42.63566897
T6_B1_N27_C_s800_n6,T6_B1_N27_C,363,-957,343.9637044,-583.7076305,373.7774387
T6_B1_N27_C_s800_n7,T6_B1_N27_C,1718,1762,1117.608111,1225.304524,805.3027092
T6_B1_N27_D_s1000_n0,T6_B1_N27_D,-365,1901,-296.3280569,1888.12994,69.86754765
T6_B1_N27_D_s1000_n1,T6_B1_N27_D,712,-480,699.6615327,-312.0412142,168.4113758
T6_B1_N27_D_s1000_n2,T6_B1_N27_D,1261,-328,1260.488412,-280.2282357,47.77450349
T6_B1_N27_D_s1000_n3,T6_B1_N27_D,1017,978,1013.749977,985.2218173,7.919425008
T6_B1_N27_D_s1000_n4,T6_B1_N27_D,1946,355,1764.937206,601.4327867,305.7987144
T6_B1_N27_D_s1000_n5,T6_B1_N27_D,1605,2090,1188.527316,1480.353183,738.3215687
T6_B1_N27_D_s1000_n6,T6_B1_N27_D,1585,1744,1376.269097,1556.287905,280.7212505
T6_B1_N27_D_s1000_n7,T6_B1_N27_D,53,-665,371.8581421,127.972593,854.6789151
T6_B1_N27_D_s1200_n0,T6_B1_N27_D,1802,1679,1617.198903,1556.181929,221.8912438
T6_B1_N27_D_s1200_n1,T6_B1_N27_D,-936,-681,-660.3096006,-445.2910452,362.7173937
T6_B1_N27_D_s1200_n2,T6_B1_N27_D,351,-686,447.377814,-83.20205721,610.4539646
T6_B1_N27_D_s1200_n3,T6_B1_N27_D,-572,5,-466.9630186,51.05951371,114.6919625
T6_B1_N27_D_s1200_n4,T6_B1_N27_D,87,1466,180.8494543,1410.261816,109.1534022
T6_B1_N27_D_s1200_n5,T6_B1_N27_D,24,1513,213.1744707,1282.705012,298.031478
T6_B1_N27_D_s1200_n6,T6_B1_N27_D,352,482,359.3715558,486.6394403,8.710008097
T6_B1_N27_D_s1200_n7,T6_B1_N27_D,-402,-1101,94.08767394,-473.3368302,800.0400208
T6_B1_N27_D_s400_n0,T6_B1_N27_D,-396,243,-255.5455058,273.9310547,143.8200093
T6_B1_N27_D_s400_n1,T6_B1_N27_D,1663,1176,1127.223491,759.8016345,678.4375776
T6_B1_N27_D_s400_n2,T6_B1_N27_D,635,-1302,359.3935218,-444.1054758,901.0782127
T6_B1_N27_D_s400_n5,T6_B1_N27_D,-51,-143,-46.47499085,-176.9082551,34.20885083
T6_B1_N27_D_s400_n6,T6_B1_N27_D,-62,-146,-53.25847198,-172.677966,28.07362079
T6_B1_N27_D_s400_n7,T6_B1_N27_D,292,-43,278.3436148,-38.07792165,14.51632572
T6_B1_N27_D_s600_n0,T6_B1_N27_D,498,-79,491.8950869,-46.08414566,33.47720763
T6_B1_N27_D_s600_n1,T6_B1_N27_D,27,595,23.85693844,583.2086711,12.20304363
T6_B1_N27_D_s600_n2,T6_B1_N27_D,414,1539,488.4188085,1171.686986,374.7759458
T6_B1_N27_D_s600_n3,T6_B1_N27_D,853,-1629,632.9202698,-994.3288063,671.7459429
T6_B1_N27_D_s600_n4,T6_B1_N27_D,302,389,290.0642128,392.1897754,12.35466238
T6_B1_N27_D_s600_n5,T6_B1_N27_D,508,1980,464.3843968,1281.634158,699.7264963
T6_B1_N27_D_s600_n6,T6_B1_N27_D,-1436,416,-643.6006727,422.1531553,792.4232173
T6_B1_N27_D_s600_n7,T6_B1_N27_D,-220,887,-180.2348673,860.8958782,47.56775121
T6_B1_N27_D_s800_n0,T6_B1_N27_D,-19,597,-35.91379291,597.8081697,16.93308976
T6_B1_N27_D_s800_n1,T6_B1_N27_D,70,982,68.11561195,1002.383888,20.47080348
T6_B1_N27_D_s800_n2,T6_B1_N27_D,650,568,638.0642128,571.1897754,12.35466238
T6_B1_N27_D_s800_n3,T6_B1_N27_D,-491,-599,-92.97369087,-160.1228926,592.484648
T6_B1_N27_D_s800_n4,T6_B1_N27_D,1784,1884,1262.82486,1283.439931,795.1703733
T6_B1_N27_D_s800_n5,T6_B1_N27_D,-213,830,-221.6097542,860.733857,31.91704618
T6_B1_N27_D_s800_n6,T6_B1_N27_D,336,30,322.9597775,36.53353865,14.58542182
T6_B1_N27_D_s800_n7,T6_B1_N27_D,703,-384,699.9910839,-301.528982,82.52588914
T6_B1_N5_A_s1000_n0,T6_B1_N5_A,1357,1434,998.1009335,1066.974833,513.338108
T6_B1_N5_A_s1000_n1,T6_B1_N5_A,430,104,433.9207762,241.6772438,137.7330605
T6_B1_N5_A_s1000_n2,T6_B1_N5_A,1269,-745,1050.984814,-383.8460431,421.8563759
T6_B1_N5_A_s1000_n3,T6_B1_N5_A,-945,204,-816.5795547,135.5934572,145.5034909
T6_B1_N5_A_s1000_n4,T6_B1_N5_A,118,-10,119.6928418,-16.49485334,6.711842771
T6_B1_N5_A_s1000_n5,T6_B1_N5_A,-335,-883,-106.4640097,-721.3408032,279.9328397
T6_B1_N5_A_s1000_n6,T6_B1_N5_A,2096,696,2168.520929,774.5862869,106.9349786
T6_B1_N5_A_s1000_n7,T6_B1_N5_A,-331,-1250,-162.8174312,-1129.318596,207.0009125
T6_B1_N5_A_s1200_n0,T6_B1_N5_A,1690,-403,1355.478457,-62.0323278,477.6647528
T6_B1_N5_A_s1200_n1,T6_B1_N5_A,88,112,89.25752326,106.2590116,5.87710068
T6_B1_N5_A_s1200_n2,T6_B1_N5_A,-254,1028,-217.2777782,1024.51216,36.88748575
T6_B1_N5_A_s1200_n3,T6_B1_N5_A,74,829,74.80525971,821.9501447,7.095696074
T6_B1_N5_A_s1200_n4,T6_B1_N5_A,1170,-1,1162.645539,49.90736199,51.4358591
T6_B1_N5_A_s1200_n5,T6_B1_N5_A,646,-1080,447.0240242,-747.4957601,387.4925915
T6_B1_N5_A_s1200_n6,T6_B1_N5_A,-831,800,-613.9369849,733.8167236,226.928576
T6_B1_N5_A_s1200_n7,T6_B1_N5_A,185,68,189.6123564,64.09017085,6.046535827
T6_B1_N5_A_s400_n1,T6_B1_N5_A,872,-600,677.5847489,-321.5982304,339.5656566
T6_B1_N5_A_s400_n2,T6_B1_N5_A,927,-1509,423.4065756,-463.641031,1160.336896
T6_B1_N5_A_s400_n3,T6_B1_N5_A,860,-488,516.1893161,-159.3024348,475.6552068
T6_B1_N5_A_s400_n4,T6_B1_N5_A,676,-622,502.7585156,-287.8293471,376.4075413
T6_B1_N5_A_s400_n5,T6_B1_N5_A,-69,-390,287.4975888,300.4635288,777.0652582
T6_B1_N5_A_s400_n6,T6_B1_N5_A,-93,-317,373.2014602,387.3191747,844.6356027
T6_B1_N5_A_s400_n7,T6_B1_N5_A,-190,-205,-41.53469212,-38.33213587,223.2042217
T6_B1_N5_A_s600_n0,T6_B1_N5_A,1941,571,1269.636679,591.5043072,671.6763618
T6_B1_N5_A_s600_n1,T6_B1_N5_A,418,355,422.1177453,347.5802767,8.485759882
T6_B1_N5_A_s600_n2,T6_B1_N5_A,-508,-117,-283.9603709,8.284052358,256.6901813
T6_B1_N5_A_s600_n3,T6_B1_N5_A,-562,754,-589.1600651,851.692621,101.3978172
T6_B1_N5_A_s600_n4,T6_B1_N5_A,-172,-312,-112.3974844,-183.5568419,141.5983924
T6_B1_N5_A_s600_n5,T6_B1_N5_A,-1440,-524,-1332.431929,-559.3111606,113.2155815
T6_B1_N5_A_s600_n6,T6_B1_N5_A,572,-416,601.4568327,-407.718001,30.5989624
T6_B1_N5_A_s600_n7,T6_B1_N5_A,310,-47,315.8962176,-45.07373351,6.20289324
T6_B1_N5_A_s800_n0,T6_B1_N5_A,-155,1125,-244.8225973,1206.118109,121.0299408
T6_B1_N5_A_s800_n1,T6_B1_N5_A,-345,-242,-261.6141541,-135.3536627,135.3759231
T6_B1_N5_A_s800_n2,T6_B1_N5_A,286,93,272.8927868,105.3653918,18.01948811
T6_B1_N5_A_s800_n3,T6_B1_N5_A,-591,689,-390.5001881,667.3443663,201.6659144
T6_B1_N5_A_s800_n4,T6_B1_N5_A,-214,574,-190.4550427,548.7942602,34.49194587
T6_B1_N5_A_s800_n5,T6_B1_N5_A,654,-148,651.9718484,-135.9443862,12.22502451
T6_B1_N5_A_s800_n6,T6_B1_N5_A,-1085,1171,-530.2444101,950.792436,596.8627445
T6_B1_N5_A_s800_n7,T6_B1_N5_A,-359,302,-375.6408671,287.6628817,21.96523204
T6_B1_N5_B_s1000_n0,T6_B1_N5_B,1245,-1057,1287.815646,-978.8357646,89.12254038
T6_B1_N5_B_s1000_n1,T6_B1_N5_B,281,-519,327.3322571,-407.3445138,120.8868299
T6_B1_N5_B_s1000_n2,T6_B1_N5_B,959,21,969.0702167,32.70355986,15.43964308
T6_B1_N5_B_s1000_n3,T6_B1_N5_B,270,-284,292.0165122,-243.7790333,45.85251328
T6_B1_N5_B_s1000_n4,T6_B1_N5_B,1669,1113,1416.364736,1096.374497,253.1817212
T6_B1_N5_B_s1000_n5,T6_B1_N5_B,1719,-97,1655.043538,-7.265641727,110.1938476
T6_B1_N5_B_s1000_n6,T6_B1_N5_B,-746,386,-637.6421275,523.4569586,175.0309801
T6_B1_N5_B_s1000_n7,T6_B1_N5_B,-1149,1653,-948.9834766,1816.312863,258.2202565
T6_B1_N5_B_s1200_n0,T6_B1_N5_B,527,555,540.0909759,564.0199305,15.89757202
T6_B1_N5_B_s1200_n1,T6_B1_N5_B,-996,1273,-796.2697294,1399.302062,236.3141803
T6_B1_N5_B_s1200_n2,T6_B1_N5_B,1399,1904,1419.238916,2295.381641,391.9045835
T6_B1_N5_B_s1200_n3,T6_B1_N5_B,992,-166,1006.496181,-174.0609527,16.58668842
T6_B1_N5_B_s1200_n4,T6_B1_N5_B,-863,-60,-669.7512737,123.9032081,266.7685517
T6_B1_N5_B_s1200_n5,T6_B1_N5_B,965,1147,969.9258682,1167.533833,21.11640277
T6_B1_N5_B_s1200_n6,T6_B1_N5_B,446,637,456.3242971,646.0199305,13.70949518
T6_B1_N5_B_s1200_n7,T6_B1_N5_B,803,-322,830.1382232,-287.5568848,43.84987274
T6_B1_N5_B_s400_n0,T6_B1_N5_B,-390,311,-290.8638845,304.58318,99.34357036
T6_B1_N5_B_s400_n2,T6_B1_N5_B,1561,-657,858.0123876,-186.8577486,845.7099502
T6_B1_N5_B_s400_n3,T6_B1_N5_B,874,-75,880.1762958,-82.72307188,9.889007458
T6_B1_N5_B_s400_n4,T6_B1_N5_B,1586,-887,1080.834231,-489.8647728,642.5798341
T6_B1_N5_B_s400_n5,T6_B1_N5_B,-90,-173,-87.90426054,-202.3974782,29.47208589
T6_B1_N5_B_s400_n6,T6_B1_N5_B,-825,-1737,63.74382137,-19.49464457,1933.827869
T6_B1_N5_B_s600_n0,T6_B1_N5_B,1253,1623,1009.376621,1650.587472,245.1803814
T6_B1_N5_B_s600_n1,T6_B1_N5_B,116,-464,177.5728084,-278.644187,195.3150996
T6_B1_N5_B_s600_n4,T6_B1_N5_B,168,-428,212.2095344,-333.4679471,104.3589572
T6_B1_N5_B_s600_n5,T6_B1_N5_B,-716,1418,-536.0171202,1446.31213,182.1960859
T6_B1_N5_B_s600_n6,T6_B1_N5_B,-352,-437,-368.7096894,-435.0705661,16.82071445
T6_B1_N5_B_s800_n0,T6_B1_N5_B,724,484,718.4170148,494.0715893,11.51549539
T6_B1_N5_B_s800_n1,T6_B1_N5_B,572,746,576.9258682,749.7553585,6.194101616
T6_B1_N5_B_s800_n2,T6_B1_N5_B,1519,692,1157.124321,679.3273708,362.0975047
T6_B1_N5_B_s800_n3,T6_B1_N5_B,398,607,401.9479206,621.211031,14.74921963
T6_B1_N5_B_s800_n4,T6_B1_N5_B,-763,-312,-655.0583691,-142.741273,200.7483807
T6_B1_N5_B_s800_n5,T6_B1_N5_B,1335,-486,1332.814301,-387.9780192,98.04634615
T6_B1_N5_B_s800_n6,T6_B1_N5_B,1673,862,1006.048992,757.4158132,675.1011025
T6_B1_N5_B_s800_n7,T6_B1_N5_B,-1135,634,-1019.831123,771.7978931,179.5887789
T6_B1_N5_C_s1000_n0,T6_B1_N5_C,1039,716,1016.211723,714.7758002,22.8211361
T6_B1_N5_C_s1000_n1,T6_B1_N5_C,307,297,295.9527559,296.4833848,11.05931701
T6_B1_N5_C_s1000_n2,T6_B1_N5_C,1351,-1538,1181.796942,-1265.532876,320.7304296
T6_B1_N5_C_s1000_n3,T6_B1_N5_C,-491,-179,-427.7794819,-139.310428,74.64647372
T6_B1_N5_C_s1000_n4,T6_B1_N5_C,-742,-908,-679.2016157,-882.171907,67.90233762
T6_B1_N5_C_s1000_n5,T6_B1_N5_C,-109,440,-99.55493592,444.2519375,10.35800212
T6_B1_N5_C_s1000_n6,T6_B1_N5_C,-794,-313,-974.0612799,-532.7024887,284.0620497
T6_B1_N5_C_s1000_n7,T6_B1_N5_C,236,-921,151.0539608,-940.6417303,87.18731072
T6_B1_N5_C_s1200_n0,T6_B1_N5_C,231,1401,216.3614093,1406.853793,15.76563441
T6_B1_N5_C_s1200_n1,T6_B1_N5_C,834,-1129,743.3254925,-994.6070738,162.1213278
T6_B1_N5_C_s1200_n2,T6_B1_N5_C,1119,251,1105.473498,249.7235977,13.5865907
T6_B1_N5_C_s1200_n3,T6_B1_N5_C,868,-99,855.1842696,-92.52547857,14.35835554
T6_B1_N5_C_s1200_n4,T6_B1_N5_C,-480,1103,-400.2713781,1071.246479,85.81922435
T6_B1_N5_C_s1200_n5,T6_B1_N5_C,536,1738,506.5856532,1921.754646,186.0939916
T6_B1_N5_C_s1200_n6,T6_B1_N5_C,-820,1702,-519.6653861,1490.770733,367.1766382
T6_B1_N5_C_s1200_n7,T6_B1_N5_C,-644,1072,-500.6569932,1027.248569,150.1662684
T6_B1_N5_C_s400_n0,T6_B1_N5_C,1766,-759,1078.563968,-501.93741,733.9274301
T6_B1_N5_C_s400_n2,T6_B1_N5_C,2015,875,1225.960906,777.8717293,794.9947123
T6_B1_N5_C_s400_n5,T6_B1_N5_C,1348,568,1528.347441,589.9181507,181.6744472
T6_B1_N5_C_s400_n6,T6_B1_N5_C,-1133,1732,-746.7851024,1352.395997,541.5359138
T6_B1_N5_C_s600_n1,T6_B1_N5_C,1706,318,1107.303792,343.9484934,599.2582697
T6_B1_N5_C_s600_n2,T6_B1_N5_C,350,-45,338.6421767,-55.46197687,15.44192705
T6_B1_N5_C_s600_n3,T6_B1_N5_C,-27,290,-30.5055621,290.7583049,3.586640761
T6_B1_N5_C_s600_n4,T6_B1_N5_C,-520,1631,-301.5260671,1423.374908,301.395153
T6_B1_N5_C_s600_n5,T6_B1_N5_C,2040,-248,1721.473079,-325.9301119,327.9214874
T6_B1_N5_C_s600_n6,T6_B1_N5_C,1950,1508,1852.1523,1384.15605,157.8337615
T6_B1_N5_C_s600_n7,T6_B1_N5_C,-347,-141,-329.602978,-124.8099274,23.76499161
T6_B1_N5_C_s800_n0,T6_B1_N5_C,-247,787,-288.9158103,800.0174061,43.89063694
T6_B1_N5_C_s800_n1,T6_B1_N5_C,366,-563,328.2323248,-463.1770155,106.7287474
T6_B1_N5_C_s800_n2,T6_B1_N5_C,-831,2155,-450.0479167,1767.860118,543.1406615
T6_B1_N5_C_s800_n3,T6_B1_N5_C,-101,1295,-48.56866041,1318.861427,57.60566892
T6_B1_N5_C_s800_n4,T6_B1_N5_C,-762,641,-523.0711315,596.3629944,243.0626802
T6_B1_N5_C_s800_n5,T6_B1_N5_C,-586,-50,-480.535509,47.11177441,143.3647641
T6_B1_N5_C_s800_n6,T6_B1_N5_C,-1,68,-15.99898324,70.42660294,15.19400869
T6_B1_N5_C_s800_n7,T6_B1_N5_C,2033,1230,2265.698779,1585.029078,424.4930712
T6_B1_N5_D_s1000_n0,T6_B1_N5_D,800,1549,775.6175752,1370.761048,179.8989343
T6_B1_N5_D_s1000_n1,T6_B1_N5_D,758,1990,841.642689,1562.854017,435.2583027
T6_B1_N5_D_s1000_n2,T6_B1_N5_D,1840,1649,1834.473254,1816.46105,167.5522252
T6_B1_N5_D_s1000_n3,T6_B1_N5_D,-96,869,-67.49947302,827.7702086,50.12160948
T6_B1_N5_D_s1000_n4,T6_B1_N5_D,973,928,982.4894991,913.4686649,17.35541105
T6_B1_N5_D_s1000_n5,T6_B1_N5_D,-737,549,-213.5219452,397.445977,544.9751331
T6_B1_N5_D_s1000_n6,T6_B1_N5_D,246,-937,28.58182629,-655.6876468,355.5380462
T6_B1_N5_D_s1000_n7,T6_B1_N5_D,790,-851,611.5905306,-489.9616606,402.7140689
T6_B1_N5_D_s1200_n0,T6_B1_N5_D,-547,465,-535.001617,288.4083066,176.9988344
T6_B1_N5_D_s1200_n1,T6_B1_N5_D,686,358,688.2146957,338.4317573,19.69317139
T6_B1_N5_D_s1200_n2,T6_B1_N5_D,-381,285,-325.9949148,201.8468412,99.69958478
T6_B1_N5_D_s1200_n3,T6_B1_N5_D,-469,1524,-50.94508065,1260.928081,493.9400271
T6_B1_N5_D_s1200_n4,T6_B1_N5_D,970,956,972.2146957,941.6832901,14.48699625
T6_B1_N5_D_s1200_n5,T6_B1_N5_D,-672,349,-578.6213653,295.2602208,107.7382629
T6_B1_N5_D_s1200_n6,T6_B1_N5_D,-336,528,-314.4262876,487.0051064,46.32500806
T6_B1_N5_D_s1200_n7,T6_B1_N5_D,1178,-32,1173.406512,-48.29428832,16.92938167
T6_B1_N5_D_s400_n0,T6_B1_N5_D,298,-24,299.1615856,-42.88511437,18.92080404
T6_B1_N5_D_s400_n1,T6_B1_N5_D,-521,-1123,857.0706668,1194.033319,2695.871318
T6_B1_N5_D_s400_n2,T6_B1_N5_D,-202,-372,-231.7688042,-437.3391996,71.80106345
T6_B1_N5_D_s400_n3,T6_B1_N5_D,1418,-349,91.47586298,208.736426,1439.005284
T6_B1_N5_D_s400_n4,T6_B1_N5_D,-43,-240,-113.1178004,-321.7927391,107.733737
T6_B1_N5_D_s400_n6,T6_B1_N5_D,-49,-281,-171.9418012,-472.6371169,227.68283
T6_B1_N5_D_s400_n7,T6_B1_N5_D,-383,-4,-297.4824004,-27.97873068,88.81576077
T6_B1_N5_D_s600_n0,T6_B1_N5_D,-53,93,-58.22001852,70.32714573,23.2660034
T6_B1_N5_D_s600_n1,T6_B1_N5_D,2075,921,2065.672384,1204.150021,283.3036163
T6_B1_N5_D_s600_n2,T6_B1_N5_D,290,-937,109.8979913,-643.5505455,344.3099125
T6_B1_N5_D_s600_n3,T6_B1_N5_D,546,-145,548.9772466,-188.6095711,43.71108195
T6_B1_N5_D_s600_n5,T6_B1_N5_D,-45,349,-46.96853024,317.484451,31.57696854
T6_B1_N5_D_s600_n6,T6_B1_N5_D,-383,316,-369.7214515,285.8564426,32.93863841
T6_B1_N5_D_s600_n7,T6_B1_N5_D,241,-399,225.0732394,-291.1556121,109.0140987
T6_B1_N5_D_s800_n0,T6_B1_N5_D,126,1290,141.1070211,1179.083722,111.9403535
T6_B1_N5_D_s800_n1,T6_B1_N5_D,595,-195,591.8270256,-210.7304696,16.04728765
T6_B1_N5_D_s800_n2,T6_B1_N5_D,393,190,395.209403,170.6486532,19.47706559
T6_B1_N5_D_s800_n3,T6_B1_N5_D,780,1775,784.1463319,1348.128246,426.8918907
T6_B1_N5_D_s800_n4,T6_B1_N5_D,120,-311,126.0189684,-267.2514282,44.16067833
T6_B1_N5_D_s800_n5,T6_B1_N5_D,1847,-598,1387.528765,-247.4653101,577.917282
T6_B1_N5_D_s800_n6,T6_B1_N5_D,-181,1376,379.4886466,456.1642403,1077.146855
T6_B1_N5_D_s800_n7,T6_B1_N5_D,-251,-512,-215.4466712,-556.2934699,56.79745296
T6_B2_N15_A_s1000_n0,T6_B2_N15_A,1658,-93,1535.400562,-115.2895245,124.609169
T6_B2_N15_A_s1000_n1,T6_B2_N15_A,-663,-318,-770.4537697,-443.6622713,165.3400104
T6_B2_N15_A_s1000_n2,T6_B2_N15_A,131,853,139.3745354,848.3903234,9.559391273
T6_B2_N15_A_s1000_n3,T6_B2_N15_A,-123,839,-117.4102722,848.1673711,10.73712023
T6_B2_N15_A_s1000_n4,T6_B2_N15_A,357,-588,332.5509249,-740.1973192,154.1485688
T6_B2_N15_A_s1000_n5,T6_B2_N15_A,1291,1640,1305.373108,1509.229358,131.5581509
T6_B2_N15_A_s1000_n6,T6_B2_N15_A,822,-481,770.8845257,-495.1300172,53.03252865
T6_B2_N15_A_s1000_n7,T6_B2_N15_A,-147,1638,-584.1269398,2116.726321,648.2737477
T6_B2_N15_A_s1200_n0,T6_B2_N15_A,-652,-821,-338.6755269,-481.9286802,461.6725954
T6_B2_N15_A_s1200_n1,T6_B2_N15_A,1903,1814,2362.146165,2035.546345,509.8019059
T6_B2_N15_A_s1200_n2,T6_B2_N15_A,-260,-764,-88.70862729,-571.4858539,257.6866912
T6_B2_N15_A_s1200_n3,T6_B2_N15_A,324,-430,284.116219,-546.5025863,123.1404426
T6_B2_N15_A_s1200_n4,T6_B2_N15_A,577,298,574.2469104,293.3903234,5.369228998
T6_B2_N15_A_s1200_n5,T6_B2_N15_A,252,-91,256.621362,-92.39561437,4.827496854
T6_B2_N15_A_s1200_n6,T6_B2_N15_A,1537,-660,1542.281567,-786.9332818,127.0431147
T6_B2_N15_A_s1200_n7,T6_B2_N15_A,628,708,625.2469104,703.3903234,5.369228998
T6_B2_N15_A_s400_n0,T6_B2_N15_A,35,-158,36.61088316,-136.9455807,21.11595404
T6_B2_N15_A_s400_n2,T6_B2_N15_A,-1011,979,-637.673904,739.1772866,443.7198528
T6_B2_N15_A_s400_n3,T6_B2_N15_A,-830,658,-570.4050118,569.3854555,274.3029263
T6_B2_N15_A_s400_n4,T6_B2_N15_A,-306,273,-288.0278755,287.4194508,23.04165406
T6_B2_N15_A_s400_n7,T6_B2_N15_A,364,-246,285.2741154,-225.5184013,81.34654749
T6_B2_N15_A_s600_n0,T6_B2_N15_A,67,-128,58.30581453,-144.9160123,19.01947246
T6_B2_N15_A_s600_n1,T6_B2_N15_A,-28,1710,-100.5716614,1173.616153,541.2709835
T6_B2_N15_A_s600_n3,T6_B2_N15_A,-800,-1097,-240.1143043,-401.3029467,893.0097324
T6_B2_N15_A_s600_n4,T6_B2_N15_A,979,1323,892.6942997,1058.388882,278.3302311
T6_B2_N15_A_s600_n5,T6_B2_N15_A,-24,-86,0.124802432,-41.82274772,50.3352333
T6_B2_N15_A_s600_n6,T6_B2_N15_A,313,1552,219.6664494,1128.597135,433.5679161
T6_B2_N15_A_s600_n7,T6_B2_N15_A,956,-306,904.943793,-330.6696906,56.70387915
T6_B2_N15_A_s800_n0,T6_B2_N15_A,-681,1448,-569.3536145,1342.457523,153.6363556
T6_B2_N15_A_s800_n1,T6_B2_N15_A,1565,-138,1391.9467,-143.3754882,173.1367685
T6_B2_N15_A_s800_n2,T6_B2_N15_A,462,-405,426.370295,-476.9841318,80.31930722
T6_B2_N15_A_s800_n3,T6_B2_N15_A,1643,592,1323.070023,590.9928704,319.9315623
T6_B2_N15_A_s800_n4,T6_B2_N15_A,1433,-993,1253.4123,-794.9900507,267.3194379
T6_B2_N15_A_s800_n5,T6_B2_N15_A,-360,1281,-352.6253794,1265.575136,17.09711844
T6_B2_N15_A_s800_n6,T6_B2_N15_A,38,-636,78.53267272,-600.3985219,53.94777846
T6_B2_N15_A_s800_n7,T6_B2_N15_A,583,-55,577.8838365,-55.52411823,5.142939743
T6_B2_N15_B_s1000_n0,T6_B2_N15_B,177,-373,120.7256913,-551.8226293,187.4682121
T6_B2_N15_B_s1000_n1,T6_B2_N15_B,1846,1958,1684.305115,1617.675753,376.7835308
T6_B2_N15_B_s1000_n2,T6_B2_N15_B,194,917,173.1082369,861.758026,59.06048985
T6_B2_N15_B_s1000_n3,T6_B2_N15_B,1098,1813,1017.208696,1457.736454,364.3342176
T6_B2_N15_B_s1000_n4,T6_B2_N15_B,832,-106,810.9585896,-153.138772,51.6217471
T6_B2_N15_B_s1000_n5,T6_B2_N15_B,135,-533,71.26363235,-652.2810512,135.2416124
T6_B2_N15_B_s1000_n6,T6_B2_N15_B,-654,-91,-603.0230796,-174.3183113,97.67593057
T6_B2_N15_B_s1000_n7,T6_B2_N15_B,-35,-19,-46.55634061,-62.55031886,45.05751082
T6_B2_N15_B_s1200_n0,T6_B2_N15_B,1219,2137,1188.736651,1972.798191,166.9673747
T6_B2_N15_B_s1200_n1,T6_B2_N15_B,-814,609,-1000.817506,396.0343747,283.2933783
T6_B2_N15_B_s1200_n2,T6_B2_N15_B,2,-225,-11.19822009,-359.3467954,134.9935348
T6_B2_N15_B_s1200_n3,T6_B2_N15_B,-885,-1099,-496.0456885,-729.4743403,536.502255
T6_B2_N15_B_s1200_n4,T6_B2_N15_B,1723,-661,1672.852949,-686.9942695,56.48388102
T6_B2_N15_B_s1200_n5,T6_B2_N15_B,1004,-44,976.4263443,-91.17649893,54.64365051
T6_B2_N15_B_s1200_n6,T6_B2_N15_B,-813,-347,-753.8884181,-402.4156262,81.0251241
T6_B2_N15_B_s1200_n7,T6_B2_N15_B,1038,571,1029.425817,491.9710173,79.49274634
T6_B2_N15_B_s400_n0,T6_B2_N15_B,-449,797,-405.9522081,659.2582921,144.3117822
T6_B2_N15_B_s400_n1,T6_B2_N15_B,-27,226,-45.74250349,174.6628653,54.65146694
T6_B2_N15_B_s400_n2,T6_B2_N15_B,1308,1180,1117.719665,847.7754496,382.8573596
T6_B2_N15_B_s400_n3,T6_B2_N15_B,819,-142,843.6492423,-266.8908167,127.3000442
T6_B2_N15_B_s400_n4,T6_B2_N15_B,245,858,220.0605755,720.7696893,139.4780738
T6_B2_N15_B_s400_n6,T6_B2_N15_B,345,1796,280.1851366,1186.238408,613.1966775
T6_B2_N15_B_s400_n7,T6_B2_N15_B,417,2324,333.5964822,1139.330989,1187.601285
T6_B2_N15_B_s600_n0,T6_B2_N15_B,1385,-477,1441.359781,-623.6571827,157.1138257
T6_B2_N15_B_s600_n1,T6_B2_N15_B,-179,410,-227.8250862,323.207434,99.58332466
T6_B2_N15_B_s600_n2,T6_B2_N15_B,1121,-338,1025.461726,-319.7214171,97.27110741
T6_B2_N15_B_s600_n3,T6_B2_N15_B,154,-484,111.4661897,-641.8237149,163.4547338
T6_B2_N15_B_s600_n4,T6_B2_N15_B,125,234,108.7079662,182.9865867,53.55183194
T6_B2_N15_B_s600_n5,T6_B2_N15_B,1268,-342,1340.286546,-483.1929119,158.6215092
T6_B2_N15_B_s600_n6,T6_B2_N15_B,2126,385,1724.151915,293.4130296,412.1529531
T6_B2_N15_B_s600_n7,T6_B2_N15_B,329,-215,304.365983,-225.1794495,26.65438026
T6_B2_N15_B_s800_n0,T6_B2_N15_B,-312,-507,-346.1141799,-692.8535183,188.958481
T6_B2_N15_B_s800_n1,T6_B2_N15_B,659,1815,656.1397481,1778.448239,36.66350008
T6_B2_N15_B_s800_n2,T6_B2_N15_B,188,-369,148.2828054,-478.7285739,116.6953961
T6_B2_N15_B_s800_n3,T6_B2_N15_B,299,-609,250.2091342,-766.1427731,164.5430027
T6_B2_N15_B_s800_n4,T6_B2_N15_B,-437,-405,-154.7961325,-196.9903204,350.5810173
T6_B2_N15_B_s800_n5,T6_B2_N15_B,-788,572,-820.3531429,385.6560046,189.1317279
T6_B2_N15_B_s800_n6,T6_B2_N15_B,2101,-190,2016.897241,-260.6670129,109.850356
T6_B2_N15_B_s800_n7,T6_B2_N15_B,-386,-105,-277.0827323,-141.767362,114.9556876
T6_B2_N15_C_s1000_n0,T6_B2_N15_C,-247,1006,-169.1776746,943.079338,100.0765908
T6_B2_N15_C_s1000_n1,T6_B2_N15_C,1334,1619,1246.553491,1331.588612,300.4200362
T6_B2_N15_C_s1000_n2,T6_B2_N15_C,581,934,572.9680044,903.0323727,31.99229426
T6_B2_N15_C_s1000_n3,T6_B2_N15_C,1625,455,1433.200092,606.4147576,244.3637324
T6_B2_N15_C_s1000_n4,T6_B2_N15_C,-4,-15,-0.263097071,-29.15285347,14.63788594
T6_B2_N15_C_s1000_n5,T6_B2_N15_C,455,805,447.2491611,773.9820187,31.9717167
T6_B2_N15_C_s1000_n6,T6_B2_N15_C,-210,480,-218.0176941,451.8011906,29.3164846
T6_B2_N15_C_s1000_n7,T6_B2_N15_C,195,-188,311.0592195,145.8837383,353.4799756
T6_B2_N15_C_s1200_n0,T6_B2_N15_C,564,535,556.2491611,504.5092383,31.46048399
T6_B2_N15_C_s1200_n1,T6_B2_N15_C,162,-878,279.3434571,-491.1434229,404.2616704
T6_B2_N15_C_s1200_n2,T6_B2_N15_C,1073,1115,1062.438557,1082.217953,34.44135115
T6_B2_N15_C_s1200_n3,T6_B2_N15_C,1042,958,1077.178214,959.9732201,35.23351171
T6_B2_N15_C_s1200_n4,T6_B2_N15_C,-288,-517,-376.9420201,-432.5131248,122.6732042
T6_B2_N15_C_s1200_n5,T6_B2_N15_C,957,-561,891.8600446,-301.8882534,267.1743083
T6_B2_N15_C_s1200_n6,T6_B2_N15_C,1157,1148,1146.550836,1110.052949,39.3594173
T6_B2_N15_C_s1200_n7,T6_B2_N15_C,948,927,940.2491611,896.5092383,31.46048399
T6_B2_N15_C_s400_n0,T6_B2_N15_C,597,-1450,494.4737045,-480.5191365,974.8870632
T6_B2_N15_C_s400_n2,T6_B2_N15_C,-227,312,-211.173083,272.215048,42.81744629
T6_B2_N15_C_s400_n3,T6_B2_N15_C,1606,552,1290.165964,683.4902987,342.1123162
T6_B2_N15_C_s400_n4,T6_B2_N15_C,-926,760,-331.9543837,454.9443838,667.7942222
T6_B2_N15_C_s400_n5,T6_B2_N15_C,290,32,275.7534676,6.864384334,28.89226298
T6_B2_N15_C_s400_n6,T6_B2_N15_C,-289,-202,-283.9462864,-223.9413514,22.51583716
T6_B2_N15_C_s400_n7,T6_B2_N15_C,-1452,259,-826.483056,227.3560829,626.3168405
T6_B2_N15_C_s600_n0,T6_B2_N15_C,1468,-34,1228.494372,142.8555383,297.7260942
T6_B2_N15_C_s600_n1,T6_B2_N15_C,-274,-1511,-114.5939393,-995.9004751,539.2010875
T6_B2_N15_C_s600_n2,T6_B2_N15_C,-277,330,-268.3920135,301.168781,30.08881219
T6_B2_N15_C_s600_n3,T6_B2_N15_C,245,501,237.1688046,469.8931602,32.07745474
T6_B2_N15_C_s600_n4,T6_B2_N15_C,-958,-468,-729.7288944,-251.0025806,314.9532944
T6_B2_N15_C_s600_n5,T6_B2_N15_C,1198,1445,1029.398414,1064.220011,416.4371444
T6_B2_N15_C_s600_n7,T6_B2_N15_C,-382,375,-382.8435399,355.5067204,19.51152248
T6_B2_N15_C_s800_n0,T6_B2_N15_C,467,-144,504.9983401,-67.84498731,85.10851781
T6_B2_N15_C_s800_n1,T6_B2_N15_C,-740,-648,-1008.303967,-682.1735007,270.4715273
T6_B2_N15_C_s800_n2,T6_B2_N15_C,74,554,65.46359475,523.8265908,31.35769183
T6_B2_N15_C_s800_n3,T6_B2_N15_C,-909,1025,-658.969359,920.2820833,271.0740923
T6_B2_N15_C_s800_n4,T6_B2_N15_C,-760,-588,-957.5813064,-586.925229,197.5842296
T6_B2_N15_C_s800_n5,T6_B2_N15_C,-502,1121,-352.5316767,1022.284923,179.1241081
T6_B2_N15_C_s800_n6,T6_B2_N15_C,538,309,530.2491611,278.5092383,31.46048399
T6_B2_N15_C_s800_n7,T6_B2_N15_C,-103,1246,-106.9666461,1245.230746,4.04054855
T6_B2_N15_D_s1000_n0,T6_B2_N15_D,1288,1637,1282.08517,1500.702933,136.4253487
T6_B2_N15_D_s1000_n1,T6_B2_N15_D,1183,891,1217.591858,897.7387167,35.24211842
T6_B2_N15_D_s1000_n2,T6_B2_N15_D,-216,-300,-296.8988262,-400.5701278,129.0696351
T6_B2_N15_D_s1000_n3,T6_B2_N15_D,193,1558,271.827019,1519.480485,87.73512407
T6_B2_N15_D_s1000_n4,T6_B2_N15_D,-116,551,-107.8039602,515.305276,36.62360432
T6_B2_N15_D_s1000_n5,T6_B2_N15_D,1348,1160,1297.456481,1072.666305,100.9050126
T6_B2_N15_D_s1000_n6,T6_B2_N15_D,-409,366,-421.5425544,270.4225409,96.39692091
T6_B2_N15_D_s1000_n7,T6_B2_N15_D,-867,-590,-832.3993738,-641.2275233,61.81797856
T6_B2_N15_D_s1200_n0,T6_B2_N15_D,908,-423,897.9689039,-377.8488499,46.2520188
T6_B2_N15_D_s1200_n1,T6_B2_N15_D,-1048,-764,-853.7954958,-658.0522912,221.2245611
T6_B2_N15_D_s1200_n2,T6_B2_N15_D,-365,1212,-295.4198432,1107.380474,125.64491
T6_B2_N15_D_s1200_n3,T6_B2_N15_D,-513,369,-557.8208802,258.6909132,119.0672329
T6_B2_N15_D_s1200_n4,T6_B2_N15_D,1551,473,1577.200427,450.4196038,34.58810019
T6_B2_N15_D_s1200_n5,T6_B2_N15_D,-92,-1039,-445.7844487,-1595.915088,659.7862162
T6_B2_N15_D_s1200_n6,T6_B2_N15_D,1968,-63,2005.128445,-211.671289,153.2373115
T6_B2_N15_D_s1200_n7,T6_B2_N15_D,1600,-275,1584.632964,-310.5789127,38.75570692
T6_B2_N15_D_s400_n0,T6_B2_N15_D,-836,1030,-495.7967876,737.9906977,448.3387764
T6_B2_N15_D_s400_n1,T6_B2_N15_D,-475,1790,-101.8496665,1024.781371,851.3522901
T6_B2_N15_D_s400_n2,T6_B2_N15_D,756,-1401,534.727596,-813.0377343,628.2205844
T6_B2_N15_D_s400_n3,T6_B2_N15_D,-351,-203,-402.4217905,-259.7629356,76.59132712
T6_B2_N15_D_s400_n4,T6_B2_N15_D,-7,0,-22.16422345,-17.10256426,22.8571953
T6_B2_N15_D_s400_n6,T6_B2_N15_D,485,-511,436.0154914,-402.4033812,119.1331511
T6_B2_N15_D_s400_n7,T6_B2_N15_D,1039,-543,692.8474038,-225.9711735,469.3920501
T6_B2_N15_D_s600_n0,T6_B2_N15_D,-588,-287,-469.2201655,-245.7040605,125.7537423
T6_B2_N15_D_s600_n1,T6_B2_N15_D,197,-393,195.4818627,-340.2824424,52.73941245
T6_B2_N15_D_s600_n2,T6_B2_N15_D,-455,995,-377.5127758,845.0096099,168.8235381
T6_B2_N15_D_s600_n3,T6_B2_N15_D,939,-695,986.6571935,-792.9894409,108.9639326
T6_B2_N15_D_s600_n4,T6_B2_N15_D,57,-1251,124.9515779,-269.9432032,983.4072684
T6_B2_N15_D_s600_n5,T6_B2_N15_D,-370,2230,21.71007444,1122.827977,1174.421845
T6_B2_N15_D_s600_n7,T6_B2_N15_D,82,-910,103.8455437,-517.8362837,392.7716998
T6_B2_N15_D_s800_n0,T6_B2_N15_D,1783,-367,1699.587703,-467.1018331,130.2996094
T6_B2_N15_D_s800_n1,T6_B2_N15_D,-829,1712,-509.1194966,1327.368631,500.2647563
T6_B2_N15_D_s800_n3,T6_B2_N15_D,770,299,787.0020311,304.9217764,18.00379118
T6_B2_N15_D_s800_n4,T6_B2_N15_D,-304,144,-333.4482021,75.06204221,74.96424904
T6_B2_N15_D_s800_n6,T6_B2_N15_D,2205,1754,1743.040605,1332.127872,625.6057671
T6_B2_N15_D_s800_n7,T6_B2_N15_D,280,-259,290.0910464,-217.9868296,42.2363512
T6_B2_N23_A_s1000_n0,T6_B2_N23_A,658,-393,615.246411,-397.3514985,42.97446811
T6_B2_N23_A_s1000_n1,T6_B2_N23_A,983,95,977.8109451,92.28739442,5.85529844
T6_B2_N23_A_s1000_n2,T6_B2_N23_A,761,551,761.036399,548.2457268,2.754513721
T6_B2_N23_A_s1000_n3,T6_B2_N23_A,906,1208,922.9532512,1233.543038,30.6571282
T6_B2_N23_A_s1000_n4,T6_B2_N23_A,846,211,844.1240382,209.9824947,2.134139074
T6_B2_N23_A_s1000_n5,T6_B2_N23_A,648,-410,604.6655186,-408.7240616,43.35326168
T6_B2_N23_A_s1000_n6,T6_B2_N23_A,943,-412,886.2677279,-402.8774494,57.46104443
T6_B2_N23_A_s1000_n7,T6_B2_N23_A,240,466,242.2890671,463.2457268,3.581319484
T6_B2_N23_A_s1200_n0,T6_B2_N23_A,-116,-266,-61.8546271,-249.6895999,56.54865655
T6_B2_N23_A_s1200_n1,T6_B2_N23_A,976,834,907.4179416,828.9840426,68.76524241
T6_B2_N23_A_s1200_n2,T6_B2_N23_A,1428,1216,1356.163262,1201.8268,73.22155814
T6_B2_N23_A_s1200_n3,T6_B2_N23_A,-116,1073,-90.24742996,1061.581318,28.17057277
T6_B2_N23_A_s1200_n4,T6_B2_N23_A,168,-266,150.2968157,-339.6982258,75.79466486
T6_B2_N23_A_s1200_n5,T6_B2_N23_A,597,360,590.0340527,346.3135693,15.35717447
T6_B2_N23_A_s1200_n6,T6_B2_N23_A,-116,-266,-61.8546271,-249.6895999,56.54865655
T6_B2_N23_A_s1200_n7,T6_B2_N23_A,1209,1147,1192.743968,1142.428537,16.88658766
T6_B2_N23_A_s400_n0,T6_B2_N23_A,-285,1059,79.94311725,440.7039865,717.9647896
T6_B2_N23_A_s400_n1,T6_B2_N23_A,-206,162,-203.8842848,162.9718656,2.328255507
T6_B2_N23_A_s400_n2,T6_B2_N23_A,-325,210,-358.9933269,200.256507,35.36215395
T6_B2_N23_A_s400_n3,T6_B2_N23_A,345,251,343.2218397,248.3936279,3.155159203
T6_B2_N23_A_s400_n5,T6_B2_N23_A,661,863,417.8873025,536.0246794,407.4514007
T6_B2_N23_A_s400_n6,T6_B2_N23_A,339,-143,361.6142912,-61.12502417,84.94067244
T6_B2_N23_A_s400_n7,T6_B2_N23_A,46,-994,5.65950455,-374.2186536,621.0928054
T6_B2_N23_A_s600_n0,T6_B2_N23_A,394,749,412.1427894,767.3274662,25.78869569
T6_B2_N23_A_s600_n1,T6_B2_N23_A,-382,-80,-268.4684766,-44.97658565,118.810969
T6_B2_N23_A_s600_n2,T6_B2_N23_A,-359,153,-303.5706323,123.8789781,62.61348677
T6_B2_N23_A_s600_n3,T6_B2_N23_A,425,488,425.036399,485.2457268,2.754513721
T6_B2_N23_A_s600_n4,T6_B2_N23_A,-283,57,-244.6362391,40.24135081,41.86442964
T6_B2_N23_A_s600_n5,T6_B2_N23_A,-693,728,-51.60671728,381.3799919,729.0615702
T6_B2_N23_A_s600_n6,T6_B2_N23_A,663,1250,446.5084565,784.4407908,513.4335066
T6_B2_N23_A_s600_n7,T6_B2_N23_A,-252,-469,-161.9312784,-427.4359488,99.19649671
T6_B2_N23_A_s800_n0,T6_B2_N23_A,-234,-475,-151.898158,-440.857941,88.91789836
T6_B2_N23_A_s800_n1,T6_B2_N23_A,1231,-54,1192.558042,-125.3255188,81.02538979
T6_B2_N23_A_s800_n2,T6_B2_N23_A,1412,-624,773.995346,20.20272302,906.6681239
T6_B2_N23_A_s800_n3,T6_B2_N23_A,155,1004,303.3644014,758.8014536,286.590863
T6_B2_N23_A_s800_n4,T6_B2_N23_A,972,-162,805.5388439,-76.29880069,187.227167
T6_B2_N23_A_s800_n5,T6_B2_N23_A,745,-168,634.1233659,-83.73660766,139.2621531
T6_B2_N23_A_s800_n6,T6_B2_N23_A,-516,-221,-273.2408693,-98.35387696,271.9817403
T6_B2_N23_A_s800_n7,T6_B2_N23_A,-274,-41,-189.6657173,-12.82343299,88.91675976
T6_B2_N23_B_s1000_n0,T6_B2_N23_B,-32,-1162,53.43138879,-931.013103,246.2792496
T6_B2_N23_B_s1000_n1,T6_B2_N23_B,-187,1883,-351.4839979,2339.613653,485.3359806
T6_B2_N23_B_s1000_n2,T6_B2_N23_B,-866,703,-531.1722468,580.5591847,356.5128014
T6_B2_N23_B_s1000_n3,T6_B2_N23_B,1038,766,746.1667511,673.9538927,306.005116
T6_B2_N23_B_s1000_n4,T6_B2_N23_B,-420,454,-321.8754296,389.2659008,117.5539659
T6_B2_N23_B_s1000_n5,T6_B2_N23_B,-155,-919,25.36882527,-581.7634561,382.4413676
T6_B2_N23_B_s1000_n6,T6_B2_N23_B,820,-989,719.9843894,-951.0309471,106.9802381
T6_B2_N23_B_s1000_n7,T6_B2_N23_B,230,362,206.5430996,352.5916592,25.27336644
T6_B2_N23_B_s1200_n0,T6_B2_N23_B,8,766,6.514665492,752.1369773,13.94236765
T6_B2_N23_B_s1200_n1,T6_B2_N23_B,1063,-537,947.1621021,-328.8617672,238.2014747
T6_B2_N23_B_s1200_n2,T6_B2_N23_B,1320,750,1243.545866,724.7668522,80.5105359
T6_B2_N23_B_s1200_n3,T6_B2_N23_B,476,368,473.240219,370.1306138,3.486532156
T6_B2_N23_B_s1200_n4,T6_B2_N23_B,913,205,877.0531754,214.0091714,37.05859369
T6_B2_N23_B_s1200_n5,T6_B2_N23_B,347,-172,336.7047341,-99.73653983,72.99315156
T6_B2_N23_B_s1200_n6,T6_B2_N23_B,-21,1365,-1.583264264,1397.421406,37.79096712
T6_B2_N23_B_s1200_n7,T6_B2_N23_B,-892,1159,-634.0013038,1056.394903,277.6529007
T6_B2_N23_B_s400_n0,T6_B2_N23_B,1667,-34,1150.595241,42.02924639,521.9715718
T6_B2_N23_B_s400_n1,T6_B2_N23_B,-975,-352,-472.4931511,-49.39361919,586.586528
T6_B2_N23_B_s400_n2,T6_B2_N23_B,384,-261,369.4833856,-224.1415556,39.61410127
T6_B2_N23_B_s400_n3,T6_B2_N23_B,-364,1973,-327.9349451,1627.089711,347.785302
T6_B2_N23_B_s400_n6,T6_B2_N23_B,1645,-904,602.1961938,-95.5905272,1319.456575
T6_B2_N23_B_s400_n7,T6_B2_N23_B,-165,239,-150.0217795,235.9545321,15.28469707
T6_B2_N23_B_s600_n0,T6_B2_N23_B,53,397,46.85952206,400.5085827,7.072172371
T6_B2_N23_B_s600_n1,T6_B2_N23_B,202,415,199.5350392,415.4770017,2.510689586
T6_B2_N23_B_s600_n2,T6_B2_N23_B,-230,-152,-162.4086159,-89.53975245,92.03193864
T6_B2_N23_B_s600_n3,T6_B2_N23_B,-389,477,-178.4567224,402.8912197,223.2052488
T6_B2_N23_B_s600_n4,T6_B2_N23_B,-13,-403,155.1308727,-75.1074742,368.485412
T6_B2_N23_B_s600_n5,T6_B2_N23_B,-494,572,-361.1185672,500.8352608,150.7378363
T6_B2_N23_B_s600_n6,T6_B2_N23_B,1521,-437,1135.920942,-312.0905364,404.8311438
T6_B2_N23_B_s600_n7,T6_B2_N23_B,-454,139,685.7397734,391.8990582,1167.460785
T6_B2_N23_B_s800_n0,T6_B2_N23_B,-701,1732,-370.0870661,1490.966808,409.390241
T6_B2_N23_B_s800_n1,T6_B2_N23_B,624,638,594.4788311,598.919599,48.97731262
T6_B2_N23_B_s800_n2,T6_B2_N23_B,851,-157,791.6865304,-14.86293963,154.0163355
T6_B2_N23_B_s800_n3,T6_B2_N23_B,-677,-671,-744.6847113,-786.0866716,133.5146513
T6_B2_N23_B_s800_n4,T6_B2_N23_B,27,1486,-71.86255571,1537.34225,111.3994235
T6_B2_N23_B_s800_n5,T6_B2_N23_B,43,-397,156.6311335,-206.5543664,221.7691905
T6_B2_N23_B_s800_n6,T6_B2_N23_B,-267,318,-265.4980777,299.4321961,18.62844904
T6_B2_N23_B_s800_n7,T6_B2_N23_B,880,1764,754.2623428,1490.131718,301.3532714
T6_B2_N23_C_s1000_n0,T6_B2_N23_C,1529,1806,1237.173721,1519.529278,408.9352658
T6_B2_N23_C_s1000_n1,T6_B2_N23_C,-585,703,-508.7471583,533.4086608,185.945471
T6_B2_N23_C_s1000_n2,T6_B2_N23_C,-431,-65,-554.1013498,-172.9573223,163.7337038
T6_B2_N23_C_s1000_n3,T6_B2_N23_C,-842,793,-696.7866256,611.3052381,232.5938749
T6_B2_N23_C_s1000_n4,T6_B2_N23_C,-391,-993,-521.1347891,-1078.81459,155.88203
T6_B2_N23_C_s1000_n5,T6_B2_N23_C,-140,836,-25.27054427,716.3647727,165.7571586
T6_B2_N23_C_s1000_n6,T6_B2_N23_C,769,1981,643.6492661,1790.663532,227.9051939
T6_B2_N23_C_s1000_n7,T6_B2_N23_C,68,1163,146.6362034,1035.899351,149.4597855
T6_B2_N23_C_s1200_n0,T6_B2_N23_C,-282,-1133,-261.8956321,-929.1133147,204.8754892
T6_B2_N23_C_s1200_n1,T6_B2_N23_C,659,-354,595.631357,-378.4617227,67.92614216
T6_B2_N23_C_s1200_n2,T6_B2_N23_C,1171,616,1164.308609,617.7052079,6.905247612
T6_B2_N23_C_s1200_n3,T6_B2_N23_C,-269,-811,-346.65582,-873.463151,99.65977932
T6_B2_N23_C_s1200_n4,T6_B2_N23_C,540,242,530.2217307,256.5527979,17.53278292
T6_B2_N23_C_s1200_n5,T6_B2_N23_C,-325,200,-505.9449408,37.02147817,243.522217
T6_B2_N23_C_s1200_n6,T6_B2_N23_C,-444,-1119,-585.4986746,-1221.884103,174.9486027
T6_B2_N23_C_s1200_n7,T6_B2_N23_C,87,-1129,66.68883675,-976.6134639,153.7341853
T6_B2_N23_C_s400_n0,T6_B2_N23_C,580,505,558.0006477,489.4568084,26.93626379
T6_B2_N23_C_s400_n1,T6_B2_N23_C,857,-1117,523.1521665,-574.3281692,637.1397742
T6_B2_N23_C_s400_n2,T6_B2_N23_C,17,-26,16.63588507,-0.591665709,25.41094314
T6_B2_N23_C_s400_n3,T6_B2_N23_C,-874,-459,-691.4586509,-403.3173741,190.8452225
T6_B2_N23_C_s400_n4,T6_B2_N23_C,-339,2019,-57.51764223,1328.405,745.7571803
T6_B2_N23_C_s400_n6,T6_B2_N23_C,-336,-241,-398.2527537,-322.0062194,102.1636576
T6_B2_N23_C_s400_n7,T6_B2_N23_C,-1009,1082,-602.1050649,733.1062618,535.9947096
T6_B2_N23_C_s600_n0,T6_B2_N23_C,938,-1685,552.6246536,-809.5145743,956.5505152
T6_B2_N23_C_s600_n1,T6_B2_N23_C,65,543,47.18503208,525.2720213,25.13273382
T6_B2_N23_C_s600_n2,T6_B2_N23_C,-1337,1095,-905.8104124,780.507242,533.6948147
T6_B2_N23_C_s600_n3,T6_B2_N23_C,1411,-892,1052.264421,-697.0055092,408.3063394
T6_B2_N23_C_s600_n4,T6_B2_N23_C,1016,554,816.07393,427.1641665,236.7652046
T6_B2_N23_C_s600_n5,T6_B2_N23_C,-378,-413,-416.5836046,-435.858316,44.84637278
T6_B2_N23_C_s600_n6,T6_B2_N23_C,974,-287,840.3241006,-182.6963792,169.5538009
T6_B2_N23_C_s600_n7,T6_B2_N23_C,-793,1234,-400.5871665,890.798557,521.3204987
T6_B2_N23_C_s800_n0,T6_B2_N23_C,1812,-556,1479.783871,-399.8760484,367.0725332
T6_B2_N23_C_s800_n1,T6_B2_N23_C,1110,278,1103.459742,215.5753552,62.76632257
T6_B2_N23_C_s800_n2,T6_B2_N23_C,188,377,178.2217307,391.5527979,17.53278292
T6_B2_N23_C_s800_n3,T6_B2_N23_C,985,-868,809.8400548,-766.3910534,202.4978627
T6_B2_N23_C_s800_n4,T6_B2_N23_C,-355,-1437,-430.7398755,-1417.957195,78.09710078
T6_B2_N23_C_s800_n5,T6_B2_N23_C,622,-130,604.1635343,-124.6608282,18.61843878
T6_B2_N23_C_s800_n6,T6_B2_N23_C,-174,43,-209.4007234,-16.73804551,69.43950821
T6_B2_N23_C_s800_n7,T6_B2_N23_C,363,647,353.2217307,661.5527979,17.53278292
T6_B2_N23_D_s1000_n0,T6_B2_N23_D,2027,1917,1622.648106,1634.219032,493.4222632
T6_B2_N23_D_s1000_n1,T6_B2_N23_D,1397,924,1233.831166,844.9469044,181.3103976
T6_B2_N23_D_s1000_n2,T6_B2_N23_D,896,-483,904.6246894,-693.6267713,210.8032781
T6_B2_N23_D_s1000_n3,T6_B2_N23_D,-111,433,-111.2353545,440.6194062,7.623040267
T6_B2_N23_D_s1000_n4,T6_B2_N23_D,579,1614,566.1883141,1054.00774,560.1387954
T6_B2_N23_D_s1000_n5,T6_B2_N23_D,-704,1825,-584.3878049,1605.554087,249.9271617
T6_B2_N23_D_s1000_n6,T6_B2_N23_D,-471,288,-248.7693924,296.2452861,222.3835149
T6_B2_N23_D_s1000_n7,T6_B2_N23_D,-760,1769,-340.6182317,1321.074102,613.6111777
T6_B2_N23_D_s1200_n0,T6_B2_N23_D,991,-104,967.2012961,-229.3178816,127.5576331
T6_B2_N23_D_s1200_n1,T6_B2_N23_D,-416,1743,-465.5480198,1671.72665,86.80378258
T6_B2_N23_D_s1200_n2,T6_B2_N23_D,-259,1043,-209.3795584,964.2487269,93.08034832
T6_B2_N23_D_s1200_n3,T6_B2_N23_D,-319,-116,-311.9693401,-167.6065126,52.08322495
T6_B2_N23_D_s1200_n4,T6_B2_N23_D,-667,-73,-320.9142311,-23.23860602,349.6448995
T6_B2_N23_D_s1200_n5,T6_B2_N23_D,426,1665,420.2041952,1403.701239,261.3630305
T6_B2_N23_D_s1200_n6,T6_B2_N23_D,-259,2,-224.3181407,22.61357461,40.34539406
T6_B2_N23_D_s1200_n7,T6_B2_N23_D,107,1316,109.0721413,1250.036019,65.99651923
T6_B2_N23_D_s400_n0,T6_B2_N23_D,17,-1173,29.07400957,-1293.001771,120.6076565
T6_B2_N23_D_s400_n1,T6_B2_N23_D,1717,1072,976.5952759,709.8517023,824.2272412
T6_B2_N23_D_s400_n2,T6_B2_N23_D,-307,-49,-74.82226884,21.80867526,242.7351794
T6_B2_N23_D_s400_n3,T6_B2_N23_D,1313,1723,388.0923512,387.7184874,1624.324745
T6_B2_N23_D_s400_n4,T6_B2_N23_D,-1143,812,-109.3971051,347.0767838,1133.352788
T6_B2_N23_D_s400_n6,T6_B2_N23_D,6,323,8.219652302,329.9033776,7.251446648
T6_B2_N23_D_s400_n7,T6_B2_N23_D,1619,234,489.7365004,222.7694207,1129.319343
T6_B2_N23_D_s600_n1,T6_B2_N23_D,-398,1406,-406.4561717,1210.26848,195.9141
T6_B2_N23_D_s600_n2,T6_B2_N23_D,1770,196,681.3334819,319.7236891,1095.674376
T6_B2_N23_D_s600_n4,T6_B2_N23_D,68,-540,111.098085,-347.6487198,197.1204198
T6_B2_N23_D_s600_n5,T6_B2_N23_D,1769,-514,1104.129299,-386.3108211,677.0211037
T6_B2_N23_D_s600_n6,T6_B2_N23_D,-1192,668,-721.620794,538.9024179,487.7732907
T6_B2_N23_D_s600_n7,T6_B2_N23_D,373,454,347.8412714,432.652059,32.9953968
T6_B2_N23_D_s800_n0,T6_B2_N23_D,662,-299,653.0342521,-377.5591227,79.06908617
T6_B2_N23_D_s800_n1,T6_B2_N23_D,211,1892,189.8649872,1521.005488,371.5960398
T6_B2_N23_D_s800_n2,T6_B2_N23_D,1331,1534,1515.087286,1848.94673,364.8007283
T6_B2_N23_D_s800_n3,T6_B2_N23_D,1886,-649,1324.072909,-553.5910264,569.9692336
T6_B2_N23_D_s800_n4,T6_B2_N23_D,455,-591,463.673533,-647.5120627,57.1738
T6_B2_N23_D_s800_n5,T6_B2_N23_D,564,-640,572.9346391,-759.4189357,119.7527035
T6_B2_N23_D_s800_n6,T6_B2_N23_D,-573,569,-531.1596106,522.639549,62.44925615
T6_B2_N23_D_s800_n7,T6_B2_N23_D,399,521,403.2329811,528.0442862,8.218278185
T6_B3_N19_A_s1000_n0,T6_B3_N19_A,-846,114,-746.9095356,-8.429652959,157.5053651
T6_B3_N19_A_s1000_n1,T6_B3_N19_A,298,2123,387.1386648,1460.310621,668.6575467
T6_B3_N19_A_s1000_n2,T6_B3_N19_A,-559,-1060,-191.8645876,-583.8603268,601.246538
T6_B3_N19_A_s1000_n3,T6_B3_N19_A,-597,1722,-776.2791959,1666.336031,187.7218887
T6_B3_N19_A_s1000_n4,T6_B3_N19_A,1308,908,1439.91197,807.5448124,165.8071546
T6_B3_N19_A_s1000_n5,T6_B3_N19_A,243,-970,358.5281815,-1106.51496,178.8381815
T6_B3_N19_A_s1000_n6,T6_B3_N19_A,-568,90,-547.9082529,-35.3660956,126.9658861
T6_B3_N19_A_s1000_n7,T6_B3_N19_A,-923,-1152,-160.2814264,-456.8938752,1031.945806
T6_B3_N19_A_s1200_n0,T6_B3_N19_A,-63,1793,-32.94117158,1638.928643,156.9761648
T6_B3_N19_A_s1200_n1,T6_B3_N19_A,-852,-190,-751.5674256,-290.1564369,141.8379846
T6_B3_N19_A_s1200_n2,T6_B3_N19_A,-146,2112,-68.32717771,1853.311982,270.0973122
T6_B3_N19_A_s1200_n3,T6_B3_N19_A,541,-486,604.682777,-553.0978563,92.5073965
T6_B3_N19_A_s1200_n4,T6_B3_N19_A,-852,1008,-826.4157724,930.0727215,82.01959177
T6_B3_N19_A_s1200_n5,T6_B3_N19_A,-228,-420,-65.41752185,-391.3283661,165.091262
T6_B3_N19_A_s1200_n6,T6_B3_N19_A,913,-936,983.6966028,-1057.989283,140.9943079
T6_B3_N19_A_s1200_n7,T6_B3_N19_A,-226,-286,-128.5400105,-314.6611878,101.5869738
T6_B3_N19_A_s400_n0,T6_B3_N19_A,7,-867,121.9725536,-604.125237,286.9178089
T6_B3_N19_A_s400_n1,T6_B3_N19_A,1947,980,1293.901638,416.8997305,862.3336851
T6_B3_N19_A_s400_n2,T6_B3_N19_A,-343,-302,-253.2837298,-302.3098897,89.7168054
T6_B3_N19_A_s400_n3,T6_B3_N19_A,842,2063,581.3184523,994.0383896,1100.28805
T6_B3_N19_A_s400_n6,T6_B3_N19_A,1487,366,962.8895475,261.7356751,534.380778
T6_B3_N19_A_s400_n7,T6_B3_N19_A,995,-1249,552.7527972,-544.0225663,832.2113736
T6_B3_N19_A_s600_n0,T6_B3_N19_A,1229,214,1043.350522,204.7828574,185.8781437
T6_B3_N19_A_s600_n1,T6_B3_N19_A,1265,1093,979.8026814,659.7235017,518.7157551
T6_B3_N19_A_s600_n2,T6_B3_N19_A,-261,605,-252.8178266,547.4406179,58.13802909
T6_B3_N19_A_s600_n3,T6_B3_N19_A,1538,1430,1070.189678,833.5678066,758.0091416
T6_B3_N19_A_s600_n4,T6_B3_N19_A,-105,324,-95.78762199,314.9866755,12.88828643
T6_B3_N19_A_s600_n5,T6_B3_N19_A,515,-157,512.3823123,-108.1225729,48.94747353
T6_B3_N19_A_s600_n6,T6_B3_N19_A,-486,-431,-371.7420239,-431.9572334,114.2619858
T6_B3_N19_A_s600_n7,T6_B3_N19_A,315,-202,335.2027202,-190.0451864,23.47482633
T6_B3_N19_A_s800_n0,T6_B3_N19_A,589,-696,641.8250415,-768.4912418,89.69651696
T6_B3_N19_A_s800_n1,T6_B3_N19_A,436,-578,496.706993,-592.3709471,62.38479879
T6_B3_N19_A_s800_n2,T6_B3_N19_A,1340,1943,1476.019668,1868.422358,155.1230953
T6_B3_N19_A_s800_n3,T6_B3_N19_A,594,586,597.6088974,567.2460986,19.0979831
T6_B3_N19_A_s800_n4,T6_B3_N19_A,-206,-1309,-69.87521505,-1691.229501,405.7454236
T6_B3_N19_A_s800_n5,T6_B3_N19_A,156,258,162.0681661,253.0014233,7.861832407
T6_B3_N19_A_s800_n6,T6_B3_N19_A,1154,1601,1051.776084,1219.769433,394.6979534
T6_B3_N19_A_s800_n7,T6_B3_N19_A,599,1277,657.0717169,1146.308157,143.012874
T6_B3_N19_B_s1000_n0,T6_B3_N19_B,1112,-160,1127.298616,-163.099294,15.60939717
T6_B3_N19_B_s1000_n1,T6_B3_N19_B,-194,-1344,-195.6923048,-1715.854093,371.8579438
T6_B3_N19_B_s1000_n2,T6_B3_N19_B,578,-320,567.418561,-312.2320673,13.12660002
T6_B3_N19_B_s1000_n3,T6_B3_N19_B,653,850,646.6052483,842.3833013,9.945197236
T6_B3_N19_B_s1000_n4,T6_B3_N19_B,99,-187,113.6709352,-147.7998402,41.85557153
T6_B3_N19_B_s1000_n5,T6_B3_N19_B,538,-413,528.615817,-401.9851642,14.47029716
T6_B3_N19_B_s1000_n6,T6_B3_N19_B,665,-400,628.6650427,-303.4292544,103.1801242
T6_B3_N19_B_s1000_n7,T6_B3_N19_B,-338,-174,-279.3118796,-84.28737349,107.2037818
T6_B3_N19_B_s1200_n0,T6_B3_N19_B,-589,635,-635.5331256,652.3515138,49.66293201
T6_B3_N19_B_s1200_n1,T6_B3_N19_B,213,-1020,155.1959992,-1308.859303,294.5861496
T6_B3_N19_B_s1200_n2,T6_B3_N19_B,1829,1523,1636.021431,1468.508896,200.5243336
T6_B3_N19_B_s1200_n3,T6_B3_N19_B,-597,-166,-501.0923591,-50.969749,149.7672669
T6_B3_N19_B_s1200_n4,T6_B3_N19_B,902,-452,870.0575357,-383.7943819,75.31485485
T6_B3_N19_B_s1200_n5,T6_B3_N19_B,-615,377,-673.4573626,400.5672114,63.02917334
T6_B3_N19_B_s1200_n6,T6_B3_N19_B,1804,1955,1604.19325,1897.842255,207.8214258
T6_B3_N19_B_s1200_n7,T6_B3_N19_B,1125,1234,1102.526421,1213.651443,30.31708336
T6_B3_N19_B_s400_n0,T6_B3_N19_B,-176,10,-156.195426,8.014590669,19.9038439
T6_B3_N19_B_s400_n1,T6_B3_N19_B,-460,-637,-339.7056047,-443.997877,227.4215492
T6_B3_N19_B_s400_n2,T6_B3_N19_B,-829,1698,10.2541879,457.3748596,1497.831209
T6_B3_N19_B_s400_n3,T6_B3_N19_B,-153,156,-147.6151785,150.6812035,7.568744891
T6_B3_N19_B_s400_n4,T6_B3_N19_B,323,-152,310.5674165,-139.8555784,17.37976148
T6_B3_N19_B_s400_n5,T6_B3_N19_B,-660,694,-578.8809595,593.8575224,128.8751898
T6_B3_N19_B_s400_n6,T6_B3_N19_B,1053,1029,779.9059278,873.3135373,314.3543334
T6_B3_N19_B_s400_n7,T6_B3_N19_B,246,305,241.7512449,304.6104841,4.266572724
T6_B3_N19_B_s600_n0,T6_B3_N19_B,-566,1346,-541.5746075,1365.083508,30.99645241
T6_B3_N19_B_s600_n1,T6_B3_N19_B,19,-269,26.44644173,-235.5933001,34.22655535
T6_B3_N19_B_s600_n2,T6_B3_N19_B,243,952,253.0523918,919.3553008,34.15738524
T6_B3_N19_B_s600_n3,T6_B3_N19_B,368,328,363.7512449,327.6104841,4.266572724
T6_B3_N19_B_s600_n4,T6_B3_N19_B,584,-40,575.7162478,-30.2027676,12.82989918
T6_B3_N19_B_s600_n5,T6_B3_N19_B,-569,-64,-558.2427782,-20.51497133,44.79582054
T6_B3_N19_B_s600_n7,T6_B3_N19_B,-942,-219,-546.8351558,13.58057179,458.5291446
T6_B3_N19_B_s800_n0,T6_B3_N19_B,618,1386,611.7207226,1401.497092,16.72092036
T6_B3_N19_B_s800_n1,T6_B3_N19_B,-705,36,-716.3516701,83.81056794,49.13970718
T6_B3_N19_B_s800_n2,T6_B3_N19_B,745,1808,764.7380667,2032.857565,225.7222093
T6_B3_N19_B_s800_n3,T6_B3_N19_B,1858,1521,1614.712258,1410.931824,267.0279553
T6_B3_N19_B_s800_n5,T6_B3_N19_B,-423,-170,-400.0986064,-100.4411075,73.23191486
T6_B3_N19_B_s800_n6,T6_B3_N19_B,1306,93,1346.607833,63.03642583,50.46594747
T6_B3_N19_B_s800_n7,T6_B3_N19_B,611,-1199,554.599122,-1192.326882,56.79427386
T6_B3_N19_C_s1000_n0,T6_B3_N19_C,1105,-301,970.6005033,-31.4691,301.1812258
T6_B3_N19_C_s1000_n1,T6_B3_N19_C,-829,83,-644.1916885,33.89449564,191.2209783
T6_B3_N19_C_s1000_n2,T6_B3_N19_C,507,-122,472.7013409,-115.2077595,34.96473293
T6_B3_N19_C_s1000_n3,T6_B3_N19_C,-169,-795,-249.985368,-1096.962973,312.6343984
T6_B3_N19_C_s1000_n4,T6_B3_N19_C,562,-995,467.137918,-1229.488949,252.9503548
T6_B3_N19_C_s1000_n5,T6_B3_N19_C,1839,1984,1580.770219,1815.997858,308.0703485
T6_B3_N19_C_s1000_n6,T6_B3_N19_C,-254,-584,-285.5313412,-796.1076672,214.4385412
T6_B3_N19_C_s1000_n7,T6_B3_N19_C,1929,728,1898.10116,625.3164971,107.2317122
T6_B3_N19_C_s1200_n0,T6_B3_N19_C,507,-1292,407.1490641,-1691.477383,411.7673964
T6_B3_N19_C_s1200_n1,T6_B3_N19_C,2102,-402,2114.131857,-499.0177826,97.77337106
T6_B3_N19_C_s1200_n2,T6_B3_N19_C,483,1212,436.8889165,1239.094132,53.48199692
T6_B3_N19_C_s1200_n3,T6_B3_N19_C,1794,615,1944.256206,534.0195495,170.6890762
T6_B3_N19_C_s1200_n4,T6_B3_N19_C,-801,-953,-796.0996672,-1193.697472,240.7473491
T6_B3_N19_C_s1200_n5,T6_B3_N19_C,-1,772,-20.77456071,768.0560678,20.16402371
T6_B3_N19_C_s1200_n6,T6_B3_N19_C,-545,1100,-322.7634436,1053.093252,227.1328467
T6_B3_N19_C_s1200_n7,T6_B3_N19_C,261,1617,201.1482242,1644.677379,65.94143142
T6_B3_N19_C_s400_n1,T6_B3_N19_C,-189,-141,-166.5606186,-129.5186529,25.20609391
T6_B3_N19_C_s400_n2,T6_B3_N19_C,1800,323,1318.329068,206.8513975,495.4769264
T6_B3_N19_C_s400_n3,T6_B3_N19_C,226,-4,192.8788251,-7.712389866,33.32857735
T6_B3_N19_C_s400_n4,T6_B3_N19_C,241,-119,201.3649684,-113.4108995,40.02716296
T6_B3_N19_C_s400_n5,T6_B3_N19_C,1282,-406,951.5728154,-284.6526306,352.0046993
T6_B3_N19_C_s400_n7,T6_B3_N19_C,817,1483,653.098869,1301.354088,244.6606179
T6_B3_N19_C_s600_n0,T6_B3_N19_C,898,1775,736.1656709,1565.746681,264.532232
T6_B3_N19_C_s600_n1,T6_B3_N19_C,-416,-124,-492.3459562,-239.3780334,138.3502642
T6_B3_N19_C_s600_n2,T6_B3_N19_C,-549,-68,-545.5371302,-145.1361344,77.21382454
T6_B3_N19_C_s600_n3,T6_B3_N19_C,744,-133,681.883079,-126.2013643,62.48786543
T6_B3_N19_C_s600_n4,T6_B3_N19_C,-139,-1420,-150.8554129,-1633.922774,214.2510302
T6_B3_N19_C_s600_n5,T6_B3_N19_C,-456,1970,-472.4352254,1875.35207,96.06428734
T6_B3_N19_C_s600_n6,T6_B3_N19_C,253,505,224.6881253,511.0861011,28.95864078
T6_B3_N19_C_s600_n7,T6_B3_N19_C,479,267,448.0199649,269.988284,31.12382394
T6_B3_N19_C_s800_n0,T6_B3_N19_C,868,696,837.4843226,709.4562398,33.3508164
T6_B3_N19_C_s800_n1,T6_B3_N19_C,373,-698,346.4660755,-768.8821968,75.68576461
T6_B3_N19_C_s800_n2,T6_B3_N19_C,17,1484,-53.41213957,1642.578272,173.5077454
T6_B3_N19_C_s800_n3,T6_B3_N19_C,1569,660,1460.1451,540.6412138,161.5422828
T6_B3_N19_C_s800_n4,T6_B3_N19_C,-90,-42,-53.37659108,-11.04217313,47.95478209
T6_B3_N19_C_s800_n5,T6_B3_N19_C,-796,-909,-831.1236313,-1210.447363,303.4867083
T6_B3_N19_C_s800_n6,T6_B3_N19_C,749,296,715.5351996,301.5600915,33.92355349
T6_B3_N19_C_s800_n7,T6_B3_N19_C,463,-708,386.083524,-928.6695152,233.690349
T6_B3_N19_D_s1000_n0,T6_B3_N19_D,-734,1230,-981.7477689,1181.396657,252.4702793
T6_B3_N19_D_s1000_n1,T6_B3_N19_D,659,-1142,680.3637651,-1120.711511,30.15974542
T6_B3_N19_D_s1000_n2,T6_B3_N19_D,-599,1206,-744.9324141,1118.496398,170.1562513
T6_B3_N19_D_s1000_n3,T6_B3_N19_D,-173,-997,33.85769427,43.40460217,1060.769457
T6_B3_N19_D_s1000_n4,T6_B3_N19_D,1486,284,1415.744886,284.1596077,70.25529579
T6_B3_N19_D_s1000_n5,T6_B3_N19_D,-103,-86,-92.13520892,-77.00475549,14.10525112
T6_B3_N19_D_s1000_n6,T6_B3_N19_D,948,1545,674.431321,880.2519591,718.8391893
T6_B3_N19_D_s1000_n7,T6_B3_N19_D,173,1384,430.6251744,794.145379,643.6607836
T6_B3_N19_D_s1200_n0,T6_B3_N19_D,1820,-310,1529.276879,-161.0792517,326.645561
T6_B3_N19_D_s1200_n1,T6_B3_N19_D,-408,911,-241.0075259,816.3226792,191.9642713
T6_B3_N19_D_s1200_n2,T6_B3_N19_D,-435,-1114,302.5118186,99.86883098,1420.352499
T6_B3_N19_D_s1200_n3,T6_B3_N19_D,1839,515,1968.308021,471.1792274,136.5314049
T6_B3_N19_D_s1200_n4,T6_B3_N19_D,-577,-751,567.8756498,514.0352985,1706.18128
T6_B3_N19_D_s1200_n5,T6_B3_N19_D,420,670,416.0720333,670.6493251,3.981274344
T6_B3_N19_D_s1200_n6,T6_B3_N19_D,757,-4,779.4017213,-10.57839335,23.34764178
T6_B3_N19_D_s1200_n7,T6_B3_N19_D,74,-1126,322.1695586,-430.0553492,738.8687886
T6_B3_N19_D_s400_n0,T6_B3_N19_D,-369,-268,-256.2585384,-240.9571515,115.939436
T6_B3_N19_D_s400_n2,T6_B3_N19_D,949,2056,623.9199206,1041.313538,1065.488467
T6_B3_N19_D_s400_n3,T6_B3_N19_D,205,-514,221.2159428,-390.6066897,124.454272
T6_B3_N19_D_s400_n4,T6_B3_N19_D,1275,-236,1112.137896,-181.3502814,171.78666
T6_B3_N19_D_s400_n5,T6_B3_N19_D,126,1842,380.7658014,161.8268893,1699.378503
T6_B3_N19_D_s400_n6,T6_B3_N19_D,134,-136,136.5796154,-74.16673579,61.88705017
T6_B3_N19_D_s400_n7,T6_B3_N19_D,726,-691,476.3648931,-196.3887009,554.0379263
T6_B3_N19_D_s600_n0,T6_B3_N19_D,-534,-376,93.144837,96.49188098,785.2128528
T6_B3_N19_D_s600_n1,T6_B3_N19_D,354,966,378.2186939,974.9171001,25.80813455
T6_B3_N19_D_s600_n2,T6_B3_N19_D,-564,115,-555.7587108,75.75791372,40.09813192
T6_B3_N19_D_s600_n3,T6_B3_N19_D,-1514,-408,-1720.104517,-440.0246274,208.57768
T6_B3_N19_D_s600_n4,T6_B3_N19_D,499,1474,228.0762883,394.4642099,1113.012659
T6_B3_N19_D_s600_n5,T6_B3_N19_D,-307,-150,-259.6031795,-171.7983397,52.16920747
T6_B3_N19_D_s600_n6,T6_B3_N19_D,1234,26,1125.583043,33.30231946,108.6625989
T6_B3_N19_D_s600_n7,T6_B3_N19_D,412,-571,428.7562262,-448.3739387,123.7655931
T6_B3_N19_D_s800_n0,T6_B3_N19_D,-757,-174,-422.3389808,-86.54637094,345.8990243
T6_B3_N19_D_s800_n1,T6_B3_N19_D,547,-81,561.3913211,-84.98703984,14.93340586
T6_B3_N19_D_s800_n3,T6_B3_N19_D,423,1779,403.0362782,254.6922483,1524.438478
T6_B3_N19_D_s800_n4,T6_B3_N19_D,301,-501,306.9678066,-414.0265698,87.1779346
T6_B3_N19_D_s800_n5,T6_B3_N19_D,1044,-951,773.8579762,-85.28202858,906.8871589
T6_B3_N19_D_s800_n6,T6_B3_N19_D,1142,128,1138.683811,105.9140942,22.33348045
T6_B3_N19_D_s800_n7,T6_B3_N19_D,-674,-13,-458.1329191,23.52008243,218.9344948
T6_B3_N21_A_s1000_n0,T6_B3_N21_A,326,-1691,627.1892189,-858.9604786,884.8755341
T6_B3_N21_A_s1000_n1,T6_B3_N21_A,1422,1209,1211.417057,1045.321557,266.7129702
T6_B3_N21_A_s1000_n2,T6_B3_N21_A,235,-152,332.715704,-9.381823773,172.8823386
T6_B3_N21_A_s1000_n3,T6_B3_N21_A,-287,-712,-130.2885622,-418.3263069,332.8704144
T6_B3_N21_A_s1000_n4,T6_B3_N21_A,-881,808,-409.5188979,870.4553033,475.5997209
T6_B3_N21_A_s1000_n5,T6_B3_N21_A,607,-1357,774.8071815,-416.8527606,955.005802
T6_B3_N21_A_s1000_n6,T6_B3_N21_A,1670,-468,1186.940139,-76.63157822,621.7041667
T6_B3_N21_A_s1000_n7,T6_B3_N21_A,810,-605,1026.584677,-642.2137974,219.7584789
T6_B3_N21_A_s1200_n0,T6_B3_N21_A,1036,-703,1043.774424,-308.5070483,394.569551
T6_B3_N21_A_s1200_n1,T6_B3_N21_A,269,768,278.6936534,782.1019578,17.11233854
T6_B3_N21_A_s1200_n2,T6_B3_N21_A,713,-512,878.4001825,-389.5098232,205.8180356
T6_B3_N21_A_s1200_n3,T6_B3_N21_A,-527,-1416,-381.3648432,-1091.33707,355.8308822
T6_B3_N21_A_s1200_n4,T6_B3_N21_A,303,-283,490.0965141,114.8940449,439.6871349
T6_B3_N21_A_s1200_n5,T6_B3_N21_A,1086,1176,1132.349946,1232.895185,73.38514558
T6_B3_N21_A_s1200_n6,T6_B3_N21_A,426,-450,587.8631749,-144.3537068,345.8602954
T6_B3_N21_A_s1200_n7,T6_B3_N21_A,1321,1176,1302.532425,1169.528203,19.56873686
T6_B3_N21_A_s400_n0,T6_B3_N21_A,556,-469,572.6597676,-396.563299,74.32781116
T6_B3_N21_A_s400_n1,T6_B3_N21_A,-196,4,-151.0927443,23.04832921,48.78012358
T6_B3_N21_A_s400_n2,T6_B3_N21_A,375,1015,400.4774482,973.1731926,48.97532219
T6_B3_N21_A_s400_n3,T6_B3_N21_A,-149,-309,-53.87520117,-163.3490346,173.9624416
T6_B3_N21_A_s400_n4,T6_B3_N21_A,86,-66,84.37822844,-74.31941609,8.47601481
T6_B3_N21_A_s400_n5,T6_B3_N21_A,686,-1473,211.512749,254.4641282,1791.443682
T6_B3_N21_A_s400_n6,T6_B3_N21_A,65,-1841,325.7253392,-576.9030663,1290.704753
T6_B3_N21_A_s400_n7,T6_B3_N21_A,-848,-1563,268.2234789,303.8800401,2175.131246
T6_B3_N21_A_s600_n0,T6_B3_N21_A,-234,123,-149.4101186,141.5118883,86.59178968
T6_B3_N21_A_s600_n1,T6_B3_N21_A,541,-678,687.0653004,-554.0551278,191.5656632
T6_B3_N21_A_s600_n2,T6_B3_N21_A,400,560,406.5016995,571.0168938,12.79234318
T6_B3_N21_A_s600_n3,T6_B3_N21_A,-166,658,-151.1246738,663.7916669,15.96304284
T6_B3_N21_A_s600_n4,T6_B3_N21_A,-360,-1988,29.39794955,-275.7888663,1755.932154
T6_B3_N21_A_s600_n5,T6_B3_N21_A,565,385,573.9596782,402.426364,19.59474406
T6_B3_N21_A_s600_n6,T6_B3_N21_A,-349,171,-309.5823894,200.5974697,49.29257797
T6_B3_N21_A_s600_n7,T6_B3_N21_A,-188,154,-114.4447925,171.1121931,75.51950545
T6_B3_N21_A_s800_n0,T6_B3_N21_A,1402,623,1099.42659,612.0707481,302.7707333
T6_B3_N21_A_s800_n1,T6_B3_N21_A,274,56,283.0578248,70.47340478,17.07406325
T6_B3_N21_A_s800_n2,T6_B3_N21_A,-1023,-286,-394.8077352,51.6374251,713.1791867
T6_B3_N21_A_s800_n3,T6_B3_N21_A,-162,-43,-135.9802004,19.10760092,67.3378353
T6_B3_N21_A_s800_n4,T6_B3_N21_A,356,-172,373.1334139,-169.4713507,17.31900514
T6_B3_N21_A_s800_n5,T6_B3_N21_A,-902,1535,-248.7593762,1195.802696,736.0557884
T6_B3_N21_A_s800_n6,T6_B3_N21_A,467,-1014,624.8631595,-353.3043531,679.2933938
T6_B3_N21_A_s800_n7,T6_B3_N21_A,288,485,297.6936534,498.4661124,16.59226028
T6_B3_N21_B_s1000_n0,T6_B3_N21_B,709,981,716.7163821,996.4001395,17.22518068
T6_B3_N21_B_s1000_n1,T6_B3_N21_B,-875,1667,-978.6482278,1815.423211,181.0315018
T6_B3_N21_B_s1000_n2,T6_B3_N21_B,-963,672,-691.5316891,765.219909,287.027865
T6_B3_N21_B_s1000_n3,T6_B3_N21_B,-518,-320,-147.9627116,-51.24416433,457.3371776
T6_B3_N21_B_s1000_n4,T6_B3_N21_B,-749,1760,-793.1512561,1853.624929,103.5130947
T6_B3_N21_B_s1000_n5,T6_B3_N21_B,-171,-336,-119.9804,-286.0363224,71.40986387
T6_B3_N21_B_s1000_n6,T6_B3_N21_B,1106,563,1154.034693,599.5807269,60.37782108
T6_B3_N21_B_s1000_n7,T6_B3_N21_B,318,903,325.6160533,919.1589849,17.86384786
T6_B3_N21_B_s1200_n0,T6_B3_N21_B,-588,1936,-524.1778899,1956.347291,66.98711817
T6_B3_N21_B_s1200_n1,T6_B3_N21_B,-66,-1009,-16.73148915,-1105.253324,108.1299616
T6_B3_N21_B_s1200_n2,T6_B3_N21_B,735,1289,739.1851815,1314.049913,25.39712376
T6_B3_N21_B_s1200_n3,T6_B3_N21_B,-243,-177,-112.8781467,-60.46904688,174.6744393
T6_B3_N21_B_s1200_n4,T6_B3_N21_B,-526,-601,-257.349954,-392.0007996,340.372609
T6_B3_N21_B_s1200_n5,T6_B3_N21_B,1447,973,1504.98919,1020.199491,74.76990109
T6_B3_N21_B_s1200_n6,T6_B3_N21_B,398,-540,446.5525287,-449.8833954,102.3638143
T6_B3_N21_B_s1200_n7,T6_B3_N21_B,1650,-1291,1467.336113,-913.4049822,419.4569028
T6_B3_N21_B_s400_n0,T6_B3_N21_B,386,-304,373.8322455,-67.88488113,236.4284323
T6_B3_N21_B_s400_n1,T6_B3_N21_B,274,-262,278.4708024,-114.5387451,147.5290133
T6_B3_N21_B_s400_n3,T6_B3_N21_B,-249,1469,-48.91499885,1018.073997,493.3236952
T6_B3_N21_B_s400_n4,T6_B3_N21_B,194,128,201.6160533,144.1589849,17.86384786
T6_B3_N21_B_s400_n5,T6_B3_N21_B,363,-302,358.014998,-135.0923537,166.9820728
T6_B3_N21_B_s400_n6,T6_B3_N21_B,280,-152,285.2599996,-91.98250149,60.24755367
T6_B3_N21_B_s400_n7,T6_B3_N21_B,-438,-920,-316.3407827,-719.4223813,234.5897403
T6_B3_N21_B_s600_n0,T6_B3_N21_B,496,188,503.6160533,204.1589849,17.86384786
T6_B3_N21_B_s600_n1,T6_B3_N21_B,1627,1551,1402.12688,1367.40789,290.299816
T6_B3_N21_B_s600_n3,T6_B3_N21_B,1865,1553,892.4133954,800.2572831,1229.856212
T6_B3_N21_B_s600_n5,T6_B3_N21_B,250,71,257.6160533,87.15898486,17.86384786
T6_B3_N21_B_s600_n6,T6_B3_N21_B,-523,1576,-382.568005,1412.741068,215.3476817
T6_B3_N21_B_s600_n7,T6_B3_N21_B,853,1427,672.2331766,1205.213658,286.1220476
T6_B3_N21_B_s800_n0,T6_B3_N21_B,580,432,587.6160533,448.1589849,17.86384786
T6_B3_N21_B_s800_n1,T6_B3_N21_B,1211,-1015,1154.693131,-834.1144965,189.4466387
T6_B3_N21_B_s800_n2,T6_B3_N21_B,-8,664,0.155534668,679.4785154,17.49563334
T6_B3_N21_B_s800_n3,T6_B3_N21_B,-407,223,-382.8790429,306.0254848,86.45838131
T6_B3_N21_B_s800_n4,T6_B3_N21_B,1517,-811,1437.801521,-653.9525515,175.8871803
T6_B3_N21_B_s800_n5,T6_B3_N21_B,1267,-988,1214.146113,-839.9774985,157.1756798
T6_B3_N21_B_s800_n6,T6_B3_N21_B,677,274,684.6160533,290.1589849,17.86384786
T6_B3_N21_B_s800_n7,T6_B3_N21_B,-578,631,-606.130506,734.7327405,107.479332
T6_B3_N21_C_s1000_n0,T6_B3_N21_C,-84,-46,-240.4976447,-172.8450103,201.447684
T6_B3_N21_C_s1000_n1,T6_B3_N21_C,1623,1309,1698.385034,1439.944191,151.0936285
T6_B3_N21_C_s1000_n2,T6_B3_N21_C,1439,-121,1290.393886,-115.6300126,148.7031063
T6_B3_N21_C_s1000_n3,T6_B3_N21_C,848,-975,696.9609302,-821.3777898,215.4358004
T6_B3_N21_C_s1000_n4,T6_B3_N21_C,687,942,671.5798893,927.0187939,21.4992174
T6_B3_N21_C_s1000_n5,T6_B3_N21_C,-722,-1016,-878.060974,-933.6482384,176.4563409
T6_B3_N21_C_s1000_n6,T6_B3_N21_C,-378,1554,-313.1714303,1395.471223,171.2720546
T6_B3_N21_C_s1000_n7,T6_B3_N21_C,170,505,172.3870895,501.8118539,3.982771931
T6_B3_N21_C_s1200_n0,T6_B3_N21_C,-71,-1070,-69.58844098,-820.8941814,249.1098178
T6_B3_N21_C_s1200_n1,T6_B3_N21_C,135,-194,91.77911309,-206.8869029,45.10118992
T6_B3_N21_C_s1200_n2,T6_B3_N21_C,505,191,507.3870895,187.8118539,3.982771931
T6_B3_N21_C_s1200_n3,T6_B3_N21_C,109,286,111.3870895,282.8118539,3.982771931
T6_B3_N21_C_s1200_n4,T6_B3_N21_C,74,902,76.4787305,884.646692,17.52944394
T6_B3_N21_C_s1200_n5,T6_B3_N21_C,-507,582,-442.0886843,541.0801986,76.73271174
T6_B3_N21_C_s1200_n6,T6_B3_N21_C,58,-472,24.05560226,-359.0317095,117.9578603
T6_B3_N21_C_s1200_n7,T6_B3_N21_C,301,663,303.3870895,659.8118539,3.982771931
T6_B3_N21_C_s400_n1,T6_B3_N21_C,910,-949,753.6209359,-731.1869195,268.1360657
T6_B3_N21_C_s400_n2,T6_B3_N21_C,120,-778,140.2285423,-697.9502255,82.5660967
T6_B3_N21_C_s400_n3,T6_B3_N21_C,-264,327,-304.6400561,300.8088977,48.34860909
T6_B3_N21_C_s400_n4,T6_B3_N21_C,757,-1113,493.1627811,-587.4404215,588.0671293
T6_B3_N21_C_s400_n5,T6_B3_N21_C,121,65,123.5229827,61.44748095,4.357273582
T6_B3_N21_C_s400_n6,T6_B3_N21_C,-453,1264,-442.801439,1154.746204,109.7287688
T6_B3_N21_C_s400_n7,T6_B3_N21_C,713,-871,529.5897713,-565.8712822,356.0096157
T6_B3_N21_C_s600_n0,T6_B3_N21_C,589,-339,541.5117697,-250.5223266,100.4162871
T6_B3_N21_C_s600_n1,T6_B3_N21_C,1695,-638,1330.672959,-471.8864872,400.4096549
T6_B3_N21_C_s600_n3,T6_B3_N21_C,-493,-900,-476.0994974,-682.9253007,217.7316055
T6_B3_N21_C_s600_n4,T6_B3_N21_C,420,50,422.5739926,46.31553615,4.494520169
T6_B3_N21_C_s600_n5,T6_B3_N21_C,-437,464,-322.2900518,409.5350138,126.9834908
T6_B3_N21_C_s600_n6,T6_B3_N21_C,614,-76,614.8020891,-136.8457986,60.85108511
T6_B3_N21_C_s600_n7,T6_B3_N21_C,60,-399,71.53120823,-236.1476822,163.2600569
T6_B3_N21_C_s800_n0,T6_B3_N21_C,82,-751,86.90134591,-550.8438836,200.2161185
T6_B3_N21_C_s800_n1,T6_B3_N21_C,451,-766,388.7676946,-493.9964896,279.0318432
T6_B3_N21_C_s800_n2,T6_B3_N21_C,264,1309,222.547611,1285.950645,47.42966734
T6_B3_N21_C_s800_n3,T6_B3_N21_C,244,-723,258.3991658,-511.4034112,212.0859552
T6_B3_N21_C_s800_n4,T6_B3_N21_C,169,1857,95.0003739,1913.242732,92.94724076
T6_B3_N21_C_s800_n6,T6_B3_N21_C,-730,-617,-1062.087929,-852.085103,406.8751631
T6_B3_N21_C_s800_n7,T6_B3_N21_C,542,426,544.3870895,422.8118539,3.982771931
T6_B3_N21_D_s1000_n0,T6_B3_N21_D,-37,657,-35.48404185,643.8535124,13.23360365
T6_B3_N21_D_s1000_n1,T6_B3_N21_D,919,1559,654.7338,1466.962101,279.8349502
T6_B3_N21_D_s1000_n2,T6_B3_N21_D,-72,44,-67.64275705,-19.52707615,63.67632975
T6_B3_N21_D_s1000_n3,T6_B3_N21_D,-878,-731,-455.8154621,-496.4921501,482.9427664
T6_B3_N21_D_s1000_n4,T6_B3_N21_D,589,136,581.8551474,133.8669961,7.456448534
T6_B3_N21_D_s1000_n5,T6_B3_N21_D,724,-36,728.7934478,-42.54424952,8.111987662
T6_B3_N21_D_s1000_n6,T6_B3_N21_D,381,325,389.3582969,321.4339615,9.087230462
T6_B3_N21_D_s1000_n7,T6_B3_N21_D,1332,2093,1012.662965,2003.439813,331.6582107
T6_B3_N21_D_s1200_n0,T6_B3_N21_D,1047,242,1055.358297,238.4339615,9.087230463
T6_B3_N21_D_s1200_n1,T6_B3_N21_D,674,-949,441.375607,-930.7211897,233.3414303
T6_B3_N21_D_s1200_n2,T6_B3_N21_D,861,177,859.2763067,173.4339615,3.960776378
T6_B3_N21_D_s1200_n3,T6_B3_N21_D,1352,-850,837.2230536,-375.7399725,699.9413392
T6_B3_N21_D_s1200_n4,T6_B3_N21_D,177,-279,169.5866044,-344.5592994,65.97711858
T6_B3_N21_D_s1200_n5,T6_B3_N21_D,-271,-743,-369.7408752,-1071.824793,343.3300229
T6_B3_N21_D_s1200_n6,T6_B3_N21_D,603,-959,368.9343809,-1240.332376,365.9707907
T6_B3_N21_D_s1200_n7,T6_B3_N21_D,868,-951,539.6795769,-789.3161156,365.9726475
T6_B3_N21_D_s400_n0,T6_B3_N21_D,699,427,379.676629,198.2532172,392.8008476
T6_B3_N21_D_s400_n1,T6_B3_N21_D,-219,151,-298.2728974,102.2976583,93.0382198
T6_B3_N21_D_s400_n2,T6_B3_N21_D,-606,1497,-406.2733379,1058.536024,481.8105417
T6_B3_N21_D_s400_n3,T6_B3_N21_D,219,-199,223.2755546,-174.8046688,24.57019367
T6_B3_N21_D_s400_n4,T6_B3_N21_D,290,-1159,148.8518396,-306.4538194,864.1514874
T6_B3_N21_D_s400_n5,T6_B3_N21_D,-465,195,-755.5973742,67.81419161,317.2113865
T6_B3_N21_D_s400_n6,T6_B3_N21_D,1030,1336,416.2670752,783.9406788,825.4923362
T6_B3_N21_D_s400_n7,T6_B3_N21_D,-375,1245,-240.4406868,1026.089672,256.9590246
T6_B3_N21_D_s600_n0,T6_B3_N21_D,246,632,231.4043687,620.3037722,18.70385515
T6_B3_N21_D_s600_n2,T6_B3_N21_D,-372,-401,-367.793643,-391.8427903,10.07709924
T6_B3_N21_D_s600_n3,T6_B3_N21_D,98,-222,113.8335581,-159.2841116,64.68372454
T6_B3_N21_D_s600_n4,T6_B3_N21_D,-514,-15,-408.7723102,-15.52820468,105.2290155
T6_B3_N21_D_s600_n5,T6_B3_N21_D,573,-342,353.5967082,80.92993988,476.4530811
T6_B3_N21_D_s600_n7,T6_B3_N21_D,-155,-123,-160.6664366,-165.588426,42.96373511
T6_B3_N21_D_s800_n1,T6_B3_N21_D,175,-55,186.0404217,-53.82279852,11.10300476
T6_B3_N21_D_s800_n2,T6_B3_N21_D,627,-111,636.3319848,-106.5750183,10.32794287
T6_B3_N21_D_s800_n3,T6_B3_N21_D,-735,1768,-627.1225484,1450.576597,335.2538761
T6_B3_N21_D_s800_n4,T6_B3_N21_D,-84,749,-76.8457473,720.4881185,29.39576023
T6_B3_N21_D_s800_n5,T6_B3_N21_D,585,1415,437.1109901,1737.471702,354.7663426
T6_B3_N21_D_s800_n6,T6_B3_N21_D,-740,346,-588.8235386,322.4680454,152.9969783
T6_B3_N21_D_s800_n7,T6_B3_N21_D,-255,689,-104.0101002,596.3462632,177.1515306
